Project Name,Transacted Price ($),Area (SQFT),Unit Price ($ PSF),Sale Date,Street Name,Type of Sale,Type of Area,Area (SQM),Unit Price ($ PSM),Nett Price($),Property Type,Number of Units,Tenure,Postal District,Market Segment,Floor Level
HUNDRED TREES,"2,280,000","1,474.67","1,546",May-21,WEST COAST DRIVE,Resale,Strata,137,"16,642",-,Condominium,1,956 yrs lease commencing from 1928,05,Outside Central Region,06 to 10
CITYLIGHTS,"1,200,000",721.19,"1,664",May-21,JELLICOE ROAD,Resale,Strata,67,"17,910",-,Condominium,1,99 yrs lease commencing from 2004,08,Rest of Central Region,31 to 35
TRE RESIDENCES,"685,000",419.8,"1,632",May-21,GEYLANG EAST AVENUE 1,Resale,Strata,39,"17,564",-,Condominium,1,99 yrs lease commencing from 2014,14,Rest of Central Region,01 to 05
PARC RIVIERA,"870,000",602.78,"1,443",May-21,WEST COAST VALE,Resale,Strata,56,"15,536",-,Condominium,1,99 yrs lease commencing from 2015,05,Outside Central Region,31 to 35
THOMSON GRAND,"1,610,000","1,044.11","1,542",May-21,SIN MING WALK,Resale,Strata,97,"16,598",-,Condominium,1,99 yrs lease commencing from 2010,20,Rest of Central Region,16 to 20
IMPERIAL HEIGHTS,"620,000",452.09,"1,371",May-21,IPOH LANE,Resale,Strata,42,"14,762",-,Apartment,1,Freehold,15,Rest of Central Region,06 to 10
SIMS URBAN OASIS,"760,000",462.85,"1,642",May-21,SIMS DRIVE,Resale,Strata,43,"17,674",-,Condominium,1,99 yrs lease commencing from 2014,14,Rest of Central Region,06 to 10
VIZ AT HOLLAND,"938,000",495.14,"1,894",May-21,QUEENSWAY,Resale,Strata,46,"20,391",-,Condominium,1,Freehold,10,Core Central Region,06 to 10
HILLVIEW HEIGHTS,"1,260,000",958,"1,315",May-21,HILLVIEW AVENUE,Resale,Strata,89,"14,157",-,Condominium,1,Freehold,23,Outside Central Region,06 to 10
BARTLEY RIDGE,"1,325,000",968.76,"1,368",May-21,MOUNT VERNON ROAD,Resale,Strata,90,"14,722",-,Condominium,1,99 yrs lease commencing from 2012,13,Rest of Central Region,01 to 05
PALM ISLES,"562,000",516.67,"1,088",May-21,FLORA DRIVE,Resale,Strata,48,"11,708",-,Condominium,1,99 yrs lease commencing from 2011,17,Outside Central Region,06 to 10
SUMMERHILL,"2,400,000","1,603.84","1,496",May-21,HUME AVENUE,Resale,Strata,149,"16,107",-,Condominium,1,Freehold,21,Outside Central Region,06 to 10
TRIBECA,"1,175,000",516.67,"2,274",May-21,KIM SENG ROAD,Resale,Strata,48,"24,479",-,Condominium,1,Freehold,09,Core Central Region,16 to 20
REGENTVILLE,"1,210,000","1,743.77",694,May-21,HOUGANG STREET 92,Resale,Strata,162,"7,469",-,Apartment,1,99 yrs lease commencing from 1996,19,Outside Central Region,11 to 15
VA RESIDENCES,"720,000",505.91,"1,423",May-21,BOON TECK ROAD,Resale,Strata,47,"15,319",-,Apartment,1,Freehold,12,Rest of Central Region,06 to 10
CHANGI RISE CONDOMINIUM,"1,250,000","1,657.66",754,May-21,SIMEI RISE,Resale,Strata,154,"8,117",-,Condominium,1,99 yrs lease commencing from 2000,18,Outside Central Region,01 to 05
GOODLINK PARK,"1,300,000","2,077.45",626,May-21,SEMBAWANG ROAD,Resale,Strata,193,"6,736",-,Apartment,1,Freehold,27,Outside Central Region,01 to 05
PATERSON SUITES,"4,250,000","1,776.06","2,393",May-21,PATERSON ROAD,Resale,Strata,165,"25,758",-,Condominium,1,Freehold,09,Core Central Region,16 to 20
VENTANA,"1,330,000","1,130.22","1,177",May-21,PASIR PANJANG HILL,Resale,Strata,105,"12,667",-,Apartment,1,Freehold,05,Rest of Central Region,01 to 05
H2O RESIDENCES,"848,000",796.54,"1,065",May-21,FERNVALE LINK,Resale,Strata,74,"11,459",-,Condominium,1,99 yrs lease commencing from 2010,28,Outside Central Region,06 to 10
PATERSON SUITES,"5,350,000","2,163.56","2,473",May-21,PATERSON ROAD,Resale,Strata,201,"26,617",-,Condominium,1,Freehold,09,Core Central Region,11 to 15
MARTIN PLACE RESIDENCES,"1,280,000",592.02,"2,162",May-21,MARTIN PLACE,Resale,Strata,55,"23,273",-,Condominium,1,Freehold,09,Core Central Region,06 to 10
THE TRILINQ,"868,000",538.2,"1,613",May-21,JALAN LEMPENG,Resale,Strata,50,"17,360",-,Condominium,1,99 yrs lease commencing from 2012,05,Outside Central Region,26 to 30
THE SEAWIND,"1,560,000",914.94,"1,705",May-21,LORONG M TELOK KURAU,Resale,Strata,85,"18,353",-,Condominium,1,Freehold,15,Outside Central Region,01 to 05
CARDIFF RESIDENCE,"750,000",559.73,"1,340",May-21,CARDIFF GROVE,Resale,Strata,52,"14,423",-,Condominium,1,99 yrs lease commencing from 2011,19,Outside Central Region,01 to 05
RIS GRANDEUR,"1,600,000","1,539.25","1,039",May-21,ELIAS ROAD,Resale,Strata,143,"11,189",-,Condominium,1,Freehold,18,Outside Central Region,16 to 20
THE MAYFAIR,"850,000","1,205.57",705,May-21,JURONG EAST STREET 32,Resale,Strata,112,"7,589",-,Condominium,1,99 yrs lease commencing from 1996,22,Outside Central Region,16 to 20
THE MINTON,"1,300,000","1,108.69","1,173",May-21,HOUGANG STREET 11,Resale,Strata,103,"12,621",-,Condominium,1,99 yrs lease commencing from 2007,19,Outside Central Region,11 to 15
ECO,"800,000",581.26,"1,376",May-21,BEDOK SOUTH AVENUE 3,Resale,Strata,54,"14,815",-,Condominium,1,99 yrs lease commencing from 2012,16,Outside Central Region,06 to 10
COMMONWEALTH TOWERS,"855,000",441.32,"1,937",May-21,COMMONWEALTH AVENUE,Resale,Strata,41,"20,854",-,Condominium,1,99 yrs lease commencing from 2013,03,Rest of Central Region,11 to 15
HERITAGE VIEW,"1,145,000",968.76,"1,182",May-21,DOVER RISE,Resale,Strata,90,"12,722",-,Condominium,1,99 yrs lease commencing from 1996,05,Rest of Central Region,01 to 05
RIVERSOUND RESIDENCE,"1,110,000","1,065.64","1,042",May-21,SENGKANG EAST AVENUE,Resale,Strata,99,"11,212",-,Condominium,1,99 yrs lease commencing from 2011,19,Outside Central Region,11 to 15
LAKE GRANDE,"1,480,000",925.7,"1,599",May-21,JURONG LAKE LINK,Resale,Strata,86,"17,209",-,Condominium,1,99 yrs lease commencing from 2015,22,Outside Central Region,11 to 15
ROBERTSON EDGE,"818,000",430.56,"1,900",May-21,TONG WATT ROAD,Resale,Strata,40,"20,450",-,Apartment,1,999 yrs lease commencing from 1841,09,Core Central Region,01 to 05
SKIES MILTONIA,"798,000",742.72,"1,074",May-21,MILTONIA CLOSE,Resale,Strata,69,"11,565",-,Condominium,1,99 yrs lease commencing from 2012,27,Outside Central Region,06 to 10
BOATHOUSE RESIDENCES,"890,000",839.59,"1,060",May-21,UPPER SERANGOON VIEW,Resale,Strata,78,"11,410",-,Condominium,1,99 yrs lease commencing from 2011,19,Outside Central Region,01 to 05
THE ESTUARY,"1,500,000","1,528.49",981,May-21,YISHUN AVENUE 1,Resale,Strata,142,"10,563",-,Condominium,1,99 yrs lease commencing from 2008,27,Outside Central Region,01 to 05
SEAHILL,"733,000",505.91,"1,449",May-21,WEST COAST CRESCENT,Resale,Strata,47,"15,596",-,Condominium,1,99 yrs lease commencing from 2011,05,Outside Central Region,06 to 10
THE INTERLACE,"3,150,000","2,271.2","1,387",May-21,DEPOT ROAD,Resale,Strata,211,"14,929",-,Condominium,1,99 yrs lease commencing from 2009,04,Rest of Central Region,11 to 15
PALM GROVE CONDOMINIUM,"1,900,000","1,700.71","1,117",May-21,PALM GROVE AVENUE,Resale,Strata,158,"12,025",-,Condominium,1,999 yrs lease commencing from 1878,19,Outside Central Region,01 to 05
TERRASSE,"1,435,000","1,227.1","1,169",May-21,TERRASSE LANE,Resale,Strata,114,"12,588",-,Condominium,1,99 yrs lease commencing from 2010,19,Outside Central Region,01 to 05
THE WISTERIA,"850,000",710.42,"1,196",May-21,YISHUN RING ROAD,Resale,Strata,66,"12,879",-,Apartment,1,99 yrs lease commencing from 2015,27,Outside Central Region,11 to 15
PARC OLYMPIA,"1,319,000","1,453.14",908,May-21,FLORA DRIVE,Resale,Strata,135,"9,770",-,Condominium,1,99 yrs lease commencing from 2012,17,Outside Central Region,01 to 05
LAKEVILLE,"1,450,000",990.29,"1,464",May-21,JURONG LAKE LINK,Resale,Strata,92,"15,761",-,Condominium,1,99 yrs lease commencing from 2013,22,Outside Central Region,16 to 20
REFLECTIONS AT KEPPEL BAY,"2,100,000","1,033.34","2,032",May-21,KEPPEL BAY VIEW,Resale,Strata,96,"21,875",-,Condominium,1,99 yrs lease commencing from 2006,04,Rest of Central Region,11 to 15
SEAHILL,"1,360,000","1,087.16","1,251",May-21,WEST COAST CRESCENT,Resale,Strata,101,"13,465",-,Condominium,1,99 yrs lease commencing from 2011,05,Outside Central Region,06 to 10
BALMORAL 8,"3,530,000","1,905.23","1,853",May-21,BALMORAL ROAD,Resale,Strata,177,"19,944",-,Condominium,1,Freehold,10,Core Central Region,01 to 05
THE VISION,"1,658,000","1,313.21","1,263",May-21,WEST COAST CRESCENT,Resale,Strata,122,"13,590",-,Condominium,1,99 yrs lease commencing from 2008,05,Outside Central Region,06 to 10
THE NAUTICAL,"790,000",764.24,"1,034",May-21,JALAN SENDUDOK,Resale,Strata,71,"11,127",-,Condominium,1,99 yrs lease commencing from 2011,27,Outside Central Region,01 to 05
D'LEEDON,"1,268,000",775.01,"1,636",May-21,LEEDON HEIGHTS,Resale,Strata,72,"17,611",-,Condominium,1,99 yrs lease commencing from 2010,10,Core Central Region,11 to 15
CHELSEA GROVE,"1,200,000",990.29,"1,212",May-21,MARTABAN ROAD,Resale,Strata,92,"13,043",-,Apartment,1,Freehold,12,Rest of Central Region,06 to 10
WATERFRONT ISLE,"775,000",592.02,"1,309",May-21,BEDOK RESERVOIR ROAD,Resale,Strata,55,"14,091",-,Condominium,1,99 yrs lease commencing from 2009,16,Outside Central Region,11 to 15
THE ARTE,"2,200,000","1,625.36","1,354",May-21,JALAN RAJA UDANG,Resale,Strata,151,"14,570",-,Condominium,1,Freehold,12,Rest of Central Region,16 to 20
ST REGIS RESIDENCES SINGAPORE,"4,900,000","2,142.04","2,288",May-21,TANGLIN ROAD,Resale,Strata,199,"24,623",-,Apartment,1,999 yrs lease commencing from 1995,10,Core Central Region,11 to 15
ICON,"1,540,000",914.94,"1,683",May-21,GOPENG STREET,Resale,Strata,85,"18,118",-,Apartment,1,99 yrs lease commencing from 2002,02,Core Central Region,21 to 25
111 EMERALD HILL,"4,350,000","1,969.81","2,208",May-21,EMERALD HILL ROAD,Resale,Strata,183,"23,770",-,Apartment,1,Freehold,09,Core Central Region,06 to 10
D'ZIRE,"600,000",462.85,"1,296",May-21,ROBEY CRESCENT,Resale,Strata,43,"13,953",-,Apartment,1,999 yrs lease commencing from 1875,19,Outside Central Region,01 to 05
LANGSTON VILLE,"1,628,000",936.47,"1,738",May-21,KIM YAM ROAD,Resale,Strata,87,"18,713",-,Apartment,1,999 yrs lease commencing from 1841,09,Core Central Region,06 to 10
HELIOS RESIDENCES,"4,500,000","2,002.1","2,248",May-21,CAIRNHILL CIRCLE,Resale,Strata,186,"24,194",-,Apartment,1,Freehold,09,Core Central Region,16 to 20
D'LEEDON,"3,830,000","2,217.38","1,727",May-21,LEEDON HEIGHTS,Resale,Strata,206,"18,592",-,Condominium,1,99 yrs lease commencing from 2010,10,Core Central Region,16 to 20
POLLEN & BLEU,"5,100,000","2,830.93","1,802",May-21,FARRER DRIVE,Resale,Strata,263,"19,392",-,Condominium,1,99 yrs lease commencing from 2012,10,Core Central Region,06 to 10
GILSTEAD TWO,"1,528,000",775.01,"1,972",May-21,GILSTEAD ROAD,Resale,Strata,72,"21,222",-,Apartment,1,Freehold,11,Core Central Region,11 to 15
8@WOODLEIGH,"1,188,000",839.59,"1,415",May-21,WOODLEIGH CLOSE,Resale,Strata,78,"15,231",-,Condominium,1,99 yrs lease commencing from 2008,13,Rest of Central Region,11 to 15
THE SANTORINI,"590,000",527.44,"1,119",May-21,TAMPINES STREET 86,Resale,Strata,49,"12,041",-,Condominium,1,99 yrs lease commencing from 2013,18,Outside Central Region,01 to 05
NATURA@HILLVIEW,"955,000",721.19,"1,324",May-21,HILLVIEW TERRACE,Resale,Strata,67,"14,254",-,Apartment,1,Freehold,23,Outside Central Region,01 to 05
EUHABITAT,"715,000",592.02,"1,208",May-21,JALAN EUNOS,Resale,Strata,55,"13,000",-,Condominium,1,99 yrs lease commencing from 2010,14,Outside Central Region,01 to 05
CUSCADEN RESIDENCES,"4,950,000","2,077.45","2,383",May-21,CUSCADEN ROAD,Resale,Strata,193,"25,648",-,Condominium,1,Freehold,10,Core Central Region,16 to 20
COCO PALMS,"1,355,000","1,097.93","1,234",May-21,PASIR RIS GROVE,Resale,Strata,102,"13,284",-,Condominium,1,99 yrs lease commencing from 2008,18,Outside Central Region,06 to 10
ST THOMAS SUITES,"3,920,000","1,819.12","2,155",May-21,ST. THOMAS WALK,Resale,Strata,169,"23,195",-,Condominium,1,Freehold,09,Core Central Region,11 to 15
BREEZE BY THE EAST,"2,400,000","2,045.16","1,174",May-21,UPPER EAST COAST ROAD,Resale,Strata,190,"12,632",-,Condominium,1,Freehold,16,Outside Central Region,01 to 05
PARC OASIS,"1,180,000","1,227.1",962,May-21,JURONG EAST AVENUE 1,Resale,Strata,114,"10,351",-,Condominium,1,99 yrs lease commencing from 1991,22,Outside Central Region,16 to 20
THE LAKEFRONT RESIDENCES,"1,780,000","1,410.08","1,262",May-21,LAKESIDE DRIVE,Resale,Strata,131,"13,588",-,Condominium,1,99 yrs lease commencing from 2010,22,Outside Central Region,01 to 05
COSTA RHU,"1,290,000","1,011.82","1,275",May-21,RHU CROSS,Resale,Strata,94,"13,723",-,Condominium,1,99 yrs lease commencing from 1994,15,Rest of Central Region,01 to 05
NORTHWOOD,"2,000,000","2,228.15",898,May-21,JALAN MATA AYER,Resale,Strata,207,"9,662",-,Condominium,1,Freehold,27,Outside Central Region,01 to 05
SHELFORD REGENCY,"1,848,000","1,151.75","1,605",May-21,SHELFORD ROAD,Resale,Strata,107,"17,271",-,Condominium,1,Freehold,11,Core Central Region,01 to 05
THE WHARF RESIDENCE,"3,118,800","1,442.38","2,162",May-21,TONG WATT ROAD,Resale,Strata,134,"23,275",-,Condominium,1,999 yrs lease commencing from 1841,09,Core Central Region,06 to 10
WATERTOWN,"765,000",581.26,"1,316",May-21,PUNGGOL CENTRAL,Resale,Strata,54,"14,167",-,Apartment,1,99 yrs lease commencing from 2011,19,Outside Central Region,06 to 10
WILKIE 87,"1,880,000","1,227.1","1,532",May-21,WILKIE ROAD,Resale,Strata,114,"16,491",-,Apartment,1,Freehold,09,Core Central Region,01 to 05
THE PEARL @ MOUNT FABER,"1,788,000","1,388.56","1,288",May-21,MOUNT FABER ROAD,Resale,Strata,129,"13,860",-,Condominium,1,99 yrs lease commencing from 2002,04,Rest of Central Region,06 to 10
PARC CENTROS,"940,000",764.24,"1,230",May-21,PUNGGOL CENTRAL,Resale,Strata,71,"13,239",-,Condominium,1,99 yrs lease commencing from 2012,19,Outside Central Region,11 to 15
PARC ROSEWOOD,"520,000",430.56,"1,208",May-21,ROSEWOOD DRIVE,Resale,Strata,40,"13,000",-,Condominium,1,99 yrs lease commencing from 2011,25,Outside Central Region,01 to 05
PRINCIPAL GARDEN,"3,988,888","2,002.1","1,992",May-21,PRINCE CHARLES CRESCENT,Resale,Strata,186,"21,446",-,Condominium,1,99 yrs lease commencing from 2014,03,Rest of Central Region,21 to 25
ESTELLA GARDENS,"1,160,000","1,291.68",898,May-21,FLORA ROAD,Resale,Strata,120,"9,667",-,Condominium,1,Freehold,17,Outside Central Region,01 to 05
THE BEACON EDGE,"1,600,000",968.76,"1,652",May-21,TEMBELING ROAD,Resale,Strata,90,"17,778",-,Apartment,1,Freehold,15,Rest of Central Region,01 to 05
BLISS@KOVAN,"1,268,000",839.59,"1,510",May-21,SIMON LANE,Resale,Strata,78,"16,256",-,Condominium,1,Freehold,19,Outside Central Region,01 to 05
SKIES MILTONIA,"595,000",484.38,"1,228",May-21,MILTONIA CLOSE,Resale,Strata,45,"13,222",-,Condominium,1,99 yrs lease commencing from 2012,27,Outside Central Region,11 to 15
PALM ISLES,"780,000",807.3,966,May-21,FLORA DRIVE,Resale,Strata,75,"10,400",-,Condominium,1,99 yrs lease commencing from 2011,17,Outside Central Region,01 to 05
OCEAN PARK,"3,130,000","2,109.74","1,484",May-21,EAST COAST ROAD,Resale,Strata,196,"15,969",-,Condominium,1,Freehold,15,Outside Central Region,01 to 05
THE QUARTZ,"1,220,000","1,151.75","1,059",May-21,COMPASSVALE BOW,Resale,Strata,107,"11,402",-,Condominium,1,99 yrs lease commencing from 2005,19,Outside Central Region,01 to 05
JEWEL @ BUANGKOK,"687,000",484.38,"1,418",May-21,COMPASSVALE BOW,Resale,Strata,45,"15,267",-,Condominium,1,99 yrs lease commencing from 2012,19,Outside Central Region,06 to 10
THE MINTON,"1,020,000",979.52,"1,041",May-21,HOUGANG STREET 11,Resale,Strata,91,"11,209",-,Condominium,1,99 yrs lease commencing from 2007,19,Outside Central Region,01 to 05
RIVERSAILS,"1,000,000",947.23,"1,056",May-21,UPPER SERANGOON CRESCENT,Resale,Strata,88,"11,364",-,Condominium,1,99 yrs lease commencing from 2011,19,Outside Central Region,06 to 10
EUHABITAT,"768,000",613.55,"1,252",May-21,JALAN EUNOS,Resale,Strata,57,"13,474",-,Condominium,1,99 yrs lease commencing from 2010,14,Outside Central Region,01 to 05
HIGH PARK RESIDENCES,"780,000",581.26,"1,342",May-21,FERNVALE ROAD,Resale,Strata,54,"14,444",-,Apartment,1,99 yrs lease commencing from 2014,28,Outside Central Region,11 to 15
ONE-NORTH RESIDENCES,"1,450,000",979.52,"1,480",May-21,ONE-NORTH GATEWAY,Resale,Strata,91,"15,934",-,Apartment,1,99 yrs lease commencing from 2005,05,Rest of Central Region,06 to 10
SERENITY BREEZE,"1,300,000","1,334.74",974,May-21,LORONG J TELOK KURAU,Resale,Strata,124,"10,484",-,Apartment,1,Freehold,15,Outside Central Region,01 to 05
HAZEL PARK CONDOMINIUM,"1,872,000","1,517.72","1,233",May-21,HAZEL PARK TERRACE,Resale,Strata,141,"13,277",-,Condominium,1,999 yrs lease commencing from 1882,23,Outside Central Region,06 to 10
BARTLEY RESIDENCES,"1,200,000",807.3,"1,486",May-21,LORONG HOW SUN,Resale,Strata,75,"16,000",-,Apartment,1,99 yrs lease commencing from 2011,19,Outside Central Region,11 to 15
AMBER RESIDENCES,"2,200,000","1,248.62","1,762",May-21,AMBER ROAD,Resale,Strata,116,"18,966",-,Condominium,1,Freehold,15,Rest of Central Region,11 to 15
THE BAYSHORE,"1,650,000","1,431.61","1,153",May-21,BAYSHORE ROAD,Resale,Strata,133,"12,406",-,Condominium,1,99 yrs lease commencing from 1993,16,Outside Central Region,21 to 25
SKY VUE,"1,180,000",678.13,"1,740",May-21,BISHAN STREET 15,Resale,Strata,63,"18,730",-,Condominium,1,99 yrs lease commencing from 2013,20,Rest of Central Region,11 to 15
ASPEN HEIGHTS,"2,450,000","1,323.97","1,850",May-21,RIVER VALLEY ROAD,Resale,Strata,123,"19,919",-,Condominium,1,999 yrs lease commencing from 1841,09,Core Central Region,01 to 05
MARINA ONE RESIDENCES,"3,460,537","1,593.07","2,172",May-21,MARINA WAY,Resale,Strata,148,"23,382",-,Apartment,1,99 yrs lease commencing from 2011,01,Core Central Region,06 to 10
THE COAST AT SENTOSA COVE,"3,100,000","1,915.99","1,618",May-21,OCEAN DRIVE,Resale,Strata,178,"17,416",-,Condominium,1,99 yrs lease commencing from 2006,04,Core Central Region,06 to 10
KAP RESIDENCES,"1,265,000",688.9,"1,836",May-21,KING ALBERT PARK,Resale,Strata,64,"19,766",-,Apartment,1,Freehold,21,Rest of Central Region,01 to 05
LA FIESTA,"1,610,000","1,345.5","1,197",May-21,SENGKANG SQUARE,Resale,Strata,125,"12,880",-,Condominium,1,99 yrs lease commencing from 2012,19,Outside Central Region,11 to 15
THE MIDAS,"1,100,000","1,097.93","1,002",May-21,LORONG 30 GEYLANG,Resale,Strata,102,"10,784",-,Apartment,1,Freehold,14,Rest of Central Region,01 to 05
THE ARC AT DRAYCOTT,"2,398,888","1,130.22","2,122",May-21,DRAYCOTT DRIVE,Resale,Strata,105,"22,847",-,Apartment,1,Freehold,10,Core Central Region,06 to 10
GARDENVISTA,"1,650,000","1,130.22","1,460",May-21,DUNEARN ROAD,Resale,Strata,105,"15,714",-,Condominium,1,99 yrs lease commencing from 1999,21,Rest of Central Region,01 to 05
RIVERSIDE 48,"1,550,000",828.83,"1,870",May-21,ROBERTSON QUAY,Resale,Strata,77,"20,130",-,Apartment,1,Freehold,09,Core Central Region,01 to 05
CAIRNHILL CREST,"2,475,000","1,205.57","2,053",May-21,CAIRNHILL CIRCLE,Resale,Strata,112,"22,098",-,Condominium,1,Freehold,09,Core Central Region,06 to 10
CASAFINA,"1,110,000","1,205.57",921,May-21,BEDOK SOUTH AVENUE 1,Resale,Strata,112,"9,911",-,Condominium,1,99 yrs lease commencing from 1996,16,Outside Central Region,01 to 05
PARC OLYMPIA,"1,070,000","1,162.51",920,May-21,FLORA DRIVE,Resale,Strata,108,"9,907",-,Condominium,1,99 yrs lease commencing from 2012,17,Outside Central Region,01 to 05
ST FRANCIS LODGE,"1,395,000","1,216.33","1,147",May-21,ST. FRANCIS ROAD,Resale,Strata,113,"12,345",-,Apartment,1,Freehold,12,Rest of Central Region,01 to 05
THE TRUMPS,"1,230,000","1,044.11","1,178",May-21,JALAN KEMBANGAN,Resale,Strata,97,"12,680",-,Condominium,1,99 yrs lease commencing from 2000,14,Outside Central Region,01 to 05
AURA 83,"818,000",505.91,"1,617",May-21,DUKU ROAD,Resale,Strata,47,"17,404",-,Apartment,1,Freehold,15,Rest of Central Region,01 to 05
THE POIZ RESIDENCES,"1,360,000",775.01,"1,755",May-21,MEYAPPA CHETTIAR ROAD,Resale,Strata,72,"18,889",-,Apartment,1,99 yrs lease commencing from 2014,13,Rest of Central Region,01 to 05
THE SANTORINI,"1,560,000","1,367.03","1,141",May-21,TAMPINES STREET 86,Resale,Strata,127,"12,283",-,Condominium,1,99 yrs lease commencing from 2013,18,Outside Central Region,06 to 10
MELVILLE PARK,"679,000",958,709,May-21,SIMEI STREET 1,Resale,Strata,89,"7,629",-,Condominium,1,99 yrs lease commencing from 1992,18,Outside Central Region,01 to 05
THE METROPOLITAN CONDOMINIUM,"2,150,000","1,356.26","1,585",May-21,ALEXANDRA VIEW,Resale,Strata,126,"17,063",-,Condominium,1,99 yrs lease commencing from 2006,03,Rest of Central Region,06 to 10
MERAWOODS,"1,500,000","1,345.5","1,115",May-21,HILLVIEW AVENUE,Resale,Strata,125,"12,000",-,Condominium,1,999 yrs lease commencing from 1885,23,Outside Central Region,01 to 05
CASUARINA COVE,"1,530,000","1,216.33","1,258",May-21,TANJONG RHU ROAD,Resale,Strata,113,"13,540",-,Condominium,1,99 yrs lease commencing from 1993,15,Rest of Central Region,01 to 05
RESIDENTIAL APARTMENTS,"3,000,000","1,319.67","2,273",May-21,LORONG 6 GEYLANG,Resale,Land,122.6,"24,470",-,Apartment,2,Freehold,14,Rest of Central Region,01 to 05
THE COAST AT SENTOSA COVE,"3,325,000","2,023.63","1,643",May-21,OCEAN DRIVE,Resale,Strata,188,"17,686",-,Condominium,1,99 yrs lease commencing from 2006,04,Core Central Region,06 to 10
EASTPOINT GREEN,"955,000","1,130.22",845,May-21,SIMEI STREET 3,Resale,Strata,105,"9,095",-,Condominium,1,99 yrs lease commencing from 1996,18,Outside Central Region,06 to 10
THE MAYFAIR,"1,100,000","1,173.28",938,May-21,JURONG EAST STREET 32,Resale,Strata,109,"10,092",-,Condominium,1,99 yrs lease commencing from 1996,22,Outside Central Region,11 to 15
ONE SHENTON,"1,450,000","1,001.05","1,448",May-21,SHENTON WAY,Resale,Strata,93,"15,591",-,Apartment,1,99 yrs lease commencing from 2005,01,Core Central Region,21 to 25
PEACE MANSION,"1,740,000","2,604.89",668,May-21,SOPHIA ROAD,Resale,Strata,242,"7,190",-,Apartment,1,99 yrs lease commencing from 1970,09,Core Central Region,26 to 30
GRANDEUR 8,"1,150,000","1,119.46","1,027",May-21,ANG MO KIO CENTRAL 3,Resale,Strata,104,"11,058",-,Condominium,1,99 yrs lease commencing from 2002,20,Outside Central Region,06 to 10
CHANGI RISE CONDOMINIUM,"2,190,000","3,153.85",694,May-21,SIMEI RISE,Resale,Strata,293,"7,474",-,Condominium,1,99 yrs lease commencing from 2000,18,Outside Central Region,06 to 10
HILLTOP GROVE,"1,132,800","1,302.44",870,May-21,HILLVIEW AVENUE,Resale,Strata,121,"9,362",-,Condominium,1,99 yrs lease commencing from 1996,23,Outside Central Region,01 to 05
SANCTUARY GREEN,"1,118,000",775.01,"1,443",May-21,TANJONG RHU ROAD,Resale,Strata,72,"15,528",-,Condominium,1,99 yrs lease commencing from 1997,15,Rest of Central Region,01 to 05
THE LIGHT @ CAIRNHILL,"3,500,000","1,689.95","2,071",May-21,CAIRNHILL CIRCLE,Resale,Strata,157,"22,293",-,Condominium,1,Freehold,09,Core Central Region,01 to 05
LEGENDA AT JOO CHIAT,"1,180,000","1,033.34","1,142",May-21,JOO CHIAT LANE,Resale,Strata,96,"12,292",-,Condominium,1,99 yrs lease commencing from 2001,15,Rest of Central Region,01 to 05
THE CAPE,"1,525,000",850.36,"1,793",May-21,AMBER ROAD,Resale,Strata,79,"19,304",-,Apartment,1,Freehold,15,Rest of Central Region,06 to 10
D'ECOSIA,"1,950,000","1,754.53","1,111",May-21,STILL ROAD SOUTH,Resale,Strata,163,"11,963",-,Condominium,1,Freehold,15,Outside Central Region,01 to 05
YISHUN EMERALD,"1,048,000","1,431.61",732,May-21,CANBERRA DRIVE,Resale,Strata,133,"7,880",-,Condominium,1,99 yrs lease commencing from 1998,27,Outside Central Region,16 to 20
THE MAYFAIR,"1,143,000","1,173.28",974,May-21,JURONG EAST STREET 32,Resale,Strata,109,"10,486",-,Condominium,1,99 yrs lease commencing from 1996,22,Outside Central Region,11 to 15
THE ANCHORAGE,"2,350,000","1,646.89","1,427",May-21,ALEXANDRA ROAD,Resale,Strata,153,"15,359",-,Condominium,1,Freehold,03,Rest of Central Region,01 to 05
BOTANIKA,"4,900,000","2,604.89","1,881",May-21,HOLLAND ROAD,Resale,Strata,242,"20,248",-,Apartment,1,Freehold,10,Core Central Region,01 to 05
EMERALD PARK,"1,160,000",925.7,"1,253",May-21,INDUS ROAD,Resale,Strata,86,"13,488",-,Condominium,1,99 yrs lease commencing from 1991,03,Rest of Central Region,01 to 05
KOVAN RESIDENCES,"2,200,000","1,776.06","1,239",May-21,KOVAN ROAD,Resale,Strata,165,"13,333",-,Condominium,1,99 yrs lease commencing from 2007,19,Outside Central Region,01 to 05
WATERFRONT ISLE,"1,450,000","1,216.33","1,192",May-21,BEDOK RESERVOIR ROAD,Resale,Strata,113,"12,832",-,Condominium,1,99 yrs lease commencing from 2009,16,Outside Central Region,01 to 05
RITZ REGENCY,"1,700,000","1,194.8","1,423",May-21,IPOH LANE,Resale,Strata,111,"15,315",-,Apartment,1,Freehold,15,Rest of Central Region,11 to 15
ECHELON,"1,420,000",731.95,"1,940",May-21,ALEXANDRA VIEW,Resale,Strata,68,"20,882",-,Condominium,1,99 yrs lease commencing from 2012,03,Rest of Central Region,26 to 30
MIDTOWN RESIDENCES,"908,000",656.6,"1,383",May-21,UPPER SERANGOON ROAD,Resale,Strata,61,"14,885",-,Apartment,1,99 yrs lease commencing from 2013,19,Outside Central Region,06 to 10
VILLA DES FLORES,"2,600,000","1,915.99","1,357",May-21,WHITLEY ROAD,Resale,Strata,178,"14,607",-,Condominium,1,Freehold,11,Core Central Region,01 to 05
SOLEIL @ SINARAN,"2,860,000","1,463.9","1,954",May-21,SINARAN DRIVE,Resale,Strata,136,"21,029",-,Condominium,1,99 yrs lease commencing from 2006,11,Core Central Region,16 to 20
THE SANTORINI,"580,000",462.85,"1,253",May-21,TAMPINES STREET 86,Resale,Strata,43,"13,488",-,Condominium,1,99 yrs lease commencing from 2013,18,Outside Central Region,06 to 10
THE VERVE,"616,000",441.32,"1,396",May-21,JALAN RAJAH,Resale,Strata,41,"15,024",-,Apartment,1,Freehold,12,Rest of Central Region,01 to 05
THE OCEANFRONT @ SENTOSA COVE,"2,780,000","1,872.94","1,484",May-21,OCEAN DRIVE,Resale,Strata,174,"15,977",-,Condominium,1,99 yrs lease commencing from 2005,04,Core Central Region,01 to 05
LAKEVILLE,"970,000",635.08,"1,527",May-21,JURONG LAKE LINK,Resale,Strata,59,"16,441",-,Condominium,1,99 yrs lease commencing from 2013,22,Outside Central Region,06 to 10
THOMSON THREE,"1,170,000",710.42,"1,647",May-21,BRIGHT HILL DRIVE,Resale,Strata,66,"17,727",-,Apartment,1,99 yrs lease commencing from 2012,20,Rest of Central Region,11 to 15
LAGUNA 88,"1,450,000","1,539.25",942,May-21,EASTWOOD ROAD,Resale,Strata,143,"10,140",-,Condominium,1,99 yrs lease commencing from 1995,16,Outside Central Region,01 to 05
FLAMINGO VALLEY,"1,740,000","1,205.57","1,443",May-21,SIGLAP ROAD,Resale,Strata,112,"15,536",-,Condominium,1,Freehold,15,Outside Central Region,01 to 05
SEASONS PARK,"980,000","1,065.64",920,May-21,YIO CHU KANG ROAD,Resale,Strata,99,"9,899",-,Condominium,1,99 yrs lease commencing from 1995,26,Outside Central Region,01 to 05
SILVERSEA,"2,680,000","1,571.54","1,705",May-21,MARINE PARADE ROAD,Resale,Strata,146,"18,356",-,Condominium,1,99 yrs lease commencing from 2007,15,Rest of Central Region,06 to 10
PARC OASIS,"1,050,000","1,076.4",975,May-21,JURONG EAST AVENUE 1,Resale,Strata,100,"10,500",-,Condominium,1,99 yrs lease commencing from 1991,22,Outside Central Region,01 to 05
LE QUEST,"1,550,000","1,140.98","1,358",May-21,BUKIT BATOK STREET 41,Resale,Strata,106,"14,623",-,Apartment,1,99 yrs lease commencing from 2016,23,Outside Central Region,16 to 20
CHANGI GREEN,"920,000",871.88,"1,055",May-21,UPPER CHANGI ROAD EAST,Resale,Strata,81,"11,358",-,Condominium,1,Freehold,16,Outside Central Region,01 to 05
HERITAGE VIEW,"1,460,000","1,162.51","1,256",May-21,DOVER RISE,Resale,Strata,108,"13,519",-,Condominium,1,99 yrs lease commencing from 1996,05,Rest of Central Region,16 to 20
SYMPHONY SUITES,"740,000",688.9,"1,074",May-21,YISHUN CLOSE,Resale,Strata,64,"11,563",-,Condominium,1,99 yrs lease commencing from 2014,27,Outside Central Region,01 to 05
PARC VERA,"2,720,000","3,950.39",689,May-21,HOUGANG STREET 32,Resale,Strata,367,"7,411",-,Condominium,1,99 yrs lease commencing from 2010,19,Outside Central Region,16 to 20
SYMPHONY SUITES,"1,220,000","1,022.58","1,193",May-21,YISHUN CLOSE,Resale,Strata,95,"12,842",-,Condominium,1,99 yrs lease commencing from 2014,27,Outside Central Region,11 to 15
ICON,"1,000,000",570.49,"1,753",May-21,GOPENG STREET,Resale,Strata,53,"18,868",-,Apartment,1,99 yrs lease commencing from 2002,02,Core Central Region,21 to 25
BANYAN CONDOMINIUM,"1,900,000","1,517.72","1,252",May-21,CHWEE CHIAN ROAD,Resale,Strata,141,"13,475",-,Condominium,1,Freehold,05,Rest of Central Region,01 to 05
THE TENNERY,"660,000",613.55,"1,076",May-21,WOODLANDS ROAD,Resale,Strata,57,"11,579",-,Apartment,1,99 yrs lease commencing from 2010,23,Outside Central Region,11 to 15
MARINA ONE RESIDENCES,"1,763,342",753.48,"2,340",May-21,MARINA WAY,Resale,Strata,70,"25,191",-,Apartment,1,99 yrs lease commencing from 2011,01,Core Central Region,21 to 25
BEDOK RESIDENCES,"1,760,000","1,216.33","1,447",May-21,BEDOK NORTH DRIVE,Resale,Strata,113,"15,575",-,Apartment,1,99 yrs lease commencing from 2011,16,Outside Central Region,11 to 15
RESIDENTIAL APARTMENTS,"1,120,000","1,291.68",867,May-21,LORONG 1 REALTY PARK,Resale,Strata,120,"9,333",-,Apartment,1,999 yrs lease commencing from 1879,19,Outside Central Region,01 to 05
GUILLEMARD EDGE,"812,000",548.96,"1,479",May-21,LORONG 30 GEYLANG,Resale,Strata,51,"15,922",-,Apartment,1,Freehold,14,Rest of Central Region,06 to 10
DUO RESIDENCES,"1,900,000",936.47,"2,029",May-21,FRASER STREET,Resale,Strata,87,"21,839",-,Apartment,1,99 yrs lease commencing from 2011,07,Core Central Region,11 to 15
THE CLEARWATER,"1,420,000","1,539.25",923,May-21,BEDOK RESERVOIR VIEW,Resale,Strata,143,"9,930",-,Condominium,1,99 yrs lease commencing from 1997,16,Outside Central Region,01 to 05
ONE SHENTON,"998,000",538.2,"1,854",May-21,SHENTON WAY,Resale,Strata,50,"19,960",-,Apartment,1,99 yrs lease commencing from 2005,01,Core Central Region,11 to 15
SKY GREEN,"740,000",462.85,"1,599",May-21,MACPHERSON ROAD,Resale,Strata,43,"17,209",-,Condominium,1,Freehold,13,Rest of Central Region,11 to 15
SEVEN HOLT ROAD,"3,150,000","2,486.48","1,267",May-21,HOLT ROAD,Resale,Strata,231,"13,636",-,Apartment,1,Freehold,10,Core Central Region,01 to 05
THE IMPERIAL,"3,250,000","1,463.9","2,220",May-21,JALAN RUMBIA,Resale,Strata,136,"23,897",-,Condominium,1,Freehold,09,Core Central Region,11 to 15
ROSEWOOD,"1,080,000","1,625.36",664,May-21,ROSEWOOD DRIVE,Resale,Strata,151,"7,152",-,Condominium,1,99 yrs lease commencing from 2000,25,Outside Central Region,01 to 05
RIVERTREES RESIDENCES,"1,650,000","1,356.26","1,217",May-21,FERNVALE CLOSE,Resale,Strata,126,"13,095",-,Apartment,1,99 yrs lease commencing from 2013,28,Outside Central Region,11 to 15
ROBIN SUITES,"1,030,000",462.85,"2,225",May-21,ROBIN ROAD,Resale,Strata,43,"23,953",-,Apartment,1,Freehold,10,Core Central Region,06 to 10
FOREST HILLS CONDOMINIUM,"955,500","1,162.51",822,May-21,TRANSIT ROAD,Resale,Strata,108,"8,847",-,Condominium,1,99 yrs lease commencing from 2000,26,Outside Central Region,01 to 05
MARINA COLLECTION,"6,250,000","3,412.19","1,832",May-21,COVE DRIVE,Resale,Strata,317,"19,716",-,Condominium,1,99 yrs lease commencing from 2007,04,Core Central Region,01 to 05
COSTA RHU,"1,300,000","1,011.82","1,285",May-21,RHU CROSS,Resale,Strata,94,"13,830",-,Condominium,1,99 yrs lease commencing from 1994,15,Rest of Central Region,06 to 10
SKY VUE,"870,000",495.14,"1,757",May-21,BISHAN STREET 15,Resale,Strata,46,"18,913",-,Condominium,1,99 yrs lease commencing from 2013,20,Rest of Central Region,26 to 30
WOODHAVEN,"640,000",602.78,"1,062",May-21,WOODGROVE AVENUE,Resale,Strata,56,"11,429",-,Condominium,1,99 yrs lease commencing from 2011,25,Outside Central Region,01 to 05
SERAYA 9,"1,060,000",818.06,"1,296",May-21,SERAYA LANE,Resale,Strata,76,"13,947",-,Apartment,1,Freehold,15,Rest of Central Region,01 to 05
PARC VISTA,"1,040,000","1,280.92",812,May-21,CORPORATION ROAD,Resale,Strata,119,"8,739",-,Condominium,1,99 yrs lease commencing from 1995,22,Outside Central Region,01 to 05
THE PALETTE,"1,490,000","1,377.79","1,081",May-21,PASIR RIS GROVE,Resale,Strata,128,"11,641",-,Condominium,1,99 yrs lease commencing from 2010,18,Outside Central Region,01 to 05
RIVERSOUND RESIDENCE,"975,000",947.23,"1,029",May-21,SENGKANG EAST AVENUE,Resale,Strata,88,"11,080",-,Condominium,1,99 yrs lease commencing from 2011,19,Outside Central Region,06 to 10
BEACON HEIGHTS,"1,308,000","1,108.69","1,180",May-21,MAR THOMA ROAD,Resale,Strata,103,"12,699",-,Condominium,1,999 yrs lease commencing from 1882,12,Rest of Central Region,16 to 20
FLAMINGO VALLEY,"2,050,000","1,388.56","1,476",May-21,SIGLAP ROAD,Resale,Strata,129,"15,891",-,Condominium,1,Freehold,15,Outside Central Region,01 to 05
CARABELLE,"1,936,888","1,399.32","1,384",May-21,WEST COAST WAY,Resale,Strata,130,"14,899",-,Condominium,1,956 yrs lease commencing from 1928,05,Outside Central Region,01 to 05
HIGH PARK RESIDENCES,"1,680,000","1,367.03","1,229",May-21,FERNVALE ROAD,Resale,Strata,127,"13,228",-,Apartment,1,99 yrs lease commencing from 2014,28,Outside Central Region,16 to 20
THE ESTUARY,"1,355,000","1,302.44","1,040",May-21,YISHUN AVENUE 1,Resale,Strata,121,"11,198",-,Condominium,1,99 yrs lease commencing from 2008,27,Outside Central Region,01 to 05
COCO PALMS,"1,060,000",904.18,"1,172",May-21,PASIR RIS GROVE,Resale,Strata,84,"12,619",-,Condominium,1,99 yrs lease commencing from 2008,18,Outside Central Region,01 to 05
THE CALLISTA,"1,280,000","1,130.22","1,133",May-21,MAR THOMA ROAD,Resale,Strata,105,"12,190",-,Apartment,1,999 yrs lease commencing from 1882,12,Rest of Central Region,06 to 10
D'NEST,"883,000",775.01,"1,139",May-21,PASIR RIS GROVE,Resale,Strata,72,"12,264",-,Condominium,1,99 yrs lease commencing from 2010,18,Outside Central Region,01 to 05
SPOTTISWOODE 18,"837,000",387.5,"2,160",May-21,SPOTTISWOODE PARK ROAD,Resale,Strata,36,"23,250",-,Apartment,1,Freehold,02,Rest of Central Region,06 to 10
TREVISTA,"1,280,000",914.94,"1,399",May-21,LORONG 3 TOA PAYOH,Resale,Strata,85,"15,059",-,Condominium,1,99 yrs lease commencing from 2008,12,Rest of Central Region,06 to 10
JADE RESIDENCES,"1,960,000","1,700.71","1,152",May-21,LEW LIAN VALE,Resale,Strata,158,"12,405",-,Apartment,1,Freehold,19,Outside Central Region,01 to 05
PARC OASIS,"1,180,000","1,388.56",850,May-21,JURONG EAST AVENUE 1,Resale,Strata,129,"9,147",-,Condominium,1,99 yrs lease commencing from 1991,22,Outside Central Region,01 to 05
76 SHENTON,"1,188,000",592.02,"2,007",May-21,SHENTON WAY,Resale,Strata,55,"21,600",-,Apartment,1,99 yrs lease commencing from 2007,02,Core Central Region,31 to 35
EASTWOOD GREEN,"1,138,000","1,173.28",970,May-21,EASTWOOD ROAD,Resale,Strata,109,"10,440",-,Condominium,1,99 yrs lease commencing from 1995,16,Outside Central Region,01 to 05
BAYSHORE PARK,"1,015,000",936.47,"1,084",May-21,BAYSHORE ROAD,Resale,Strata,87,"11,667",-,Condominium,1,99 yrs lease commencing from 1982,16,Outside Central Region,16 to 20
ASPEN HEIGHTS,"3,150,000","1,571.54","2,004",May-21,RIVER VALLEY ROAD,Resale,Strata,146,"21,575",-,Condominium,1,999 yrs lease commencing from 1841,09,Core Central Region,01 to 05
THE PANORAMA,"1,100,000",785.77,"1,400",May-21,ANG MO KIO AVENUE 2,Resale,Strata,73,"15,068",-,Condominium,1,99 yrs lease commencing from 2013,20,Outside Central Region,01 to 05
FERRARIA PARK CONDOMINIUM,"845,000",882.65,957,May-21,FLORA DRIVE,Resale,Strata,82,"10,305",-,Condominium,1,Freehold,17,Outside Central Region,01 to 05
BELMOND GREEN,"2,660,000","1,550.02","1,716",May-21,BALMORAL ROAD,Resale,Strata,144,"18,472",-,Condominium,1,Freehold,10,Core Central Region,01 to 05
QUEENS,"1,595,000","1,194.8","1,335",May-21,STIRLING ROAD,Resale,Strata,111,"14,369",-,Condominium,1,99 yrs lease commencing from 1998,03,Rest of Central Region,11 to 15
EIGHT COURTYARDS,"660,000",548.96,"1,202",May-21,CANBERRA DRIVE,Resale,Strata,51,"12,941",-,Condominium,1,99 yrs lease commencing from 2010,27,Outside Central Region,11 to 15
DOMAIN 21,"1,600,000","1,033.34","1,548",May-21,DELTA ROAD,Resale,Strata,96,"16,667",-,Condominium,1,99 yrs lease commencing from 2004,03,Rest of Central Region,16 to 20
MARINA ONE RESIDENCES,"1,691,910",731.95,"2,312",May-21,MARINA WAY,Resale,Strata,68,"24,881",-,Apartment,1,99 yrs lease commencing from 2011,01,Core Central Region,11 to 15
VIENTO,"610,000",473.62,"1,288",May-21,LORONG 30 GEYLANG,Resale,Strata,44,"13,864",-,Apartment,1,Freehold,14,Rest of Central Region,06 to 10
BLISS@KOVAN,"1,300,000",914.94,"1,421",May-21,SIMON LANE,Resale,Strata,85,"15,294",-,Condominium,1,Freehold,19,Outside Central Region,01 to 05
THE SKYWOODS,"1,720,000","1,291.68","1,332",May-21,DAIRY FARM HEIGHTS,Resale,Strata,120,"14,333",-,Condominium,1,99 yrs lease commencing from 2012,23,Outside Central Region,11 to 15
THE BENTLY RESIDENCES@KOVAN,"2,280,000","2,077.45","1,097",May-21,KOVAN ROAD,Resale,Strata,193,"11,813",-,Apartment,1,Freehold,19,Outside Central Region,01 to 05
THE ROCHESTER RESIDENCES,"1,800,000","1,302.44","1,382",May-21,ROCHESTER DRIVE,Resale,Strata,121,"14,876",-,Apartment,1,99 yrs lease commencing from 2005,05,Rest of Central Region,26 to 30
YONG AN PARK,"2,200,000","1,022.58","2,151",May-21,RIVER VALLEY ROAD,Resale,Strata,95,"23,158",-,Condominium,1,Freehold,09,Core Central Region,01 to 05
BARTLEY RIDGE,"1,065,000",721.19,"1,477",May-21,MOUNT VERNON ROAD,Resale,Strata,67,"15,896",-,Condominium,1,99 yrs lease commencing from 2012,13,Rest of Central Region,01 to 05
MANDALE HEIGHTS,"1,795,000","1,216.33","1,476",May-21,MANDALAY ROAD,Resale,Strata,113,"15,885",-,Apartment,1,Freehold,11,Core Central Region,11 to 15
COSTA RHU,"1,230,000","1,011.82","1,216",May-21,RHU CROSS,Resale,Strata,94,"13,085",-,Condominium,1,99 yrs lease commencing from 1994,15,Rest of Central Region,01 to 05
COSTA RHU,"1,720,000","1,334.74","1,289",May-21,RHU CROSS,Resale,Strata,124,"13,871",-,Condominium,1,99 yrs lease commencing from 1994,15,Rest of Central Region,06 to 10
CASPIAN,"1,110,000","1,001.05","1,109",May-21,LAKESIDE DRIVE,Resale,Strata,93,"11,935",-,Condominium,1,99 yrs lease commencing from 2008,22,Outside Central Region,06 to 10
CARABELLE,"1,270,000",882.65,"1,439",May-21,WEST COAST WAY,Resale,Strata,82,"15,488",-,Condominium,1,956 yrs lease commencing from 1928,05,Outside Central Region,01 to 05
MARTIN PLACE RESIDENCES,"4,580,000","1,894.46","2,418",May-21,MARTIN PLACE,Resale,Strata,176,"26,023",-,Condominium,1,Freehold,09,Core Central Region,01 to 05
THE PATERSON,"3,020,000","1,420.85","2,125",May-21,PATERSON ROAD,Resale,Strata,132,"22,879",-,Condominium,1,Freehold,09,Core Central Region,01 to 05
PARC OLYMPIA,"1,630,000","2,163.56",753,May-21,FLORA DRIVE,Resale,Strata,201,"8,109",-,Condominium,1,99 yrs lease commencing from 2012,17,Outside Central Region,06 to 10
THE INFLORA,"530,000",462.85,"1,145",May-21,FLORA DRIVE,Resale,Strata,43,"12,326",-,Condominium,1,99 yrs lease commencing from 2012,17,Outside Central Region,06 to 10
LA FIESTA,"910,000",731.95,"1,243",May-21,SENGKANG SQUARE,Resale,Strata,68,"13,382",-,Condominium,1,99 yrs lease commencing from 2012,19,Outside Central Region,06 to 10
AQUARIUS BY THE PARK,"858,000",893.41,960,May-21,BEDOK RESERVOIR VIEW,Resale,Strata,83,"10,337",-,Condominium,1,99 yrs lease commencing from 1996,16,Outside Central Region,06 to 10
WATERFRONT GOLD,"1,485,000","1,356.26","1,095",May-21,BEDOK RESERVOIR ROAD,Resale,Strata,126,"11,786",-,Condominium,1,99 yrs lease commencing from 2009,16,Outside Central Region,01 to 05
MONTEBLEU,"1,318,000",807.3,"1,633",May-21,MINBU ROAD,Resale,Strata,75,"17,573",-,Condominium,1,Freehold,11,Core Central Region,21 to 25
EIGHT RIVERSUITES,"750,000",441.32,"1,699",May-21,WHAMPOA EAST,Resale,Strata,41,"18,293",-,Condominium,1,99 yrs lease commencing from 2011,12,Rest of Central Region,26 to 30
91 MARSHALL,"1,690,000","1,399.32","1,208",May-21,MARSHALL ROAD,Resale,Strata,130,"13,000",-,Apartment,1,Freehold,15,Rest of Central Region,01 to 05
RIVERGATE,"2,700,000","1,033.34","2,613",May-21,ROBERTSON QUAY,Resale,Strata,96,"28,125",-,Apartment,1,Freehold,09,Core Central Region,31 to 35
WESTCOVE CONDOMINIUM,"985,000","1,097.93",897,May-21,WEST COAST CRESCENT,Resale,Strata,102,"9,657",-,Condominium,1,99 yrs lease commencing from 1995,05,Outside Central Region,01 to 05
SEASTRAND,"840,000",882.65,952,May-21,PASIR RIS LINK,Resale,Strata,82,"10,244",-,Condominium,1,99 yrs lease commencing from 2011,18,Outside Central Region,06 to 10
TAIPAN REGENCY,"1,380,000","1,205.57","1,145",May-21,HAIG ROAD,Resale,Strata,112,"12,321",-,Apartment,1,Freehold,15,Rest of Central Region,01 to 05
LUMIERE,"1,100,000",624.31,"1,762",May-21,MISTRI ROAD,Resale,Strata,58,"18,966",-,Apartment,1,99 yrs lease commencing from 2006,02,Core Central Region,36 to 40
TREVISTA,"1,920,000","1,280.92","1,499",May-21,LORONG 3 TOA PAYOH,Resale,Strata,119,"16,134",-,Condominium,1,99 yrs lease commencing from 2008,12,Rest of Central Region,16 to 20
SKY VUE,"1,160,000",678.13,"1,711",May-21,BISHAN STREET 15,Resale,Strata,63,"18,413",-,Condominium,1,99 yrs lease commencing from 2013,20,Rest of Central Region,26 to 30
TURQUOISE,"2,793,790","2,088.22","1,338",May-21,COVE DRIVE,Resale,Strata,194,"14,401",-,Condominium,1,99 yrs lease commencing from 2007,04,Core Central Region,01 to 05
PARC PALAIS,"1,750,000","1,377.79","1,270",May-21,HUME AVENUE,Resale,Strata,128,"13,672",-,Condominium,1,Freehold,21,Outside Central Region,06 to 10
HARBOURLIGHTS,"1,320,000",764.24,"1,727",May-21,TELOK BLANGAH ROAD,Resale,Strata,71,"18,592",-,Apartment,1,Freehold,04,Rest of Central Region,01 to 05
KINGSFORD WATERBAY,"600,000",484.38,"1,239",May-21,UPPER SERANGOON VIEW,Resale,Strata,45,"13,333",-,Apartment,1,99 yrs lease commencing from 2014,19,Outside Central Region,11 to 15
THE LINEAR,"1,450,000","1,388.56","1,044",May-21,UPPER BUKIT TIMAH ROAD,Resale,Strata,129,"11,240",-,Apartment,1,999 yrs lease commencing from 1876,23,Outside Central Region,01 to 05
KNOX VIEW,"2,180,000","2,206.62",988,May-21,LORONG M TELOK KURAU,Resale,Strata,205,"10,634",-,Apartment,1,Freehold,15,Outside Central Region,01 to 05
LE CRESCENDO,"1,650,000","1,184.04","1,394",May-21,PAYA LEBAR ROAD,Resale,Strata,110,"15,000",-,Condominium,1,Freehold,14,Rest of Central Region,16 to 20
SYMPHONY HEIGHTS,"1,600,000","1,280.92","1,249",May-21,HUME AVENUE,Resale,Strata,119,"13,445",-,Condominium,1,Freehold,21,Outside Central Region,01 to 05
LIVIA,"1,230,000","1,270.15",968,May-21,PASIR RIS GROVE,Resale,Strata,118,"10,424",-,Condominium,1,99 yrs lease commencing from 2008,18,Outside Central Region,11 to 15
THE SEAWIND,"1,091,000",656.6,"1,662",May-21,LORONG M TELOK KURAU,Resale,Strata,61,"17,885",-,Condominium,1,Freehold,15,Outside Central Region,01 to 05
FOUR SEASONS PARK,"19,000,000","6,167.77","3,081",May-21,CUSCADEN WALK,Resale,Strata,573,"33,159",-,Condominium,1,Freehold,10,Core Central Region,26 to 30
MON JERVOIS,"3,069,000","2,325.02","1,320",May-21,JERVOIS ROAD,Resale,Strata,216,"14,208",-,Condominium,1,99 yrs lease commencing from 2012,10,Core Central Region,01 to 05
BEACON HEIGHTS,"825,000",667.37,"1,236",May-21,MAR THOMA ROAD,Resale,Strata,62,"13,306",-,Condominium,1,999 yrs lease commencing from 1882,12,Rest of Central Region,11 to 15
THE VINES,"1,280,000","1,108.69","1,155",May-21,LORONG SARINA,Resale,Strata,103,"12,427",-,Apartment,1,Freehold,14,Outside Central Region,01 to 05
ROOTS @ TRANSIT,"744,800",592.02,"1,258",May-21,TRANSIT ROAD,Resale,Strata,55,"13,542",-,Apartment,1,99 yrs lease commencing from 2014,26,Outside Central Region,01 to 05
BRADDELL VIEW,"1,348,000","1,560.78",864,May-21,BRADDELL HILL,Resale,Strata,145,"9,297",-,Apartment,1,102 yrs lease commencing from 1978,20,Rest of Central Region,01 to 05
REFLECTIONS AT KEPPEL BAY,"2,700,000","1,506.96","1,792",May-21,KEPPEL BAY VIEW,Resale,Strata,140,"19,286",-,Condominium,1,99 yrs lease commencing from 2006,04,Rest of Central Region,01 to 05
PINE GROVE,"1,735,000","1,754.53",989,May-21,PINE GROVE,Resale,Strata,163,"10,644",-,Condominium,1,99 yrs lease commencing from 1984,21,Rest of Central Region,01 to 05
CASTLE GREEN,"1,120,000","1,151.75",972,May-21,YIO CHU KANG ROAD,Resale,Strata,107,"10,467",-,Condominium,1,99 yrs lease commencing from 1993,26,Outside Central Region,06 to 10
MAYSPRINGS,"1,000,000","1,302.44",768,May-21,PETIR ROAD,Resale,Strata,121,"8,264",-,Apartment,1,99 yrs lease commencing from 1994,23,Outside Central Region,01 to 05
CITYLIGHTS,"1,165,000",678.13,"1,718",May-21,JELLICOE ROAD,Resale,Strata,63,"18,492",-,Condominium,1,99 yrs lease commencing from 2004,08,Rest of Central Region,16 to 20
THE WHARF RESIDENCE,"3,030,000","1,431.61","2,116",May-21,TONG WATT ROAD,Resale,Strata,133,"22,782",-,Condominium,1,999 yrs lease commencing from 1841,09,Core Central Region,06 to 10
YONG AN PARK,"6,725,000","3,433.72","1,959",May-21,RIVER VALLEY ROAD,Resale,Strata,319,"21,082",-,Condominium,1,Freehold,09,Core Central Region,01 to 05
UNITED MANSION,"1,420,000","1,140.98","1,245",May-21,EAST COAST ROAD,Resale,Strata,106,"13,396",-,Apartment,1,Freehold,15,Outside Central Region,01 to 05
BOATHOUSE RESIDENCES,"750,000",710.42,"1,056",May-21,UPPER SERANGOON VIEW,Resale,Strata,66,"11,364",-,Condominium,1,99 yrs lease commencing from 2011,19,Outside Central Region,11 to 15
THE ESTUARY,"680,000",602.78,"1,128",May-21,YISHUN AVENUE 1,Resale,Strata,56,"12,143",-,Condominium,1,99 yrs lease commencing from 2008,27,Outside Central Region,16 to 20
SIMS GREEN,"1,170,000","1,248.62",937,May-21,LORONG 27A GEYLANG,Resale,Strata,116,"10,086",-,Apartment,1,99 yrs lease commencing from 2001,14,Rest of Central Region,01 to 05
COSTA RHU,"1,620,000","1,399.32","1,158",May-21,RHU CROSS,Resale,Strata,130,"12,462",-,Condominium,1,99 yrs lease commencing from 1994,15,Rest of Central Region,01 to 05
UPPER SERANGOON SHOPPING CENTRE,"1,430,000","1,463.9",977,May-21,UPPER SERANGOON ROAD,Resale,Strata,136,"10,515",-,Apartment,1,Freehold,19,Outside Central Region,06 to 10
SUITES@ KATONG,"590,000",409.03,"1,442",May-21,TANJONG KATONG ROAD,Resale,Strata,38,"15,526",-,Apartment,1,Freehold,15,Rest of Central Region,01 to 05
TERRASSE,"1,868,000","1,883.7",992,May-21,TERRASSE LANE,Resale,Strata,175,"10,674",-,Condominium,1,99 yrs lease commencing from 2010,19,Outside Central Region,01 to 05
J C DRAYCOTT,"1,870,000",850.36,"2,199",May-21,DRAYCOTT DRIVE,Resale,Strata,79,"23,671",-,Apartment,1,Freehold,10,Core Central Region,06 to 10
AMBER SKYE,"2,201,400","1,216.33","1,810",May-21,AMBER ROAD,Resale,Strata,113,"19,481",-,Apartment,1,Freehold,15,Rest of Central Region,01 to 05
THE BAYSHORE,"930,000",958,971,May-21,BAYSHORE ROAD,Resale,Strata,89,"10,449",-,Condominium,1,99 yrs lease commencing from 1993,16,Outside Central Region,11 to 15
PARC VISTA,"1,170,000","1,259.39",929,May-21,CORPORATION ROAD,Resale,Strata,117,"10,000",-,Condominium,1,99 yrs lease commencing from 1995,22,Outside Central Region,11 to 15
COSTA RHU,"2,655,500","2,055.92","1,292",May-21,RHU CROSS,Resale,Strata,191,"13,903",-,Condominium,1,99 yrs lease commencing from 1994,15,Rest of Central Region,01 to 05
CASAFINA,"1,720,000","2,045.16",841,May-21,BEDOK SOUTH AVENUE 1,Resale,Strata,190,"9,053",-,Condominium,1,99 yrs lease commencing from 1996,16,Outside Central Region,01 to 05
NATURA@HILLVIEW,"620,000",452.09,"1,371",May-21,HILLVIEW TERRACE,Resale,Strata,42,"14,762",-,Apartment,1,Freehold,23,Outside Central Region,06 to 10
SPRING @ LANGSAT,"993,000",968.76,"1,025",May-21,LANGSAT ROAD,Resale,Strata,90,"11,033",-,Apartment,1,Freehold,15,Rest of Central Region,01 to 05
RIVERVALE CREST,"780,000",947.23,823,May-21,RIVERVALE CRESCENT,Resale,Strata,88,"8,864",-,Apartment,1,99 yrs lease commencing from 1997,19,Outside Central Region,06 to 10
BISHAN POINT,"1,750,000","1,485.43","1,178",May-21,BRIGHT HILL DRIVE,Resale,Strata,138,"12,681",-,Condominium,1,99 yrs lease commencing from 1997,20,Rest of Central Region,06 to 10
TANAMERA CREST,"925,000","1,162.51",796,May-21,PARI DEDAP WALK,Resale,Strata,108,"8,565",-,Condominium,1,99 yrs lease commencing from 2000,16,Outside Central Region,06 to 10
EMERALD PARK,"1,220,000",925.7,"1,318",May-21,INDUS ROAD,Resale,Strata,86,"14,186",-,Condominium,1,99 yrs lease commencing from 1991,03,Rest of Central Region,01 to 05
OLEANDER TOWERS,"1,300,000","1,140.98","1,139",May-21,LORONG 1 TOA PAYOH,Resale,Strata,106,"12,264",-,Apartment,1,99 yrs lease commencing from 1995,12,Rest of Central Region,11 to 15
ESTELLA GARDENS,"1,188,000","1,291.68",920,May-21,FLORA ROAD,Resale,Strata,120,"9,900",-,Condominium,1,Freehold,17,Outside Central Region,06 to 10
TANGERINE GROVE,"1,550,000","1,184.04","1,309",May-21,PAYA LEBAR CRESCENT,Resale,Strata,110,"14,091",-,Condominium,1,Freehold,19,Outside Central Region,01 to 05
COSTA RHU,"1,750,000","1,399.32","1,251",May-21,RHU CROSS,Resale,Strata,130,"13,462",-,Condominium,1,99 yrs lease commencing from 1994,15,Rest of Central Region,11 to 15
THE PARC CONDOMINIUM,"1,350,000",979.52,"1,378",May-21,WEST COAST WALK,Resale,Strata,91,"14,835",-,Condominium,1,Freehold,05,Outside Central Region,06 to 10
IRIDIUM,"1,980,000","1,184.04","1,672",May-21,LINCOLN ROAD,Resale,Strata,110,"18,000",-,Apartment,1,Freehold,11,Core Central Region,11 to 15
THE TRILLIUM,"5,000,000","2,217.38","2,255",May-21,KIM SENG ROAD,Resale,Strata,206,"24,272",-,Condominium,1,Freehold,09,Core Central Region,01 to 05
KOVAN GRANDEUR,"685,000",570.49,"1,201",May-21,TAMPINES ROAD,Resale,Strata,53,"12,925",-,Apartment,1,99 yrs lease commencing from 2010,19,Outside Central Region,01 to 05
RESIDENCES @ KILLINEY,"3,060,000","1,496.2","2,045",May-21,KILLINEY ROAD,Resale,Strata,139,"22,014",-,Apartment,1,Freehold,09,Core Central Region,01 to 05
TANGLIN VIEW,"1,300,000","1,130.22","1,150",May-21,PRINCE CHARLES CRESCENT,Resale,Strata,105,"12,381",-,Condominium,1,99 yrs lease commencing from 1997,03,Rest of Central Region,01 to 05
THE MINT RESIDENCES,"2,110,000","1,926.76","1,095",May-21,JOO CHIAT TERRACE,Resale,Strata,179,"11,788",-,Apartment,1,Freehold,15,Rest of Central Region,01 to 05
EASTWOOD CENTRE,"1,580,000","2,992.39",528,May-21,EASTWOOD ROAD,Resale,Strata,278,"5,683",-,Apartment,1,99 yrs lease commencing from 1995,16,Outside Central Region,01 to 05
THE EDGEWATER,"1,330,000","1,905.23",698,May-21,JALAN LOYANG BESAR,Resale,Strata,177,"7,514",-,Condominium,1,Freehold,17,Outside Central Region,01 to 05
URBAN VISTA,"1,350,000","1,097.93","1,230",May-21,TANAH MERAH KECHIL LINK,Resale,Strata,102,"13,235",-,Condominium,1,99 yrs lease commencing from 2012,16,Outside Central Region,06 to 10
COCO PALMS,"1,145,000",904.18,"1,266",May-21,PASIR RIS GROVE,Resale,Strata,84,"13,631",-,Condominium,1,99 yrs lease commencing from 2008,18,Outside Central Region,11 to 15
COCO PALMS,"1,140,000",904.18,"1,261",May-21,PASIR RIS GROVE,Resale,Strata,84,"13,571",-,Condominium,1,99 yrs lease commencing from 2008,18,Outside Central Region,11 to 15
BOTANIQUE AT BARTLEY,"1,145,000",731.95,"1,564",May-21,UPPER PAYA LEBAR ROAD,Resale,Strata,68,"16,838",-,Condominium,1,99 yrs lease commencing from 2014,19,Outside Central Region,01 to 05
THE TRESOR,"3,938,000","1,937.52","2,032",May-21,DUCHESS ROAD,Resale,Strata,180,"21,878",-,Condominium,1,999 yrs lease commencing from 1875,10,Core Central Region,01 to 05
CARIBBEAN AT KEPPEL BAY,"1,980,000","1,248.62","1,586",May-21,KEPPEL BAY DRIVE,Resale,Strata,116,"17,069",-,Condominium,1,99 yrs lease commencing from 1999,04,Rest of Central Region,01 to 05
QUINTERRA,"2,116,000","1,410.08","1,501",May-21,HOLLAND ROAD,Resale,Strata,131,"16,153",-,Apartment,1,99 yrs lease commencing from 2006,10,Core Central Region,16 to 20
EAST COAST RESIDENCES,"1,570,000","1,130.22","1,389",May-21,UPPER EAST COAST ROAD,Resale,Strata,105,"14,952",-,Apartment,1,Freehold,16,Outside Central Region,01 to 05
LE HILL CONDOMINIUM,"1,400,000",958,"1,461",May-21,PASIR PANJANG HILL,Resale,Strata,89,"15,730",-,Condominium,1,Freehold,05,Rest of Central Region,01 to 05
THE MILTONIA RESIDENCES,"1,830,000","2,077.45",881,May-21,MILTONIA CLOSE,Resale,Strata,193,"9,482",-,Condominium,1,99 yrs lease commencing from 2010,27,Outside Central Region,01 to 05
THE TENNERY,"950,000",882.65,"1,076",May-21,WOODLANDS ROAD,Resale,Strata,82,"11,585",-,Apartment,1,99 yrs lease commencing from 2010,23,Outside Central Region,06 to 10
THE VIRIDIAN,"770,000",505.91,"1,522",May-21,JALAN AMPAS,Resale,Strata,47,"16,383",-,Apartment,1,Freehold,12,Rest of Central Region,16 to 20
THE ATRIA AT MEYER,"2,800,000","1,614.6","1,734",May-21,MEYER ROAD,Resale,Strata,150,"18,667",-,Condominium,1,Freehold,15,Rest of Central Region,11 to 15
OASIS @ ELIAS,"1,015,000","1,194.8",850,May-21,ELIAS ROAD,Resale,Strata,111,"9,144",-,Condominium,1,99 yrs lease commencing from 2008,18,Outside Central Region,06 to 10
NORTHVALE,"835,000","1,033.34",808,May-21,CHOA CHU KANG LOOP,Resale,Strata,96,"8,698",-,Apartment,1,99 yrs lease commencing from 1995,23,Outside Central Region,06 to 10
WOODHAVEN,"690,000",645.84,"1,068",May-21,WOODGROVE AVENUE,Resale,Strata,60,"11,500",-,Condominium,1,99 yrs lease commencing from 2011,25,Outside Central Region,01 to 05
WATERFRONT KEY,"1,408,000","1,216.33","1,158",May-21,BEDOK RESERVOIR ROAD,Resale,Strata,113,"12,460",-,Condominium,1,99 yrs lease commencing from 2007,16,Outside Central Region,01 to 05
RESIDENTIAL APARTMENTS,"6,420,000","2,744.82","2,339",May-21,ORANGE GROVE ROAD,Resale,Strata,255,"25,176",-,Apartment,1,Freehold,10,Core Central Region,01 to 05
BLOSSOMS @ WOODLEIGH,"1,860,000","1,205.57","1,543",May-21,WOODLEIGH CLOSE,Resale,Strata,112,"16,607",-,Condominium,1,Freehold,13,Rest of Central Region,01 to 05
HILLION RESIDENCES,"1,050,000",710.42,"1,478",May-21,JELEBU ROAD,Resale,Strata,66,"15,909",-,Apartment,1,99 yrs lease commencing from 2013,23,Outside Central Region,06 to 10
SKYSUITES17,"600,000",355.21,"1,689",May-21,JALAN RAJAH,Resale,Strata,33,"18,182",-,Apartment,1,Freehold,12,Rest of Central Region,11 to 15
VETRO,"580,000",473.62,"1,225",May-21,MAR THOMA ROAD,Resale,Strata,44,"13,182",-,Apartment,1,999 yrs lease commencing from 1882,12,Rest of Central Region,06 to 10
THE LAKESHORE,"1,350,000","1,184.04","1,140",May-21,JURONG WEST STREET 41,Resale,Strata,110,"12,273",-,Condominium,1,99 yrs lease commencing from 2002,22,Outside Central Region,06 to 10
RV RESIDENCES,"850,000",419.8,"2,025",May-21,RIVER VALLEY ROAD,Resale,Strata,39,"21,795",-,Condominium,1,999 yrs lease commencing from 1877,10,Core Central Region,01 to 05
CHIVERTON,"2,135,000","1,291.68","1,653",May-21,EWE BOON ROAD,Resale,Strata,120,"17,792",-,Apartment,1,Freehold,10,Core Central Region,01 to 05
FLORIDIAN,"3,480,000","1,679.18","2,072",May-21,BUKIT TIMAH ROAD,Resale,Strata,156,"22,308",-,Condominium,1,Freehold,21,Rest of Central Region,01 to 05
DAWN VILLE,"1,633,888","1,205.57","1,355",May-21,BUTTERWORTH LANE,Resale,Strata,112,"14,588",-,Apartment,1,Freehold,15,Rest of Central Region,06 to 10
EDELWEISS PARK CONDOMINIUM,"1,130,000","1,280.92",882,May-21,FLORA ROAD,Resale,Strata,119,"9,496",-,Condominium,1,Freehold,17,Outside Central Region,01 to 05
SUITES@ KATONG,"610,000",452.09,"1,349",May-21,TANJONG KATONG ROAD,Resale,Strata,42,"14,524",-,Apartment,1,Freehold,15,Rest of Central Region,01 to 05
THE OCEANFRONT @ SENTOSA COVE,"2,650,000","1,733","1,529",May-21,OCEAN DRIVE,Resale,Strata,161,"16,460",-,Condominium,1,99 yrs lease commencing from 2005,04,Core Central Region,11 to 15
SKY GREEN,"1,760,000","1,162.51","1,514",May-21,MACPHERSON ROAD,Resale,Strata,108,"16,296",-,Condominium,1,Freehold,13,Rest of Central Region,06 to 10
RIVER PLACE,"3,050,000","2,066.69","1,476",May-21,HAVELOCK ROAD,Resale,Strata,192,"15,885",-,Condominium,1,99 yrs lease commencing from 1995,03,Rest of Central Region,01 to 05
THE RAINTREE,"1,595,000","1,334.74","1,195",May-21,BUKIT DRIVE,Resale,Strata,124,"12,863",-,Condominium,1,99 yrs lease commencing from 2003,21,Outside Central Region,06 to 10
SHELFORD SUITES,"2,180,000","1,270.15","1,716",May-21,SHELFORD ROAD,Resale,Strata,118,"18,475",-,Condominium,1,Freehold,11,Core Central Region,01 to 05
GAMBIR RIDGE,"820,000",592.02,"1,385",May-21,GAMBIR WALK,Resale,Strata,55,"14,909",-,Apartment,1,Freehold,19,Outside Central Region,01 to 05
YISHUN EMERALD,"1,020,000","1,388.56",735,May-21,CANBERRA DRIVE,Resale,Strata,129,"7,907",-,Condominium,1,99 yrs lease commencing from 1998,27,Outside Central Region,16 to 20
PARK INFINIA AT WEE NAM,"2,220,000","1,001.05","2,218",May-21,LINCOLN ROAD,Resale,Strata,93,"23,871",-,Condominium,1,Freehold,11,Core Central Region,21 to 25
PINNACLE 16,"1,330,000",914.94,"1,454",May-21,SHAN ROAD,Resale,Strata,85,"15,647",-,Apartment,1,Freehold,12,Rest of Central Region,06 to 10
CANBERRA RESIDENCES,"625,000",699.66,893,May-21,CANBERRA DRIVE,Resale,Strata,65,"9,615",-,Condominium,1,99 yrs lease commencing from 2010,27,Outside Central Region,01 to 05
COSMO,"970,000",667.37,"1,453",May-21,GUILLEMARD CRESCENT,Resale,Strata,62,"15,645",-,Apartment,1,Freehold,14,Rest of Central Region,01 to 05
LUMIERE,"1,258,200",678.13,"1,855",May-21,MISTRI ROAD,Resale,Strata,63,"19,971",-,Apartment,1,99 yrs lease commencing from 2006,02,Core Central Region,36 to 40
MY MANHATTAN,"1,218,000","1,162.51","1,048",May-21,SIMEI STREET 3,Resale,Strata,108,"11,278",-,Condominium,1,99 yrs lease commencing from 2010,18,Outside Central Region,01 to 05
THE TREVOSE,"2,550,000","1,894.46","1,346",May-21,TREVOSE CRESCENT,Resale,Strata,176,"14,489",-,Condominium,1,99 yrs lease commencing from 1996,11,Core Central Region,01 to 05
MELVILLE PARK,"920,000","1,334.74",689,May-21,SIMEI STREET 1,Resale,Strata,124,"7,419",-,Condominium,1,99 yrs lease commencing from 1992,18,Outside Central Region,01 to 05
PEOPLE'S PARK COMPLEX,"950,888","1,119.46",849,May-21,PARK ROAD,Resale,Strata,104,"9,143",-,Apartment,1,99 yrs lease commencing from 1968,01,Rest of Central Region,16 to 20
THE GALE,"915,000",936.47,977,May-21,FLORA ROAD,Resale,Strata,87,"10,517",-,Condominium,1,Freehold,17,Outside Central Region,01 to 05
NV RESIDENCES,"1,030,000","1,184.04",870,May-21,PASIR RIS GROVE,Resale,Strata,110,"9,364",-,Condominium,1,99 yrs lease commencing from 2008,18,Outside Central Region,01 to 05
A TREASURE TROVE,"923,000",775.01,"1,191",May-21,PUNGGOL WALK,Resale,Strata,72,"12,819",-,Condominium,1,99 yrs lease commencing from 2011,19,Outside Central Region,11 to 15
THE DRAYCOTT,"4,500,000","2,626.42","1,713",May-21,DRAYCOTT PARK,Resale,Strata,244,"18,443",-,Apartment,1,Freehold,10,Core Central Region,01 to 05
ECO SANCTUARY,"948,000",667.37,"1,421",May-21,CHESTNUT AVENUE,Resale,Strata,62,"15,290",-,Condominium,1,99 yrs lease commencing from 2012,23,Outside Central Region,21 to 25
MILLAGE,"680,000",462.85,"1,469",May-21,CHANGI ROAD,Resale,Strata,43,"15,814",-,Apartment,1,Freehold,14,Rest of Central Region,06 to 10
HUME PARK II,"1,450,000","1,237.86","1,171",May-21,HUME AVENUE,Resale,Strata,115,"12,609",-,Condominium,1,Freehold,21,Outside Central Region,01 to 05
RIVER ISLES,"833,000",753.48,"1,106",May-21,EDGEDALE PLAINS,Resale,Strata,70,"11,900",-,Condominium,1,99 yrs lease commencing from 2012,19,Outside Central Region,06 to 10
NV RESIDENCES,"1,300,000","1,453.14",895,May-21,PASIR RIS GROVE,Resale,Strata,135,"9,630",-,Condominium,1,99 yrs lease commencing from 2008,18,Outside Central Region,01 to 05
THE TRIZON,"3,255,000","1,894.46","1,718",May-21,RIDGEWOOD CLOSE,Resale,Strata,176,"18,494",-,Condominium,1,Freehold,10,Core Central Region,16 to 20
D'LEEDON,"2,280,000","1,216.33","1,874",May-21,LEEDON HEIGHTS,Resale,Strata,113,"20,177",-,Condominium,1,99 yrs lease commencing from 2010,10,Core Central Region,31 to 35
HILLVIEW PARK,"1,148,000",882.65,"1,301",May-21,HILLVIEW AVENUE,Resale,Strata,82,"14,000",-,Condominium,1,Freehold,23,Outside Central Region,01 to 05
PATERSON SUITES,"4,200,000","1,776.06","2,365",May-21,PATERSON ROAD,Resale,Strata,165,"25,455",-,Condominium,1,Freehold,09,Core Central Region,11 to 15
BARTLEY RIDGE,"728,000",495.14,"1,470",May-21,MOUNT VERNON ROAD,Resale,Strata,46,"15,826",-,Condominium,1,99 yrs lease commencing from 2012,13,Rest of Central Region,06 to 10
THE LAKESHORE,"1,118,000","1,108.69","1,008",May-21,JURONG WEST STREET 41,Resale,Strata,103,"10,854",-,Condominium,1,99 yrs lease commencing from 2002,22,Outside Central Region,01 to 05
PALM ISLES,"1,118,000","1,184.04",944,May-21,FLORA DRIVE,Resale,Strata,110,"10,164",-,Condominium,1,99 yrs lease commencing from 2011,17,Outside Central Region,01 to 05
HOUGANG GREEN,"1,550,000","2,120.51",731,May-21,BUANGKOK GREEN,Resale,Strata,197,"7,868",-,Apartment,1,99 yrs lease commencing from 1994,19,Outside Central Region,16 to 20
ROOTS @ TRANSIT,"1,629,000","1,323.97","1,230",May-21,TRANSIT ROAD,Resale,Strata,123,"13,244",-,Apartment,1,99 yrs lease commencing from 2014,26,Outside Central Region,01 to 05
DOUBLE BAY RESIDENCES,"1,530,000","1,313.21","1,165",May-21,SIMEI STREET 4,Resale,Strata,122,"12,541",-,Condominium,1,99 yrs lease commencing from 2008,18,Outside Central Region,01 to 05
TREE HOUSE,"1,450,000","1,227.1","1,182",May-21,CHESTNUT AVENUE,Resale,Strata,114,"12,719",-,Condominium,1,99 yrs lease commencing from 2009,23,Outside Central Region,06 to 10
QUEENS,"1,540,000","1,194.8","1,289",May-21,STIRLING ROAD,Resale,Strata,111,"13,874",-,Condominium,1,99 yrs lease commencing from 1998,03,Rest of Central Region,11 to 15
D'NEST,"1,050,000",968.76,"1,084",May-21,PASIR RIS GROVE,Resale,Strata,90,"11,667",-,Condominium,1,99 yrs lease commencing from 2010,18,Outside Central Region,01 to 05
TWIN REGENCY,"1,870,000",979.52,"1,909",May-21,KIM TIAN ROAD,Resale,Strata,91,"20,549",-,Condominium,1,Freehold,03,Rest of Central Region,01 to 05
THE CENTREPOINT,"2,100,000",731.95,"2,869",May-21,ORCHARD ROAD,Resale,Strata,68,"30,882",-,Apartment,1,99 yrs lease commencing from 1979,09,Core Central Region,06 to 10
D'LEEDON,"1,048,000",635.08,"1,650",May-21,LEEDON HEIGHTS,Resale,Strata,59,"17,763",-,Condominium,1,99 yrs lease commencing from 2010,10,Core Central Region,06 to 10
NOUVELLE PARK,"2,120,000","1,851.41","1,145",May-21,POH HUAT ROAD WEST,Resale,Strata,172,"12,326",-,Condominium,1,Freehold,19,Outside Central Region,01 to 05
THE SPRINGBLOOM,"999,000",893.41,"1,118",May-21,SERANGOON AVENUE 3,Resale,Strata,83,"12,036",-,Condominium,1,99 yrs lease commencing from 1995,19,Outside Central Region,06 to 10
VENTURA VIEW,"615,000",581.26,"1,058",May-21,RAMBUTAN ROAD,Resale,Strata,54,"11,389",-,Apartment,1,Freehold,15,Rest of Central Region,01 to 05
REFLECTIONS AT KEPPEL BAY,"5,730,000","3,369.13","1,701",May-21,KEPPEL BAY VIEW,Resale,Strata,313,"18,307",-,Condominium,1,99 yrs lease commencing from 2006,04,Rest of Central Region,01 to 05
CASABLANCA,"725,000",904.18,802,May-21,ROSEWOOD DRIVE,Resale,Strata,84,"8,631",-,Condominium,1,99 yrs lease commencing from 2001,25,Outside Central Region,11 to 15
DOUBLE BAY RESIDENCES,"1,555,000","1,367.03","1,138",May-21,SIMEI STREET 4,Resale,Strata,127,"12,244",-,Condominium,1,99 yrs lease commencing from 2008,18,Outside Central Region,06 to 10
LOYANG VALLEY,"1,170,000","1,496.2",782,May-21,LOYANG AVENUE,Resale,Strata,139,"8,417",-,Condominium,1,99 yrs lease commencing from 1982,17,Outside Central Region,06 to 10
CASA MEYA,"1,110,000",807.3,"1,375",May-21,MEYAPPA CHETTIAR ROAD,Resale,Strata,75,"14,800",-,Apartment,1,Freehold,13,Rest of Central Region,01 to 05
HILLCREST ARCADIA,"2,500,000","2,895.52",863,May-21,ARCADIA ROAD,Resale,Strata,269,"9,294",-,Condominium,1,99 yrs lease commencing from 1975,11,Core Central Region,01 to 05
HOLLAND RESIDENCES,"3,050,000","1,883.7","1,619",May-21,TAMAN WARNA,Resale,Strata,175,"17,429",-,Condominium,1,Freehold,10,Core Central Region,01 to 05
WALLICH RESIDENCE,"3,430,000",914.94,"3,749",May-21,WALLICH STREET,Resale,Strata,85,"40,353",-,Apartment,1,99 yrs lease commencing from 2011,02,Core Central Region,56 to 60
PARBURY HILL CONDOMINIUM,"1,688,800","1,237.86","1,364",May-21,PARBURY AVENUE,Resale,Strata,115,"14,685",-,Condominium,1,Freehold,16,Outside Central Region,01 to 05
THE GLYNDEBOURNE,"4,920,000","2,669.47","1,843",May-21,TREVOSE CRESCENT,Resale,Strata,248,"19,839",-,Condominium,1,Freehold,11,Core Central Region,01 to 05
FLAMINGO VALLEY,"1,160,000",828.83,"1,400",May-21,SIGLAP ROAD,Resale,Strata,77,"15,065",-,Condominium,1,Freehold,15,Outside Central Region,01 to 05
REGENT GROVE,"950,000","1,474.67",644,May-21,CHOA CHU KANG NORTH 7,Resale,Strata,137,"6,934",-,Condominium,1,99 yrs lease commencing from 1997,23,Outside Central Region,11 to 15
BARTLEY RESIDENCES,"1,600,000","1,162.51","1,376",May-21,LORONG HOW SUN,Resale,Strata,108,"14,815",-,Apartment,1,99 yrs lease commencing from 2011,19,Outside Central Region,06 to 10
THE TRIZON,"1,850,000","1,011.82","1,828",May-21,RIDGEWOOD CLOSE,Resale,Strata,94,"19,681",-,Condominium,1,Freehold,10,Core Central Region,06 to 10
WATERVIEW,"1,230,000","1,184.04","1,039",May-21,TAMPINES AVENUE 1,Resale,Strata,110,"11,182",-,Condominium,1,99 yrs lease commencing from 2010,18,Outside Central Region,01 to 05
THE RAINTREE,"1,150,000",947.23,"1,214",May-21,BUKIT DRIVE,Resale,Strata,88,"13,068",-,Condominium,1,99 yrs lease commencing from 2003,21,Outside Central Region,01 to 05
NV RESIDENCES,"1,210,000","1,270.15",953,May-21,PASIR RIS GROVE,Resale,Strata,118,"10,254",-,Condominium,1,99 yrs lease commencing from 2008,18,Outside Central Region,06 to 10
OLEANDER TOWERS,"1,308,000","1,151.75","1,136",May-21,LORONG 1 TOA PAYOH,Resale,Strata,107,"12,224",-,Apartment,1,99 yrs lease commencing from 1995,12,Rest of Central Region,11 to 15
THE AMBRA,"1,350,000","1,173.28","1,151",May-21,LORONG H TELOK KURAU,Resale,Strata,109,"12,385",-,Apartment,1,Freehold,15,Outside Central Region,01 to 05
ONE ROBIN,"3,300,000","1,905.23","1,732",May-21,ROBIN ROAD,Resale,Strata,177,"18,644",-,Apartment,1,Freehold,10,Core Central Region,11 to 15
ADRIA,"2,600,000","1,410.08","1,844",May-21,DERBYSHIRE ROAD,Resale,Strata,131,"19,847",-,Apartment,1,Freehold,11,Core Central Region,01 to 05
ESTERINA,"1,200,000","1,044.11","1,149",May-21,HAIG AVENUE,Resale,Strata,97,"12,371",-,Apartment,1,Freehold,15,Rest of Central Region,01 to 05
FERRARIA PARK CONDOMINIUM,"1,024,000","1,022.58","1,001",May-21,FLORA DRIVE,Resale,Strata,95,"10,779",-,Condominium,1,Freehold,17,Outside Central Region,06 to 10
THE POIZ RESIDENCES,"1,920,000","1,151.75","1,667",May-21,MEYAPPA CHETTIAR ROAD,Resale,Strata,107,"17,944",-,Apartment,1,99 yrs lease commencing from 2014,13,Rest of Central Region,16 to 20
THE CALROSE,"1,718,000","1,237.86","1,388",May-21,YIO CHU KANG ROAD,Resale,Strata,115,"14,939",-,Condominium,1,Freehold,26,Outside Central Region,01 to 05
CARIBBEAN AT KEPPEL BAY,"2,550,000","1,646.89","1,548",May-21,KEPPEL BAY DRIVE,Resale,Strata,153,"16,667",-,Condominium,1,99 yrs lease commencing from 1999,04,Rest of Central Region,01 to 05
BISHAN POINT,"1,130,000",936.47,"1,207",May-21,BRIGHT HILL DRIVE,Resale,Strata,87,"12,989",-,Condominium,1,99 yrs lease commencing from 1997,20,Rest of Central Region,16 to 20
8 RODYK,"2,448,888","1,205.57","2,031",May-21,RODYK STREET,Resale,Strata,112,"21,865",-,Apartment,1,Freehold,09,Core Central Region,06 to 10
LUMIERE,"1,234,000",678.13,"1,820",May-21,MISTRI ROAD,Resale,Strata,63,"19,587",-,Apartment,1,99 yrs lease commencing from 2006,02,Core Central Region,36 to 40
CENTRA HEIGHTS,"660,000",462.85,"1,426",May-21,SIMS AVENUE,Resale,Strata,43,"15,349",-,Apartment,1,Freehold,14,Rest of Central Region,01 to 05
COSTA RHU,"1,300,000","1,011.82","1,285",May-21,RHU CROSS,Resale,Strata,94,"13,830",-,Condominium,1,99 yrs lease commencing from 1994,15,Rest of Central Region,06 to 10
CENTRO RESIDENCES,"1,285,000",871.88,"1,474",May-21,ANG MO KIO AVENUE 8,Resale,Strata,81,"15,864",-,Condominium,1,99 yrs lease commencing from 2007,20,Outside Central Region,21 to 25
ONE-NORTH RESIDENCES,"3,572,000","2,691","1,327",May-21,ONE-NORTH GATEWAY,Resale,Strata,250,"14,288",-,Apartment,1,99 yrs lease commencing from 2005,05,Rest of Central Region,11 to 15
ECHELON,"2,450,000","1,313.21","1,866",May-21,ALEXANDRA VIEW,Resale,Strata,122,"20,082",-,Condominium,1,99 yrs lease commencing from 2012,03,Rest of Central Region,21 to 25
LAKE GRANDE,"650,000",409.03,"1,589",May-21,JURONG LAKE LINK,Resale,Strata,38,"17,105",-,Condominium,1,99 yrs lease commencing from 2015,22,Outside Central Region,11 to 15
BLUWATERS 2,"1,650,000","2,755.58",599,May-21,JALAN LOYANG BESAR,Resale,Strata,256,"6,445",-,Condominium,1,946 yrs lease commencing from 1938,17,Outside Central Region,01 to 05
TRE RESIDENCES,"1,475,000",947.23,"1,557",May-21,GEYLANG EAST AVENUE 1,Resale,Strata,88,"16,761",-,Condominium,1,99 yrs lease commencing from 2014,14,Rest of Central Region,11 to 15
CONCOURSE SKYLINE,"2,308,000","1,162.51","1,985",May-21,BEACH ROAD,Resale,Strata,108,"21,370",-,Apartment,1,99 yrs lease commencing from 2008,07,Core Central Region,31 to 35
ST MARTIN RESIDENCE,"1,285,000",581.26,"2,211",May-21,ST. MARTIN'S DRIVE,Resale,Strata,54,"23,796",-,Condominium,1,Freehold,10,Core Central Region,01 to 05
MARINA ONE RESIDENCES,"4,320,000","1,582.31","2,730",May-21,MARINA WAY,Resale,Strata,147,"29,388",-,Apartment,1,99 yrs lease commencing from 2011,01,Core Central Region,21 to 25
WATERFRONT WAVES,"1,068,000",968.76,"1,102",May-21,BEDOK RESERVOIR ROAD,Resale,Strata,90,"11,867",-,Condominium,1,99 yrs lease commencing from 2007,16,Outside Central Region,11 to 15
PARK EAST,"2,370,000","1,646.89","1,439",May-21,JALAN TUA KONG,Resale,Strata,153,"15,490",-,Condominium,1,Freehold,15,Outside Central Region,01 to 05
THE PEAK@BALMEG,"2,460,000","1,711.48","1,437",May-21,BALMEG HILL,Resale,Strata,159,"15,472",-,Condominium,1,Freehold,05,Rest of Central Region,01 to 05
AZALEA PARK CONDOMINIUM,"1,150,000","1,334.74",862,May-21,FLORA ROAD,Resale,Strata,124,"9,274",-,Condominium,1,999 yrs lease commencing from 1885,17,Outside Central Region,01 to 05
THOMSON GRAND,"1,250,000",904.18,"1,382",May-21,SIN MING WALK,Resale,Strata,84,"14,881",-,Condominium,1,99 yrs lease commencing from 2010,20,Rest of Central Region,01 to 05
DOUBLE BAY RESIDENCES,"1,530,000","1,367.03","1,119",May-21,SIMEI STREET 4,Resale,Strata,127,"12,047",-,Condominium,1,99 yrs lease commencing from 2008,18,Outside Central Region,01 to 05
GUILLEMARD EDGE,"770,000",559.73,"1,376",May-21,LORONG 30 GEYLANG,Resale,Strata,52,"14,808",-,Apartment,1,Freehold,14,Rest of Central Region,06 to 10
THE FORD @ HOLLAND,"1,100,000",581.26,"1,892",May-21,FORD AVENUE,Resale,Strata,54,"20,370",-,Condominium,1,Freehold,10,Core Central Region,01 to 05
PARK INFINIA AT WEE NAM,"3,150,000","1,442.38","2,184",May-21,LINCOLN ROAD,Resale,Strata,134,"23,507",-,Condominium,1,Freehold,11,Core Central Region,21 to 25
PICARDY GARDENS,"1,160,000","1,431.61",810,May-21,JALAN PARI BURONG,Resale,Strata,133,"8,722",-,Apartment,1,Freehold,16,Outside Central Region,01 to 05
CHANGI RISE CONDOMINIUM,"870,000","1,022.58",851,May-21,SIMEI RISE,Resale,Strata,95,"9,158",-,Condominium,1,99 yrs lease commencing from 2000,18,Outside Central Region,01 to 05
PARC RIVIERA,"710,000",462.85,"1,534",May-21,WEST COAST VALE,Resale,Strata,43,"16,512",-,Condominium,1,99 yrs lease commencing from 2015,05,Outside Central Region,26 to 30
ECO SANCTUARY,"870,000",667.37,"1,304",May-21,CHESTNUT AVENUE,Resale,Strata,62,"14,032",-,Condominium,1,99 yrs lease commencing from 2012,23,Outside Central Region,06 to 10
WATERTOWN,"1,236,666",914.94,"1,352",May-21,PUNGGOL CENTRAL,Resale,Strata,85,"14,549",-,Apartment,1,99 yrs lease commencing from 2011,19,Outside Central Region,06 to 10
THE ESPIRA,"1,280,000","1,087.16","1,177",May-21,LORONG L TELOK KURAU,Resale,Strata,101,"12,673",-,Apartment,1,Freehold,15,Outside Central Region,01 to 05
THE IMPERIAL,"4,480,000","2,077.45","2,156",May-21,JALAN RUMBIA,Resale,Strata,193,"23,212",-,Condominium,1,Freehold,09,Core Central Region,06 to 10
SILVERSEA,"2,650,000","1,506.96","1,759",May-21,MARINE PARADE ROAD,Resale,Strata,140,"18,929",-,Condominium,1,99 yrs lease commencing from 2007,15,Rest of Central Region,06 to 10
THE POIZ RESIDENCES,"710,000",419.8,"1,691",May-21,MEYAPPA CHETTIAR ROAD,Resale,Strata,39,"18,205",-,Apartment,1,99 yrs lease commencing from 2014,13,Rest of Central Region,06 to 10
QUEENS,"1,570,000","1,184.04","1,326",May-21,STIRLING ROAD,Resale,Strata,110,"14,273",-,Condominium,1,99 yrs lease commencing from 1998,03,Rest of Central Region,36 to 40
HILLVIEW PARK,"1,700,000","1,323.97","1,284",May-21,HILLVIEW AVENUE,Resale,Strata,123,"13,821",-,Condominium,1,Freehold,23,Outside Central Region,06 to 10
UE SQUARE,"1,045,000",505.91,"2,066",May-21,RIVER VALLEY ROAD,Resale,Strata,47,"22,234",-,Apartment,1,929 yrs lease commencing from 1953,09,Core Central Region,11 to 15
TOH YI COURT,"2,888,888","3,100.03",932,May-21,TOH YI DRIVE,Resale,Strata,288,"10,031",-,Condominium,1,Freehold,21,Rest of Central Region,-
IDYLLIC EAST,"2,028,000","1,700.71","1,192",May-21,UPPER EAST COAST ROAD,Resale,Strata,158,"12,835",-,Apartment,1,Freehold,16,Outside Central Region,01 to 05
THE AMBROSIA,"1,730,000","1,313.21","1,317",May-21,LORONG N TELOK KURAU,Resale,Strata,122,"14,180",-,Apartment,1,Freehold,15,Outside Central Region,01 to 05
THE RIVERINE BY THE PARK,"2,280,000","1,205.57","1,891",May-21,KALLANG ROAD,Resale,Strata,112,"20,357",-,Apartment,1,Freehold,12,Rest of Central Region,16 to 20
CASPIAN,"1,520,000","1,237.86","1,228",May-21,LAKESIDE DRIVE,Resale,Strata,115,"13,217",-,Condominium,1,99 yrs lease commencing from 2008,22,Outside Central Region,06 to 10
A TREASURE TROVE,"1,570,000","1,334.74","1,176",May-21,PUNGGOL WALK,Resale,Strata,124,"12,661",-,Condominium,1,99 yrs lease commencing from 2011,19,Outside Central Region,11 to 15
RIVERGATE,"3,600,000","1,506.96","2,389",May-21,ROBERTSON QUAY,Resale,Strata,140,"25,714",-,Apartment,1,Freehold,09,Core Central Region,16 to 20
HILLBROOKS,"1,500,000","1,237.86","1,212",May-21,HILLVIEW AVENUE,Resale,Strata,115,"13,043",-,Condominium,1,Freehold,23,Outside Central Region,06 to 10
LAKEVIEW ESTATE,"1,450,000","1,614.6",898,May-21,UPPER THOMSON ROAD,Resale,Strata,150,"9,667",-,Apartment,1,99 yrs lease commencing from 1977,20,Rest of Central Region,06 to 10
VILLA AZURA,"2,455,000","1,603.84","1,531",May-21,CHERRY AVENUE,Resale,Strata,149,"16,477",-,Condominium,1,Freehold,10,Core Central Region,01 to 05
FOUR SEASONS PARK,"6,380,000","2,260.44","2,822",May-21,CUSCADEN WALK,Resale,Strata,210,"30,381",-,Condominium,1,Freehold,10,Core Central Region,01 to 05
HILLION RESIDENCES,"690,000",462.85,"1,491",May-21,JELEBU ROAD,Resale,Strata,43,"16,047",-,Apartment,1,99 yrs lease commencing from 2013,23,Outside Central Region,11 to 15
REGENTVILLE,"860,000","1,151.75",747,May-21,HOUGANG STREET 92,Resale,Strata,107,"8,037",-,Apartment,1,99 yrs lease commencing from 1996,19,Outside Central Region,01 to 05
FERRARIA PARK CONDOMINIUM,"830,000",882.65,940,May-21,FLORA DRIVE,Resale,Strata,82,"10,122",-,Condominium,1,Freehold,17,Outside Central Region,06 to 10
THE CAPE,"1,125,000",645.84,"1,742",May-21,AMBER ROAD,Resale,Strata,60,"18,750",-,Apartment,1,Freehold,15,Rest of Central Region,01 to 05
PARC IMPERIAL,"650,000",409.03,"1,589",May-21,PASIR PANJANG ROAD,Resale,Strata,38,"17,105",-,Condominium,1,Freehold,05,Rest of Central Region,01 to 05
THE BAYSHORE,"1,228,000","1,237.86",992,May-21,BAYSHORE ROAD,Resale,Strata,115,"10,678",-,Condominium,1,99 yrs lease commencing from 1993,16,Outside Central Region,26 to 30
ESPIRA SPRING,"1,950,000","2,378.84",820,May-21,LORONG G TELOK KURAU,Resale,Strata,221,"8,824",-,Apartment,1,Freehold,15,Outside Central Region,01 to 05
THE GALE,"1,520,000","1,603.84",948,May-21,FLORA ROAD,Resale,Strata,149,"10,201",-,Condominium,1,Freehold,17,Outside Central Region,01 to 05
PATERSON RESIDENCE,"7,100,000","3,842.75","1,848",May-21,PATERSON ROAD,Resale,Strata,357,"19,888",-,Condominium,1,Freehold,09,Core Central Region,-
THE CASCADIA,"2,600,000","1,410.08","1,844",May-21,BUKIT TIMAH ROAD,Resale,Strata,131,"19,847",-,Condominium,1,Freehold,21,Rest of Central Region,01 to 05
EIGHT RIVERSUITES,"1,035,000",699.66,"1,479",May-21,WHAMPOA EAST,Resale,Strata,65,"15,923",-,Condominium,1,99 yrs lease commencing from 2011,12,Rest of Central Region,11 to 15
DRAYCOTT EIGHT,"5,900,000","2,863.22","2,061",May-21,DRAYCOTT PARK,Resale,Strata,266,"22,180",-,Condominium,1,99 yrs lease commencing from 1997,10,Core Central Region,16 to 20
KINGSFORD . HILLVIEW PEAK,"1,450,000","1,097.93","1,321",May-21,HILLVIEW RISE,Resale,Strata,102,"14,216",-,Condominium,1,99 yrs lease commencing from 2012,23,Outside Central Region,06 to 10
THE FORESTA @ MOUNT FABER,"1,450,000",785.77,"1,845",May-21,WISHART ROAD,Resale,Strata,73,"19,863",-,Condominium,1,Freehold,04,Rest of Central Region,01 to 05
CASA PASIR RIS,"1,200,000","1,334.74",899,May-21,JALAN LOYANG BESAR,Resale,Strata,124,"9,677",-,Condominium,1,946 yrs lease commencing from 1938,17,Outside Central Region,01 to 05
TROPICAL SPRING,"1,280,000","1,377.79",929,May-21,SIMEI STREET 4,Resale,Strata,128,"10,000",-,Condominium,1,99 yrs lease commencing from 1997,18,Outside Central Region,06 to 10
ASTON MANSIONS,"975,000","1,140.98",855,May-21,LORONG 42 GEYLANG,Resale,Strata,106,"9,198",-,Apartment,1,99 yrs lease commencing from 1995,14,Rest of Central Region,01 to 05
OASIS @ ELIAS,"1,055,000","1,216.33",867,May-21,ELIAS ROAD,Resale,Strata,113,"9,336",-,Condominium,1,99 yrs lease commencing from 2008,18,Outside Central Region,06 to 10
CLEMENTIWOODS CONDOMINIUM,"1,303,000","1,130.22","1,153",May-21,WEST COAST ROAD,Resale,Strata,105,"12,410",-,Condominium,1,99 yrs lease commencing from 2006,05,Outside Central Region,01 to 05
ONE LEICESTER,"1,250,000",904.18,"1,382",May-21,LEICESTER ROAD,Resale,Strata,84,"14,881",-,Condominium,1,Freehold,13,Rest of Central Region,11 to 15
PARC VERA,"860,000",785.77,"1,094",May-21,HOUGANG STREET 32,Resale,Strata,73,"11,781",-,Condominium,1,99 yrs lease commencing from 2010,19,Outside Central Region,11 to 15
VILLA MARINA,"1,850,000","2,023.63",914,May-21,JALAN SEMPADAN,Resale,Strata,188,"9,840",-,Condominium,1,99 yrs lease commencing from 1995,15,Outside Central Region,01 to 05
BOTANIQUE AT BARTLEY,"1,180,000",731.95,"1,612",May-21,UPPER PAYA LEBAR ROAD,Resale,Strata,68,"17,353",-,Condominium,1,99 yrs lease commencing from 2014,19,Outside Central Region,06 to 10
THE OCEANFRONT @ SENTOSA COVE,"1,900,000","1,216.33","1,562",May-21,OCEAN DRIVE,Resale,Strata,113,"16,814",-,Condominium,1,99 yrs lease commencing from 2005,04,Core Central Region,06 to 10
FLO RESIDENCE,"898,000",925.7,970,May-21,PUNGGOL FIELD WALK,Resale,Strata,86,"10,442",-,Condominium,1,99 yrs lease commencing from 2011,19,Outside Central Region,06 to 10
ECO SANCTUARY,"690,000",505.91,"1,364",May-21,CHESTNUT AVENUE,Resale,Strata,47,"14,681",-,Condominium,1,99 yrs lease commencing from 2012,23,Outside Central Region,06 to 10
WATERBANK AT DAKOTA,"1,385,000",882.65,"1,569",May-21,DAKOTA CRESCENT,Resale,Strata,82,"16,890",-,Condominium,1,99 yrs lease commencing from 2009,14,Rest of Central Region,01 to 05
THE HILLIER,"788,888",516.67,"1,527",May-21,HILLVIEW RISE,Resale,Strata,48,"16,435",-,Apartment,1,99 yrs lease commencing from 2011,23,Outside Central Region,16 to 20
THE AZURE,"2,500,000","1,743.77","1,434",May-21,OCEAN DRIVE,Resale,Strata,162,"15,432",-,Condominium,1,99 yrs lease commencing from 2005,04,Core Central Region,01 to 05
THE MAYFAIR,"840,000",893.41,940,May-21,JURONG EAST STREET 32,Resale,Strata,83,"10,120",-,Condominium,1,99 yrs lease commencing from 1996,22,Outside Central Region,06 to 10
LAKESIDE APARTMENTS,"1,222,500","1,517.72",805,May-21,YUAN CHING ROAD,Resale,Strata,141,"8,670",-,Apartment,1,99 yrs lease commencing from 1977,22,Outside Central Region,11 to 15
SOUTH BEACH RESIDENCES,"16,000,000","4,445.53","3,599",May-21,BEACH ROAD,Resale,Strata,413,"38,741",-,Apartment,1,99 yrs lease commencing from 2007,07,Core Central Region,41 to 45
VACANZA @ EAST,"1,210,000","1,033.34","1,171",May-21,LENGKONG TUJOH,Resale,Strata,96,"12,604",-,Condominium,1,Freehold,14,Outside Central Region,01 to 05
CLEMENTIWOODS CONDOMINIUM,"1,290,000","1,054.87","1,223",May-21,WEST COAST ROAD,Resale,Strata,98,"13,163",-,Condominium,1,99 yrs lease commencing from 2006,05,Outside Central Region,01 to 05
BEAUTY WORLD CENTRE,"1,760,000","1,969.81",893,May-21,UPPER BUKIT TIMAH ROAD,Resale,Strata,183,"9,617",-,Apartment,1,99 yrs lease commencing from 1979,21,Rest of Central Region,26 to 30
MERAPRIME,"1,481,800",839.59,"1,765",May-21,JALAN BUKIT HO SWEE,Resale,Strata,78,"18,997",-,Condominium,1,99 yrs lease commencing from 2003,03,Rest of Central Region,31 to 35
ROSEWOOD,"840,000","1,173.28",716,May-21,ROSEWOOD DRIVE,Resale,Strata,109,"7,706",-,Condominium,1,99 yrs lease commencing from 2000,25,Outside Central Region,01 to 05
PARC OLYMPIA,"750,000",775.01,968,May-21,FLORA DRIVE,Resale,Strata,72,"10,417",-,Condominium,1,99 yrs lease commencing from 2012,17,Outside Central Region,01 to 05
TROPICAL SPRING,"1,298,000","1,388.56",935,May-21,SIMEI STREET 4,Resale,Strata,129,"10,062",-,Condominium,1,99 yrs lease commencing from 1997,18,Outside Central Region,06 to 10
PARC EMILY,"1,080,000",592.02,"1,824",May-21,MOUNT EMILY ROAD,Resale,Strata,55,"19,636",-,Condominium,1,Freehold,09,Core Central Region,01 to 05
BEACON HEIGHTS,"1,040,000",893.41,"1,164",May-21,MAR THOMA ROAD,Resale,Strata,83,"12,530",-,Condominium,1,999 yrs lease commencing from 1882,12,Rest of Central Region,01 to 05
Q BAY RESIDENCES,"940,000",828.83,"1,134",May-21,TAMPINES STREET 86,Resale,Strata,77,"12,208",-,Condominium,1,99 yrs lease commencing from 2012,18,Outside Central Region,06 to 10
REGENT GROVE,"805,000","1,162.51",692,May-21,CHOA CHU KANG NORTH 7,Resale,Strata,108,"7,454",-,Condominium,1,99 yrs lease commencing from 1997,23,Outside Central Region,01 to 05
LA FIESTA,"935,000",731.95,"1,277",May-21,SENGKANG SQUARE,Resale,Strata,68,"13,750",-,Condominium,1,99 yrs lease commencing from 2012,19,Outside Central Region,06 to 10
VALLEY PARK,"1,507,000",861.12,"1,750",May-21,RIVER VALLEY ROAD,Resale,Strata,80,"18,838",-,Condominium,1,999 yrs lease commencing from 1877,10,Core Central Region,06 to 10
RIVERSAILS,"1,050,000",947.23,"1,108",May-21,UPPER SERANGOON CRESCENT,Resale,Strata,88,"11,932",-,Condominium,1,99 yrs lease commencing from 2011,19,Outside Central Region,11 to 15
RIVERBAY,"1,238,000",947.23,"1,307",May-21,MAR THOMA ROAD,Resale,Strata,88,"14,068",-,Apartment,1,999 yrs lease commencing from 1882,12,Rest of Central Region,11 to 15
PARK EAST,"2,330,000","1,689.95","1,379",May-21,JALAN TUA KONG,Resale,Strata,157,"14,841",-,Condominium,1,Freehold,15,Outside Central Region,01 to 05
8 SAINT THOMAS,"3,622,000","1,302.44","2,781",May-21,ST. THOMAS WALK,Resale,Strata,121,"29,934",-,Condominium,1,Freehold,09,Core Central Region,11 to 15
CHANGI RISE CONDOMINIUM,"1,225,000","1,474.67",831,May-21,SIMEI RISE,Resale,Strata,137,"8,942",-,Condominium,1,99 yrs lease commencing from 2000,18,Outside Central Region,01 to 05
BLOSSOMS @ WOODLEIGH,"2,388,800","1,410.08","1,694",May-21,WOODLEIGH CLOSE,Resale,Strata,131,"18,235",-,Condominium,1,Freehold,13,Rest of Central Region,11 to 15
EMERALD PARK,"1,280,000",925.7,"1,383",May-21,INDUS ROAD,Resale,Strata,86,"14,884",-,Condominium,1,99 yrs lease commencing from 1991,03,Rest of Central Region,01 to 05
10 SHELFORD,"770,000",430.56,"1,788",May-21,SHELFORD ROAD,Resale,Strata,40,"19,250",-,Apartment,1,Freehold,11,Core Central Region,01 to 05
THE EQUATORIAL,"2,755,000","1,506.96","1,828",May-21,STEVENS ROAD,Resale,Strata,140,"19,679",-,Condominium,1,Freehold,10,Core Central Region,01 to 05
THE PANORAMA,"1,628,000","1,065.64","1,528",May-21,ANG MO KIO AVENUE 2,Resale,Strata,99,"16,444",-,Condominium,1,99 yrs lease commencing from 2013,20,Outside Central Region,06 to 10
MAYSPRINGS,"990,000","1,291.68",766,May-21,PETIR ROAD,Resale,Strata,120,"8,250",-,Apartment,1,99 yrs lease commencing from 1994,23,Outside Central Region,01 to 05
SIMSVILLE,"1,060,000",979.52,"1,082",May-21,GEYLANG EAST AVENUE 2,Resale,Strata,91,"11,648",-,Condominium,1,99 yrs lease commencing from 1994,14,Rest of Central Region,06 to 10
CLOVER BY THE PARK,"1,880,000","1,248.62","1,506",May-21,BISHAN STREET 25,Resale,Strata,116,"16,207",-,Condominium,1,99 yrs lease commencing from 2007,20,Rest of Central Region,31 to 35
RIVERWALK APARTMENTS,"1,780,000","1,259.39","1,413",May-21,UPPER CIRCULAR ROAD,Resale,Strata,117,"15,214",-,Apartment,1,99 yrs lease commencing from 1980,01,Rest of Central Region,06 to 10
EASTERN LAGOON,"1,118,000",753.48,"1,484",May-21,UPPER EAST COAST ROAD,Resale,Strata,70,"15,971",-,Condominium,1,Freehold,15,Outside Central Region,11 to 15
CORALS AT KEPPEL BAY,"2,250,000",990.29,"2,272",May-21,KEPPEL BAY DRIVE,Resale,Strata,92,"24,457",-,Condominium,1,99 yrs lease commencing from 2007,04,Rest of Central Region,01 to 05
DUKES RESIDENCE,"1,840,000",925.7,"1,988",May-21,DUKE'S ROAD,Resale,Strata,86,"21,395",-,Apartment,1,Freehold,10,Core Central Region,01 to 05
D'LEEDON,"2,580,000","1,614.6","1,598",May-21,LEEDON HEIGHTS,Resale,Strata,150,"17,200",-,Condominium,1,99 yrs lease commencing from 2010,10,Core Central Region,11 to 15
VERSILIA ON HAIG,"1,780,000","1,130.22","1,575",May-21,IPOH LANE,Resale,Strata,105,"16,952",-,Condominium,1,Freehold,15,Rest of Central Region,06 to 10
SYMPHONY HEIGHTS,"1,360,000",968.76,"1,404",May-21,HUME AVENUE,Resale,Strata,90,"15,111",-,Condominium,1,Freehold,21,Outside Central Region,06 to 10
Q BAY RESIDENCES,"1,330,000","1,119.46","1,188",May-21,TAMPINES STREET 86,Resale,Strata,104,"12,788",-,Condominium,1,99 yrs lease commencing from 2012,18,Outside Central Region,11 to 15
ORCHID APARTMENTS,"2,020,000","1,356.26","1,489",May-21,ENG NEO AVENUE,Resale,Strata,126,"16,032",-,Apartment,1,Freehold,11,Core Central Region,01 to 05
THE GALE,"1,400,000","1,345.5","1,041",May-21,FLORA ROAD,Resale,Strata,125,"11,200",-,Condominium,1,Freehold,17,Outside Central Region,06 to 10
TREE HOUSE,"1,310,888","1,151.75","1,138",May-21,CHESTNUT AVENUE,Resale,Strata,107,"12,251",-,Condominium,1,99 yrs lease commencing from 2009,23,Outside Central Region,21 to 25
ONE AMBER,"2,300,000","1,259.39","1,826",May-21,AMBER GARDENS,Resale,Strata,117,"19,658",-,Condominium,1,Freehold,15,Rest of Central Region,11 to 15
CRADELS,"686,000",441.32,"1,554",May-21,LORONG LIMAU,Resale,Strata,41,"16,732",-,Apartment,1,Freehold,12,Rest of Central Region,16 to 20
CASAFINA,"1,230,000","1,313.21",937,May-21,BEDOK SOUTH AVENUE 1,Resale,Strata,122,"10,082",-,Condominium,1,99 yrs lease commencing from 1996,16,Outside Central Region,01 to 05
LEONIE GARDENS,"3,980,000","2,540.3","1,567",May-21,LEONIE HILL,Resale,Strata,236,"16,864",-,Condominium,1,99 yrs lease commencing from 1990,09,Core Central Region,01 to 05
HILLVIEW REGENCY,"1,000,000","1,130.22",885,May-21,BUKIT BATOK EAST AVENUE 2,Resale,Strata,105,"9,524",-,Condominium,1,99 yrs lease commencing from 2000,23,Outside Central Region,16 to 20
MILL POINT,"1,777,888",914.94,"1,943",May-21,ZION CLOSE,Resale,Strata,85,"20,916",-,Apartment,1,999 yrs lease commencing from 1877,10,Core Central Region,11 to 15
SIMS URBAN OASIS,"1,600,000","1,022.58","1,565",May-21,SIMS DRIVE,Resale,Strata,95,"16,842",-,Condominium,1,99 yrs lease commencing from 2014,14,Rest of Central Region,11 to 15
SPRING @ LANGSAT,"2,021,000","1,808.35","1,118",May-21,LANGSAT ROAD,Resale,Strata,168,"12,030",-,Apartment,1,Freehold,15,Rest of Central Region,01 to 05
EQUATORIAL APARTMENTS,"3,650,000","2,497.25","1,462",May-21,MEYER ROAD,Resale,Strata,232,"15,733",-,Apartment,1,Freehold,15,Rest of Central Region,01 to 05
LA FIESTA,"935,000",753.48,"1,241",May-21,SENGKANG SQUARE,Resale,Strata,70,"13,357",-,Condominium,1,99 yrs lease commencing from 2012,19,Outside Central Region,06 to 10
PARC ROSEWOOD,"520,000",430.56,"1,208",May-21,ROSEWOOD DRIVE,Resale,Strata,40,"13,000",-,Condominium,1,99 yrs lease commencing from 2011,25,Outside Central Region,01 to 05
WATERTOWN,"760,000",581.26,"1,308",May-21,PUNGGOL CENTRAL,Resale,Strata,54,"14,074",-,Apartment,1,99 yrs lease commencing from 2011,19,Outside Central Region,11 to 15
WOODHAVEN,"670,000",592.02,"1,132",May-21,WOODGROVE AVENUE,Resale,Strata,55,"12,182",-,Condominium,1,99 yrs lease commencing from 2011,25,Outside Central Region,01 to 05
A TREASURE TROVE,"1,650,000","2,120.51",778,May-21,PUNGGOL WALK,Resale,Strata,197,"8,376",-,Condominium,1,99 yrs lease commencing from 2011,19,Outside Central Region,16 to 20
MONTEBLEU,"1,235,000",807.3,"1,530",May-21,MINBU ROAD,Resale,Strata,75,"16,467",-,Condominium,1,Freehold,11,Core Central Region,01 to 05
8 SAINT THOMAS,"2,850,000","1,140.98","2,498",May-21,ST. THOMAS WALK,Resale,Strata,106,"26,887",-,Condominium,1,Freehold,09,Core Central Region,01 to 05
LAKEHOLMZ,"1,338,000","1,506.96",888,May-21,CORPORATION ROAD,Resale,Strata,140,"9,557",-,Condominium,1,99 yrs lease commencing from 2001,22,Outside Central Region,11 to 15
NV RESIDENCES,"785,000",764.24,"1,027",May-21,PASIR RIS GROVE,Resale,Strata,71,"11,056",-,Condominium,1,99 yrs lease commencing from 2008,18,Outside Central Region,11 to 15
WESTCOVE CONDOMINIUM,"971,600","1,302.44",746,May-21,WEST COAST CRESCENT,Resale,Strata,121,"8,030",-,Condominium,1,99 yrs lease commencing from 1995,05,Outside Central Region,01 to 05
STADIA,"500,000",559.73,893,May-21,YIO CHU KANG ROAD,Resale,Strata,52,"9,615",-,Apartment,1,Freehold,19,Outside Central Region,01 to 05
MY MANHATTAN,"1,325,000","1,076.4","1,231",May-21,SIMEI STREET 3,Resale,Strata,100,"13,250",-,Condominium,1,99 yrs lease commencing from 2010,18,Outside Central Region,06 to 10
ECO,"785,000",592.02,"1,326",May-21,BEDOK SOUTH AVENUE 3,Resale,Strata,55,"14,273",-,Condominium,1,99 yrs lease commencing from 2012,16,Outside Central Region,06 to 10
THE OCEANFRONT @ SENTOSA COVE,"2,700,000","1,754.53","1,539",May-21,OCEAN DRIVE,Resale,Strata,163,"16,564",-,Condominium,1,99 yrs lease commencing from 2005,04,Core Central Region,01 to 05
THE SANTORINI,"1,048,000",914.94,"1,145",May-21,TAMPINES STREET 86,Resale,Strata,85,"12,329",-,Condominium,1,99 yrs lease commencing from 2013,18,Outside Central Region,06 to 10
LINCOLN SUITES,"2,350,000","1,119.46","2,099",May-21,KHIANG GUAN AVENUE,Resale,Strata,104,"22,596",-,Condominium,1,Freehold,11,Core Central Region,26 to 30
MEADOWS @ PEIRCE,"1,438,000","1,119.46","1,285",May-21,UPPER THOMSON ROAD,Resale,Strata,104,"13,827",-,Condominium,1,Freehold,26,Outside Central Region,01 to 05
LA FIESTA,"940,000",753.48,"1,248",May-21,SENGKANG SQUARE,Resale,Strata,70,"13,429",-,Condominium,1,99 yrs lease commencing from 2012,19,Outside Central Region,01 to 05
THE SCENIC @ BRADDELL,"1,580,000","1,550.02","1,019",May-21,BRADDELL ROAD,Resale,Strata,144,"10,972",-,Apartment,1,Freehold,13,Outside Central Region,01 to 05
TERRENE AT BUKIT TIMAH,"1,600,000","1,076.4","1,486",May-21,JALAN JURONG KECHIL,Resale,Strata,100,"16,000",-,Condominium,1,999 yrs lease commencing from 1885,21,Rest of Central Region,01 to 05
H2O RESIDENCES,"868,000",742.72,"1,169",May-21,FERNVALE LINK,Resale,Strata,69,"12,580",-,Condominium,1,99 yrs lease commencing from 2010,28,Outside Central Region,16 to 20
ROSEWOOD,"880,000","1,173.28",750,May-21,ROSEWOOD DRIVE,Resale,Strata,109,"8,073",-,Condominium,1,99 yrs lease commencing from 2000,25,Outside Central Region,06 to 10
SIMS URBAN OASIS,"1,010,000",667.37,"1,513",May-21,SIMS DRIVE,Resale,Strata,62,"16,290",-,Condominium,1,99 yrs lease commencing from 2014,14,Rest of Central Region,01 to 05
BLUE HORIZON,"1,298,000","1,162.51","1,117",May-21,WEST COAST CRESCENT,Resale,Strata,108,"12,019",-,Condominium,1,99 yrs lease commencing from 2000,05,Outside Central Region,06 to 10
H2O RESIDENCES,"918,000",882.65,"1,040",May-21,FERNVALE LINK,Resale,Strata,82,"11,195",-,Condominium,1,99 yrs lease commencing from 2010,28,Outside Central Region,16 to 20
CHANGI RISE CONDOMINIUM,"1,000,000","1,259.39",794,May-21,SIMEI RISE,Resale,Strata,117,"8,547",-,Condominium,1,99 yrs lease commencing from 2000,18,Outside Central Region,06 to 10
KERRISDALE,"1,270,000",990.29,"1,282",May-21,STURDEE ROAD,Resale,Strata,92,"13,804",-,Condominium,1,99 yrs lease commencing from 1998,08,Rest of Central Region,21 to 25
A TREASURE TROVE,"1,340,000","1,130.22","1,186",May-21,PUNGGOL WALK,Resale,Strata,105,"12,762",-,Condominium,1,99 yrs lease commencing from 2011,19,Outside Central Region,11 to 15
FOREST HILLS CONDOMINIUM,"960,000","1,356.26",708,May-21,TRANSIT ROAD,Resale,Strata,126,"7,619",-,Condominium,1,99 yrs lease commencing from 2000,26,Outside Central Region,01 to 05
HERITAGE VIEW,"1,418,000","1,205.57","1,176",May-21,DOVER RISE,Resale,Strata,112,"12,661",-,Condominium,1,99 yrs lease commencing from 1996,05,Rest of Central Region,01 to 05
PARC OASIS,"1,200,000","1,227.1",978,May-21,JURONG EAST AVENUE 1,Resale,Strata,114,"10,526",-,Condominium,1,99 yrs lease commencing from 1991,22,Outside Central Region,16 to 20
GOODWOOD RESIDENCE,"4,900,000","1,948.28","2,515",May-21,BUKIT TIMAH ROAD,Resale,Strata,181,"27,072",-,Condominium,1,Freehold,10,Core Central Region,06 to 10
SHANGHAI ONE,"950,000",559.73,"1,697",May-21,SHANGHAI ROAD,Resale,Strata,52,"18,269",-,Apartment,1,Freehold,10,Core Central Region,11 to 15
THE POIZ RESIDENCES,"1,380,000",839.59,"1,644",May-21,MEYAPPA CHETTIAR ROAD,Resale,Strata,78,"17,692",-,Apartment,1,99 yrs lease commencing from 2014,13,Rest of Central Region,01 to 05
THE WARREN,"881,000","1,065.64",827,May-21,CHOA CHU KANG LOOP,Resale,Strata,99,"8,899",-,Condominium,1,99 yrs lease commencing from 2001,23,Outside Central Region,01 to 05
THE WATERINA,"1,255,000",968.76,"1,295",May-21,LORONG 40 GEYLANG,Resale,Strata,90,"13,944",-,Apartment,1,Freehold,14,Rest of Central Region,01 to 05
SUITES @ GUILLEMARD,"1,050,000",904.18,"1,161",May-21,LIM AH WOO ROAD,Resale,Strata,84,"12,500",-,Apartment,1,Freehold,15,Rest of Central Region,01 to 05
CLYDES RESIDENCE,"800,000",570.49,"1,402",May-21,MERGUI ROAD,Resale,Strata,53,"15,094",-,Apartment,1,Freehold,08,Rest of Central Region,06 to 10
SIMS URBAN OASIS,"750,000",462.85,"1,620",May-21,SIMS DRIVE,Resale,Strata,43,"17,442",-,Condominium,1,99 yrs lease commencing from 2014,14,Rest of Central Region,11 to 15
QUEENSWAY TOWER,"1,800,000","1,657.66","1,086",May-21,QUEENSWAY,Resale,Strata,154,"11,688",-,Apartment,1,Freehold,03,Rest of Central Region,11 to 15
SELETAR PARK RESIDENCE,"633,000",527.44,"1,200",May-21,SELETAR ROAD,Resale,Strata,49,"12,918",-,Condominium,1,99 yrs lease commencing from 2011,28,Outside Central Region,01 to 05
PEBBLE BAY,"3,200,000","2,335.79","1,370",May-21,TANJONG RHU ROAD,Resale,Strata,217,"14,747",-,Condominium,1,99 yrs lease commencing from 1994,15,Rest of Central Region,01 to 05
PARC PALAIS,"1,620,000","1,270.15","1,275",May-21,HUME AVENUE,Resale,Strata,118,"13,729",-,Condominium,1,Freehold,21,Outside Central Region,06 to 10
THE MORNINGTON,"1,320,000","1,248.62","1,057",May-21,ST. MICHAEL'S ROAD,Resale,Strata,116,"11,379",-,Apartment,1,Freehold,12,Rest of Central Region,01 to 05
VACANZA @ EAST,"970,000",807.3,"1,202",May-21,LENGKONG TUJOH,Resale,Strata,75,"12,933",-,Condominium,1,Freehold,14,Outside Central Region,01 to 05
GRANDE VISTA,"1,700,000","1,636.13","1,039",May-21,CACTUS DRIVE,Resale,Strata,152,"11,184",-,Condominium,1,999 yrs lease commencing from 1886,28,Outside Central Region,01 to 05
NEWTON 21,"2,380,003","1,184.04","2,010",May-21,NEWTON ROAD,Resale,Strata,110,"21,636",-,Apartment,1,Freehold,11,Core Central Region,11 to 15
OASIS @ ELIAS,"1,230,000","1,474.67",834,May-21,ELIAS ROAD,Resale,Strata,137,"8,978",-,Condominium,1,99 yrs lease commencing from 2008,18,Outside Central Region,06 to 10
THE MINTON,"1,150,000",979.52,"1,174",May-21,HOUGANG STREET 11,Resale,Strata,91,"12,637",-,Condominium,1,99 yrs lease commencing from 2007,19,Outside Central Region,06 to 10
CENTRAL GROVE,"1,360,000","1,227.1","1,108",May-21,GEYLANG EAST AVENUE 1,Resale,Strata,114,"11,930",-,Condominium,1,99 yrs lease commencing from 1997,14,Rest of Central Region,06 to 10
PARC RIVIERA,"958,000",710.42,"1,348",May-21,WEST COAST VALE,Resale,Strata,66,"14,515",-,Condominium,1,99 yrs lease commencing from 2015,05,Outside Central Region,11 to 15
THE TEMBUSU,"2,280,000","1,367.03","1,668",May-21,TAMPINES ROAD,Resale,Strata,127,"17,953",-,Condominium,1,Freehold,19,Outside Central Region,01 to 05
THE PALETTE,"928,888",893.41,"1,040",May-21,PASIR RIS GROVE,Resale,Strata,83,"11,191",-,Condominium,1,99 yrs lease commencing from 2010,18,Outside Central Region,06 to 10
CHILTERN PARK,"1,328,000","1,302.44","1,020",May-21,SERANGOON AVENUE 3,Resale,Strata,121,"10,975",-,Condominium,1,99 yrs lease commencing from 1991,19,Outside Central Region,01 to 05
MANDALAY MANSION,"2,270,000","2,088.22","1,087",May-21,MINBU ROAD,Resale,Strata,194,"11,701",-,Apartment,1,Freehold,11,Core Central Region,01 to 05
HUME PARK I,"1,700,000","1,345.5","1,263",May-21,HUME AVENUE,Resale,Strata,125,"13,600",-,Condominium,1,Freehold,21,Outside Central Region,06 to 10
JERVOIS VIEW,"4,250,000","2,475.72","1,717",May-21,JERVOIS ROAD,Resale,Strata,230,"18,478",-,Apartment,1,Freehold,10,Core Central Region,01 to 05
VETRO,"738,000",613.55,"1,203",May-21,MAR THOMA ROAD,Resale,Strata,57,"12,947",-,Apartment,1,999 yrs lease commencing from 1882,12,Rest of Central Region,16 to 20
RIVERTREES RESIDENCES,"883,000",731.95,"1,206",May-21,FERNVALE CLOSE,Resale,Strata,68,"12,985",-,Apartment,1,99 yrs lease commencing from 2013,28,Outside Central Region,06 to 10
THE VERVE,"1,088,000",796.54,"1,366",May-21,JALAN RAJAH,Resale,Strata,74,"14,703",-,Apartment,1,Freehold,12,Rest of Central Region,16 to 20
GRANDE VISTA,"1,868,000","1,636.13","1,142",May-21,CACTUS DRIVE,Resale,Strata,152,"12,289",-,Condominium,1,999 yrs lease commencing from 1886,28,Outside Central Region,01 to 05
THE MAYLEA,"1,730,000","1,259.39","1,374",May-21,PASIR PANJANG ROAD,Resale,Strata,117,"14,786",-,Condominium,1,Freehold,05,Rest of Central Region,01 to 05
ASPEN HEIGHTS,"5,350,000","3,143.09","1,702",May-21,RIVER VALLEY ROAD,Resale,Strata,292,"18,322",-,Condominium,1,999 yrs lease commencing from 1841,09,Core Central Region,16 to 20
PARC BLEU,"1,500,000","1,334.74","1,124",May-21,JOO CHIAT PLACE,Resale,Strata,124,"12,097",-,Apartment,1,Freehold,15,Outside Central Region,01 to 05
RIS GRANDEUR,"1,638,000","1,539.25","1,064",May-21,ELIAS ROAD,Resale,Strata,143,"11,455",-,Condominium,1,Freehold,18,Outside Central Region,16 to 20
URBAN SUITES,"5,500,000","2,002.1","2,747",May-21,HULLET ROAD,Resale,Strata,186,"29,570",-,Condominium,1,Freehold,09,Core Central Region,11 to 15
KOVAN MELODY,"1,060,000",871.88,"1,216",May-21,KOVAN ROAD,Resale,Strata,81,"13,086",-,Condominium,1,99 yrs lease commencing from 2004,19,Outside Central Region,11 to 15
REFLECTIONS AT KEPPEL BAY,"2,628,000","1,733","1,516",May-21,KEPPEL BAY VIEW,Resale,Strata,161,"16,323",-,Condominium,1,99 yrs lease commencing from 2006,04,Rest of Central Region,21 to 25
FERRELL RESIDENCES,"3,388,888","1,840.64","1,841",May-21,BUKIT TIMAH ROAD,Resale,Strata,171,"19,818",-,Apartment,1,Freehold,10,Core Central Region,11 to 15
THE ROCHESTER RESIDENCES,"1,455,000","1,280.92","1,136",May-21,ROCHESTER DRIVE,Resale,Strata,119,"12,227",-,Apartment,1,99 yrs lease commencing from 2005,05,Rest of Central Region,06 to 10
THE GLYNDEBOURNE,"4,375,000","1,991.34","2,197",May-21,TREVOSE CRESCENT,Resale,Strata,185,"23,649",-,Condominium,1,Freehold,11,Core Central Region,01 to 05
ST PATRICK'S GREEN,"1,590,000","1,097.93","1,448",May-21,ST. PATRICK'S ROAD,Resale,Strata,102,"15,588",-,Apartment,1,Freehold,15,Outside Central Region,01 to 05
JADE RESIDENCES,"1,225,000",731.95,"1,674",May-21,LEW LIAN VALE,Resale,Strata,68,"18,015",-,Apartment,1,Freehold,19,Outside Central Region,01 to 05
ROBINSON SUITES,"1,215,000",495.14,"2,454",May-21,ROBINSON ROAD,Resale,Strata,46,"26,413",-,Apartment,1,Freehold,01,Core Central Region,31 to 35
TURQUOISE,"2,741,000","2,088.22","1,313",May-21,COVE DRIVE,Resale,Strata,194,"14,129",-,Condominium,1,99 yrs lease commencing from 2007,04,Core Central Region,01 to 05
RIVER ISLES,"1,500,000","1,496.2","1,003",May-21,EDGEDALE PLAINS,Resale,Strata,139,"10,791",-,Condominium,1,99 yrs lease commencing from 2012,19,Outside Central Region,06 to 10
PATERSON SUITES,"4,449,000","1,679.18","2,650",May-21,PATERSON ROAD,Resale,Strata,156,"28,519",-,Condominium,1,Freehold,09,Core Central Region,11 to 15
GOODVIEW APARTMENTS,"1,030,000","1,291.68",797,May-21,LORONG 8 GEYLANG,Resale,Strata,120,"8,583",-,Apartment,1,Freehold,14,Rest of Central Region,01 to 05
HILLVIEW GREEN,"1,360,000","1,323.97","1,027",May-21,HUME AVENUE,Resale,Strata,123,"11,057",-,Condominium,1,999 yrs lease commencing from 1883,21,Outside Central Region,01 to 05
REFLECTIONS AT KEPPEL BAY,"1,770,000","1,227.1","1,442",May-21,KEPPEL BAY VIEW,Resale,Strata,114,"15,526",-,Condominium,1,99 yrs lease commencing from 2006,04,Rest of Central Region,01 to 05
OASIS @ ELIAS,"1,060,000","1,270.15",835,May-21,ELIAS ROAD,Resale,Strata,118,"8,983",-,Condominium,1,99 yrs lease commencing from 2008,18,Outside Central Region,01 to 05
LIVIA,"1,120,000","1,259.39",889,May-21,PASIR RIS GROVE,Resale,Strata,117,"9,573",-,Condominium,1,99 yrs lease commencing from 2008,18,Outside Central Region,06 to 10
SOMMERVILLE PARK,"3,500,000","1,948.28","1,796",May-21,FARRER DRIVE,Resale,Strata,181,"19,337",-,Condominium,1,Freehold,10,Core Central Region,11 to 15
THE WATER EDGE,"680,000",462.85,"1,469",May-21,LORONG 38 GEYLANG,Resale,Strata,43,"15,814",-,Apartment,1,Freehold,14,Rest of Central Region,01 to 05
THE PIER AT ROBERTSON,"3,200,000","1,786.82","1,791",May-21,MOHAMED SULTAN ROAD,Resale,Strata,166,"19,277",-,Apartment,1,Freehold,09,Core Central Region,06 to 10
COSTA RHU,"3,400,000","2,238.91","1,519",May-21,RHU CROSS,Resale,Strata,208,"16,346",-,Condominium,1,99 yrs lease commencing from 1994,15,Rest of Central Region,01 to 05
PANDAN VALLEY,"3,808,318","3,272.26","1,164",May-21,PANDAN VALLEY,Resale,Strata,304,"12,527",-,Condominium,1,Freehold,21,Rest of Central Region,01 to 05
ONE DUSUN RESIDENCES,"830,000",527.44,"1,574",May-21,JALAN DUSUN,Resale,Strata,49,"16,939",-,Apartment,1,Freehold,12,Rest of Central Region,21 to 25
PARC RIVIERA,"678,000",462.85,"1,465",May-21,WEST COAST VALE,Resale,Strata,43,"15,767",-,Condominium,1,99 yrs lease commencing from 2015,05,Outside Central Region,06 to 10
TERRENE AT BUKIT TIMAH,"850,000",527.44,"1,612",May-21,JALAN JURONG KECHIL,Resale,Strata,49,"17,347",-,Condominium,1,999 yrs lease commencing from 1885,21,Rest of Central Region,01 to 05
THE INTERLACE,"1,410,000","1,044.11","1,350",May-21,DEPOT ROAD,Resale,Strata,97,"14,536",-,Condominium,1,99 yrs lease commencing from 2009,04,Rest of Central Region,11 to 15
LUMIERE,"1,707,840",979.52,"1,744",May-21,MISTRI ROAD,Resale,Strata,91,"18,767",-,Apartment,1,99 yrs lease commencing from 2006,02,Core Central Region,41 to 45
ESTELLA GARDENS,"990,000","1,291.68",766,May-21,FLORA ROAD,Resale,Strata,120,"8,250",-,Condominium,1,Freehold,17,Outside Central Region,01 to 05
ROBINSON SUITES,"1,200,000",484.38,"2,477",May-21,ROBINSON ROAD,Resale,Strata,45,"26,667",-,Apartment,1,Freehold,01,Core Central Region,16 to 20
TREE HOUSE,"1,480,000","1,248.62","1,185",May-21,CHESTNUT AVENUE,Resale,Strata,116,"12,759",-,Condominium,1,99 yrs lease commencing from 2009,23,Outside Central Region,11 to 15
76 SHENTON,"1,080,000",592.02,"1,824",May-21,SHENTON WAY,Resale,Strata,55,"19,636",-,Apartment,1,99 yrs lease commencing from 2007,02,Core Central Region,11 to 15
LE CONNEY PARK,"1,318,888","1,184.04","1,114",May-21,LORONG L TELOK KURAU,Resale,Strata,110,"11,990",-,Apartment,1,Freehold,15,Outside Central Region,01 to 05
D'LOTUS,"1,035,000",807.3,"1,282",May-21,LORONG AMPAS,Resale,Strata,75,"13,800",-,Apartment,1,Freehold,12,Rest of Central Region,06 to 10
ROBERTSON 100,"2,260,000","1,151.75","1,962",May-21,ROBERTSON QUAY,Resale,Strata,107,"21,121",-,Apartment,1,Freehold,09,Core Central Region,01 to 05
HIGH OAK CONDOMINIUM,"1,080,000","1,011.82","1,067",May-21,TOH TUCK ROAD,Resale,Strata,94,"11,489",-,Condominium,1,99 yrs lease commencing from 1996,21,Rest of Central Region,01 to 05
THE VENUE RESIDENCES,"1,280,000",850.36,"1,505",May-21,TAI THONG CRESCENT,Resale,Strata,79,"16,203",-,Apartment,1,99 yrs lease commencing from 2012,13,Rest of Central Region,06 to 10
ECO,"770,000",581.26,"1,325",May-21,BEDOK SOUTH AVENUE 3,Resale,Strata,54,"14,259",-,Condominium,1,99 yrs lease commencing from 2012,16,Outside Central Region,06 to 10
SHERWOOD TOWER,"1,200,000","1,420.85",845,May-21,JALAN ANAK BUKIT,Resale,Strata,132,"9,091",-,Apartment,1,99 yrs lease commencing from 1976,21,Rest of Central Region,16 to 20
HIGH PARK RESIDENCES,"758,888",592.02,"1,282",May-21,FERNVALE ROAD,Resale,Strata,55,"13,798",-,Apartment,1,99 yrs lease commencing from 2014,28,Outside Central Region,11 to 15
DOVER PARKVIEW,"1,550,000","1,248.62","1,241",May-21,DOVER RISE,Resale,Strata,116,"13,362",-,Condominium,1,99 yrs lease commencing from 1993,05,Rest of Central Region,01 to 05
TURQUOISE,"3,178,150","2,088.22","1,522",May-21,COVE DRIVE,Resale,Strata,194,"16,382",-,Condominium,1,99 yrs lease commencing from 2007,04,Core Central Region,01 to 05
PARC OLYMPIA,"958,000","1,022.58",937,May-21,FLORA DRIVE,Resale,Strata,95,"10,084",-,Condominium,1,99 yrs lease commencing from 2012,17,Outside Central Region,01 to 05
THE CENTRIS,"1,660,000","1,700.71",976,May-21,JURONG WEST CENTRAL 3,Resale,Strata,158,"10,506",-,Apartment,1,99 yrs lease commencing from 2006,22,Outside Central Region,16 to 20
KINGSFORD WATERBAY,"875,000",678.13,"1,290",May-21,UPPER SERANGOON VIEW,Resale,Strata,63,"13,889",-,Apartment,1,99 yrs lease commencing from 2014,19,Outside Central Region,06 to 10
KINGSFORD WATERBAY,"1,145,000",850.36,"1,346",May-21,UPPER SERANGOON VIEW,Resale,Strata,79,"14,494",-,Apartment,1,99 yrs lease commencing from 2014,19,Outside Central Region,11 to 15
NIN RESIDENCE,"1,080,000",850.36,"1,270",May-21,PHENG GECK AVENUE,Resale,Strata,79,"13,671",-,Apartment,1,99 yrs lease commencing from 2010,13,Rest of Central Region,11 to 15
THE MARQ ON PATERSON HILL,"13,300,000","3,089.27","4,305",May-21,PATERSON HILL,Resale,Strata,287,"46,341",-,Condominium,1,Freehold,09,Core Central Region,11 to 15
THE MEYERISE,"5,200,000","2,055.92","2,529",May-21,MEYER ROAD,Resale,Strata,191,"27,225",-,Condominium,1,Freehold,15,Rest of Central Region,26 to 30
CITYSCAPE @FARRER PARK,"1,375,000",968.76,"1,419",May-21,MERGUI ROAD,Resale,Strata,90,"15,278",-,Condominium,1,Freehold,08,Rest of Central Region,01 to 05
SELETAR PARK RESIDENCE,"600,000",527.44,"1,138",May-21,SELETAR ROAD,Resale,Strata,49,"12,245",-,Condominium,1,99 yrs lease commencing from 2011,28,Outside Central Region,01 to 05
HILLVIEW REGENCY,"1,050,000","1,130.22",929,May-21,BUKIT BATOK EAST AVENUE 2,Resale,Strata,105,"10,000",-,Condominium,1,99 yrs lease commencing from 2000,23,Outside Central Region,16 to 20
LATITUDE,"6,350,000","2,766.35","2,295",May-21,JALAN MUTIARA,Resale,Strata,257,"24,708",-,Condominium,1,Freehold,10,Core Central Region,11 to 15
EAST MEADOWS,"1,330,000","1,356.26",981,May-21,TANAH MERAH KECHIL ROAD,Resale,Strata,126,"10,556",-,Condominium,1,99 yrs lease commencing from 1998,16,Outside Central Region,01 to 05
PARC VERA,"928,000",871.88,"1,064",May-21,HOUGANG STREET 32,Resale,Strata,81,"11,457",-,Condominium,1,99 yrs lease commencing from 2010,19,Outside Central Region,01 to 05
MIRAGE TOWER,"1,250,000",570.49,"2,191",May-21,KIM SENG ROAD,Resale,Strata,53,"23,585",-,Condominium,1,Freehold,09,Core Central Region,26 to 30
TANGERINE GROVE,"1,560,000","1,194.8","1,306",May-21,PAYA LEBAR CRESCENT,Resale,Strata,111,"14,054",-,Condominium,1,Freehold,19,Outside Central Region,01 to 05
PARADISE PALMS,"1,620,000","1,151.75","1,407",May-21,DUNMAN ROAD,Resale,Strata,107,"15,140",-,Apartment,1,Freehold,15,Rest of Central Region,01 to 05
SUNRISE GARDENS,"988,888","1,280.92",772,May-21,SUNRISE AVENUE,Resale,Strata,119,"8,310",-,Condominium,1,99 yrs lease commencing from 1995,28,Outside Central Region,01 to 05
TURQUOISE,"4,702,500","3,735.11","1,259",May-21,COVE DRIVE,Resale,Strata,347,"13,552",-,Condominium,1,99 yrs lease commencing from 2007,04,Core Central Region,06 to 10
SEASCAPE,"4,500,000","2,174.33","2,070",May-21,COVE WAY,Resale,Strata,202,"22,277",-,Condominium,1,99 yrs lease commencing from 2007,04,Core Central Region,06 to 10
ASTON MANSIONS,"965,000","1,140.98",846,May-21,LORONG 42 GEYLANG,Resale,Strata,106,"9,104",-,Apartment,1,99 yrs lease commencing from 1995,14,Rest of Central Region,01 to 05
SKIES MILTONIA,"580,000",484.38,"1,197",May-21,MILTONIA CLOSE,Resale,Strata,45,"12,889",-,Condominium,1,99 yrs lease commencing from 2012,27,Outside Central Region,01 to 05
ARDMORE II,"6,250,000","2,023.63","3,089",May-21,ARDMORE PARK,Resale,Strata,188,"33,245",-,Condominium,1,Freehold,10,Core Central Region,31 to 35
WHITEHAVEN,"1,660,000","1,151.75","1,441",May-21,PASIR PANJANG ROAD,Resale,Strata,107,"15,514",-,Apartment,1,Freehold,05,Rest of Central Region,01 to 05
DUCHESS RESIDENCES,"2,770,000","1,463.9","1,892",May-21,DUCHESS AVENUE,Resale,Strata,136,"20,368",-,Condominium,1,999 yrs lease commencing from 1875,10,Core Central Region,01 to 05
WESTCOVE CONDOMINIUM,"930,000","1,119.46",831,May-21,WEST COAST CRESCENT,Resale,Strata,104,"8,942",-,Condominium,1,99 yrs lease commencing from 1995,05,Outside Central Region,01 to 05
SOPHIA HILLS,"1,130,000",570.49,"1,981",May-21,MOUNT SOPHIA,Resale,Strata,53,"21,321",-,Condominium,1,99 yrs lease commencing from 2013,09,Core Central Region,01 to 05
LE REGAL,"495,000",365.98,"1,353",May-21,GEYLANG ROAD,Resale,Strata,34,"14,559",-,Apartment,1,Freehold,14,Rest of Central Region,01 to 05
SIGNATURE PARK,"1,428,000","1,054.87","1,354",May-21,TOH TUCK ROAD,Resale,Strata,98,"14,571",-,Condominium,1,Freehold,21,Rest of Central Region,06 to 10
THE SIXTH AVENUE RESIDENCES,"1,786,000",968.76,"1,844",May-21,SIXTH AVENUE,Resale,Strata,90,"19,844",-,Condominium,1,Freehold,10,Core Central Region,01 to 05
NEWTON 18,"1,748,000",925.7,"1,888",May-21,NEWTON ROAD,Resale,Strata,86,"20,326",-,Apartment,1,Freehold,11,Core Central Region,21 to 25
SUNSHINE LOFT,"950,000",721.19,"1,317",May-21,LORONG L TELOK KURAU,Resale,Strata,67,"14,179",-,Apartment,1,Freehold,15,Outside Central Region,01 to 05
MARINA ONE RESIDENCES,"4,283,433","1,582.31","2,707",May-21,MARINA WAY,Resale,Strata,147,"29,139",-,Apartment,1,99 yrs lease commencing from 2011,01,Core Central Region,21 to 25
FLO RESIDENCE,"925,000","1,011.82",914,May-21,PUNGGOL FIELD WALK,Resale,Strata,94,"9,840",-,Condominium,1,99 yrs lease commencing from 2011,19,Outside Central Region,01 to 05
THE VISION,"1,305,000",904.18,"1,443",May-21,WEST COAST CRESCENT,Resale,Strata,84,"15,536",-,Condominium,1,99 yrs lease commencing from 2008,05,Outside Central Region,26 to 30
ONE LEICESTER,"1,880,000","1,291.68","1,455",May-21,LEICESTER ROAD,Resale,Strata,120,"15,667",-,Condominium,1,Freehold,13,Rest of Central Region,06 to 10
CASA MERAH,"1,700,000","1,539.25","1,104",May-21,TANAH MERAH KECHIL AVENUE,Resale,Strata,143,"11,888",-,Apartment,1,99 yrs lease commencing from 2006,16,Outside Central Region,06 to 10
TURQUOISE,"3,207,910","2,088.22","1,536",May-21,COVE DRIVE,Resale,Strata,194,"16,536",-,Condominium,1,99 yrs lease commencing from 2007,04,Core Central Region,01 to 05
VIZ AT HOLLAND,"1,400,000",818.06,"1,711",May-21,QUEENSWAY,Resale,Strata,76,"18,421",-,Condominium,1,Freehold,10,Core Central Region,06 to 10
RIVER ISLES,"1,260,000","1,420.85",887,May-21,EDGEDALE PLAINS,Resale,Strata,132,"9,545",-,Condominium,1,99 yrs lease commencing from 2012,19,Outside Central Region,01 to 05
WATERVIEW,"1,240,000","1,130.22","1,097",May-21,TAMPINES AVENUE 1,Resale,Strata,105,"11,810",-,Condominium,1,99 yrs lease commencing from 2010,18,Outside Central Region,06 to 10
MI CASA,"1,200,000","1,280.92",937,May-21,CHOA CHU KANG AVENUE 3,Resale,Strata,119,"10,084",-,Condominium,1,99 yrs lease commencing from 2008,23,Outside Central Region,01 to 05
BUCKLEY 18,"2,688,888","1,517.72","1,772",May-21,BUCKLEY ROAD,Resale,Strata,141,"19,070",-,Apartment,1,Freehold,11,Core Central Region,01 to 05
LUMIERE,"1,060,000",624.31,"1,698",May-21,MISTRI ROAD,Resale,Strata,58,"18,276",-,Apartment,1,99 yrs lease commencing from 2006,02,Core Central Region,26 to 30
D'LEEDON,"1,710,000","1,076.4","1,589",May-21,LEEDON HEIGHTS,Resale,Strata,100,"17,100",-,Condominium,1,99 yrs lease commencing from 2010,10,Core Central Region,06 to 10
DOUBLE BAY RESIDENCES,"1,328,000","1,270.15","1,046",May-21,SIMEI STREET 4,Resale,Strata,118,"11,254",-,Condominium,1,99 yrs lease commencing from 2008,18,Outside Central Region,01 to 05
MANDARIN GARDENS,"1,770,000","1,571.54","1,126",May-21,SIGLAP ROAD,Resale,Strata,146,"12,123",-,Condominium,1,99 yrs lease commencing from 1982,15,Outside Central Region,11 to 15
ESTELLA GARDENS,"860,000",936.47,918,May-21,FLORA ROAD,Resale,Strata,87,"9,885",-,Condominium,1,Freehold,17,Outside Central Region,01 to 05
KINGSFORD . HILLVIEW PEAK,"675,000",516.67,"1,306",May-21,HILLVIEW RISE,Resale,Strata,48,"14,063",-,Condominium,1,99 yrs lease commencing from 2012,23,Outside Central Region,06 to 10
ESPADA,"1,445,000",688.9,"2,098",May-21,ST. THOMAS WALK,Resale,Strata,64,"22,578",-,Apartment,1,Freehold,09,Core Central Region,16 to 20
THE LAKESHORE,"1,325,000","1,184.04","1,119",May-21,JURONG WEST STREET 41,Resale,Strata,110,"12,045",-,Condominium,1,99 yrs lease commencing from 2002,22,Outside Central Region,11 to 15
REFLECTIONS AT KEPPEL BAY,"1,680,000","1,001.05","1,678",May-21,KEPPEL BAY VIEW,Resale,Strata,93,"18,065",-,Condominium,1,99 yrs lease commencing from 2006,04,Rest of Central Region,11 to 15
SUITES @ PAYA LEBAR,"610,000",409.03,"1,491",May-21,UPPER PAYA LEBAR ROAD,Resale,Strata,38,"16,053",-,Apartment,1,Freehold,19,Outside Central Region,01 to 05
PARC OLYMPIA,"660,000",656.6,"1,005",May-21,FLORA DRIVE,Resale,Strata,61,"10,820",-,Condominium,1,99 yrs lease commencing from 2012,17,Outside Central Region,01 to 05
THE CAPE,"1,800,000",968.76,"1,858",May-21,AMBER ROAD,Resale,Strata,90,"20,000",-,Apartment,1,Freehold,15,Rest of Central Region,11 to 15
THE MAYLEA,"1,770,000","1,205.57","1,468",May-21,PASIR PANJANG ROAD,Resale,Strata,112,"15,804",-,Condominium,1,Freehold,05,Rest of Central Region,01 to 05
# 1 SUITES,"660,000",559.73,"1,179",May-21,LORONG 20 GEYLANG,Resale,Strata,52,"12,692",-,Apartment,1,Freehold,14,Rest of Central Region,01 to 05
EIGHT RIVERSUITES,"1,930,000","1,356.26","1,423",May-21,WHAMPOA EAST,Resale,Strata,126,"15,317",-,Condominium,1,99 yrs lease commencing from 2011,12,Rest of Central Region,21 to 25
VOLARI,"2,910,000","1,323.97","2,198",May-21,BALMORAL ROAD,Resale,Strata,123,"23,659",-,Condominium,1,Freehold,10,Core Central Region,06 to 10
THE MAKENA,"2,150,000","1,291.68","1,664",May-21,MEYER ROAD,Resale,Strata,120,"17,917",-,Condominium,1,Freehold,15,Rest of Central Region,11 to 15
TERRENE AT BUKIT TIMAH,"2,700,000","1,550.02","1,742",May-21,JALAN JURONG KECHIL,Resale,Strata,144,"18,750",-,Condominium,1,999 yrs lease commencing from 1885,21,Rest of Central Region,01 to 05
BLISS RESIDENCES,"1,020,000",839.59,"1,215",May-21,JALAN MASJID,Resale,Strata,78,"13,077",-,Apartment,1,Freehold,14,Outside Central Region,01 to 05
POLLEN & BLEU,"1,528,000",871.88,"1,753",May-21,FARRER DRIVE,Resale,Strata,81,"18,864",-,Condominium,1,99 yrs lease commencing from 2012,10,Core Central Region,01 to 05
NATHAN PLACE,"2,120,000","1,130.22","1,876",May-21,NATHAN ROAD,Resale,Strata,105,"20,190",-,Condominium,1,Freehold,10,Core Central Region,01 to 05
SPOTTISWOODE 18,"1,345,000",656.6,"2,048",May-21,SPOTTISWOODE PARK ROAD,Resale,Strata,61,"22,049",-,Apartment,1,Freehold,02,Rest of Central Region,26 to 30
KOVAN MELODY,"1,400,000","1,227.1","1,141",May-21,KOVAN ROAD,Resale,Strata,114,"12,281",-,Condominium,1,99 yrs lease commencing from 2004,19,Outside Central Region,11 to 15
PARKSHORE,"2,600,000","1,636.13","1,589",May-21,TANJONG RHU ROAD,Resale,Strata,152,"17,105",-,Condominium,1,Freehold,15,Rest of Central Region,11 to 15
BOTANIQUE AT BARTLEY,"750,000",516.67,"1,452",May-21,UPPER PAYA LEBAR ROAD,Resale,Strata,48,"15,625",-,Condominium,1,99 yrs lease commencing from 2014,19,Outside Central Region,01 to 05
HIGH PARK RESIDENCES,"760,000",592.02,"1,284",May-21,FERNVALE ROAD,Resale,Strata,55,"13,818",-,Apartment,1,99 yrs lease commencing from 2014,28,Outside Central Region,16 to 20
THE OCEANFRONT @ SENTOSA COVE,"2,568,000","1,711.48","1,500",May-21,OCEAN DRIVE,Resale,Strata,159,"16,151",-,Condominium,1,99 yrs lease commencing from 2005,04,Core Central Region,01 to 05
PANDAN VALLEY,"2,650,000","2,185.09","1,213",May-21,PANDAN VALLEY,Resale,Strata,203,"13,054",-,Condominium,1,Freehold,21,Rest of Central Region,01 to 05
EBONY MANSIONS,"1,555,000","1,194.8","1,301",May-21,LORONG M TELOK KURAU,Resale,Strata,111,"14,009",-,Apartment,1,Freehold,15,Outside Central Region,01 to 05
VILLA MARINA,"1,350,000","1,496.2",902,May-21,JALAN SEMPADAN,Resale,Strata,139,"9,712",-,Condominium,1,99 yrs lease commencing from 1995,15,Outside Central Region,01 to 05
SUNFLOWER REGENCY,"968,000","1,151.75",840,May-21,LORONG 20 GEYLANG,Resale,Strata,107,"9,047",-,Apartment,1,Freehold,14,Rest of Central Region,01 to 05
PALMERA RESIDENCE,"1,310,000","1,528.49",857,May-21,LORONG N TELOK KURAU,Resale,Strata,142,"9,225",-,Apartment,1,Freehold,15,Outside Central Region,01 to 05
BARTLEY RIDGE,"1,568,000","1,033.34","1,517",May-21,MOUNT VERNON ROAD,Resale,Strata,96,"16,333",-,Condominium,1,99 yrs lease commencing from 2012,13,Rest of Central Region,11 to 15
NEWTON LODGE,"2,460,000","1,506.96","1,632",May-21,NEWTON ROAD,Resale,Strata,140,"17,571",-,Apartment,1,Freehold,11,Core Central Region,01 to 05
TIERRA VUE,"2,100,000","1,453.14","1,445",May-21,ST. PATRICK'S ROAD,Resale,Strata,135,"15,556",-,Condominium,1,Freehold,15,Outside Central Region,01 to 05
BAYSHORE PARK,"1,268,000","1,173.28","1,081",May-21,BAYSHORE ROAD,Resale,Strata,109,"11,633",-,Condominium,1,99 yrs lease commencing from 1982,16,Outside Central Region,21 to 25
DORMER PARK,"4,050,000","2,346.55","1,726",May-21,JERVOIS ROAD,Resale,Strata,218,"18,578",-,Condominium,1,Freehold,10,Core Central Region,06 to 10
SAVANNAH CONDOPARK,"1,269,000","1,453.14",873,May-21,SIMEI RISE,Resale,Strata,135,"9,400",-,Condominium,1,99 yrs lease commencing from 2000,18,Outside Central Region,01 to 05
COSTA DEL SOL,"1,530,000","1,237.86","1,236",May-21,BAYSHORE ROAD,Resale,Strata,115,"13,304",-,Condominium,1,99 yrs lease commencing from 1997,16,Outside Central Region,06 to 10
CHANTILLY RISE,"1,108,000",947.23,"1,170",May-21,HILLVIEW AVENUE,Resale,Strata,88,"12,591",-,Condominium,1,Freehold,23,Outside Central Region,01 to 05
TEMBELING COURT,"1,220,000",818.06,"1,491",May-21,TEMBELING ROAD,Resale,Strata,76,"16,053",-,Apartment,1,Freehold,15,Rest of Central Region,01 to 05
GARDENVISTA,"1,810,000","1,323.97","1,367",May-21,DUNEARN ROAD,Resale,Strata,123,"14,715",-,Condominium,1,99 yrs lease commencing from 1999,21,Rest of Central Region,01 to 05
FLORIDIAN,"4,100,000","2,346.55","1,747",May-21,BUKIT TIMAH ROAD,Resale,Strata,218,"18,807",-,Condominium,1,Freehold,21,Rest of Central Region,06 to 10
ASCENTIA SKY,"2,450,000","1,819.12","1,347",May-21,ALEXANDRA VIEW,Resale,Strata,169,"14,497",-,Condominium,1,99 yrs lease commencing from 2008,03,Rest of Central Region,11 to 15
URBAN VISTA,"675,000",538.2,"1,254",May-21,TANAH MERAH KECHIL LINK,Resale,Strata,50,"13,500",-,Condominium,1,99 yrs lease commencing from 2012,16,Outside Central Region,01 to 05
WATER PLACE,"1,620,000","1,216.33","1,332",May-21,TANJONG RHU ROAD,Resale,Strata,113,"14,336",-,Condominium,1,99 yrs lease commencing from 1998,15,Rest of Central Region,06 to 10
BAYOU RESIDENCE,"1,100,000",936.47,"1,175",May-21,UPPER PAYA LEBAR ROAD,Resale,Strata,87,"12,644",-,Apartment,1,Freehold,19,Outside Central Region,01 to 05
SAVANNAH CONDOPARK,"1,010,000","1,227.1",823,May-21,SIMEI RISE,Resale,Strata,114,"8,860",-,Condominium,1,99 yrs lease commencing from 2000,18,Outside Central Region,01 to 05
SOUTHAVEN II,"1,025,000",818.06,"1,253",May-21,HINDHEDE WALK,Resale,Strata,76,"13,487",-,Condominium,1,999 yrs lease commencing from 1877,21,Outside Central Region,01 to 05
EIGHT RIVERSUITES,"1,080,000",699.66,"1,544",May-21,WHAMPOA EAST,Resale,Strata,65,"16,615",-,Condominium,1,99 yrs lease commencing from 2011,12,Rest of Central Region,21 to 25
THE WATERINA,"1,521,000","1,227.1","1,240",May-21,LORONG 40 GEYLANG,Resale,Strata,114,"13,342",-,Apartment,1,Freehold,14,Rest of Central Region,01 to 05
MIRAGE TOWER,"2,380,000","1,227.1","1,940",May-21,KIM SENG ROAD,Resale,Strata,114,"20,877",-,Condominium,1,Freehold,09,Core Central Region,21 to 25
THE MINTON,"1,060,000",936.47,"1,132",May-21,HOUGANG STREET 11,Resale,Strata,87,"12,184",-,Condominium,1,99 yrs lease commencing from 2007,19,Outside Central Region,11 to 15
BEDOK RESIDENCES,"1,400,000",850.36,"1,646",May-21,BEDOK NORTH DRIVE,Resale,Strata,79,"17,722",-,Apartment,1,99 yrs lease commencing from 2011,16,Outside Central Region,11 to 15
DORSETT RESIDENCES,"970,000",484.38,"2,003",May-21,NEW BRIDGE ROAD,Resale,Strata,45,"21,556",-,Apartment,1,99 yrs lease commencing from 2009,02,Rest of Central Region,01 to 05
HILLS APARTMENT,"5,580,000","3,186.14","1,751",May-21,GOLDHILL AVENUE,Resale,Strata,296,"18,851",-,Apartment,1,Freehold,11,Core Central Region,06 to 10
LAKEVILLE,"1,185,000",775.01,"1,529",May-21,JURONG LAKE LINK,Resale,Strata,72,"16,458",-,Condominium,1,99 yrs lease commencing from 2013,22,Outside Central Region,11 to 15
CENTRAL GREEN CONDOMINIUM,"1,890,000","1,291.68","1,463",May-21,JALAN MEMBINA,Resale,Strata,120,"15,750",-,Condominium,1,99 yrs lease commencing from 1992,03,Rest of Central Region,16 to 20
THE CASCADIA,"2,385,000","1,248.62","1,910",May-21,BUKIT TIMAH ROAD,Resale,Strata,116,"20,560",-,Condominium,1,Freehold,21,Rest of Central Region,06 to 10
KEMBANGAN SUITES,"760,000",527.44,"1,441",May-21,JALAN MASJID,Resale,Strata,49,"15,510",-,Apartment,1,Freehold,14,Outside Central Region,01 to 05
SELETAR PARK RESIDENCE,"970,000",839.59,"1,155",May-21,SELETAR ROAD,Resale,Strata,78,"12,436",-,Condominium,1,99 yrs lease commencing from 2011,28,Outside Central Region,01 to 05
THE BROOKS I,"806,000",570.49,"1,413",May-21,SPRINGSIDE WALK,Resale,Strata,53,"15,208",-,Apartment,1,Freehold,26,Outside Central Region,01 to 05
WATERVIEW,"1,390,000","1,323.97","1,050",May-21,TAMPINES AVENUE 1,Resale,Strata,123,"11,301",-,Condominium,1,99 yrs lease commencing from 2010,18,Outside Central Region,06 to 10
ROSEWOOD,"760,000","1,033.34",735,May-21,ROSEWOOD DRIVE,Resale,Strata,96,"7,917",-,Condominium,1,99 yrs lease commencing from 2000,25,Outside Central Region,11 to 15
PARC CENTENNIAL,"1,860,000","1,248.62","1,490",May-21,KAMPONG JAVA ROAD,Resale,Strata,116,"16,034",-,Apartment,1,Freehold,09,Core Central Region,06 to 10
THE INTERLACE,"2,420,000","2,120.51","1,141",May-21,DEPOT ROAD,Resale,Strata,197,"12,284",-,Condominium,1,99 yrs lease commencing from 2009,04,Rest of Central Region,01 to 05
THE INTERWEAVE,"930,000",688.9,"1,350",May-21,KIM KEAT ROAD,Resale,Strata,64,"14,531",-,Apartment,1,Freehold,12,Rest of Central Region,06 to 10
BOTANIQUE AT BARTLEY,"1,000,000",656.6,"1,523",May-21,UPPER PAYA LEBAR ROAD,Resale,Strata,61,"16,393",-,Condominium,1,99 yrs lease commencing from 2014,19,Outside Central Region,06 to 10
BOTANIQUE AT BARTLEY,"1,200,000",731.95,"1,639",May-21,UPPER PAYA LEBAR ROAD,Resale,Strata,68,"17,647",-,Condominium,1,99 yrs lease commencing from 2014,19,Outside Central Region,11 to 15
BEDOK RESIDENCES,"1,260,000",925.7,"1,361",May-21,BEDOK NORTH DRIVE,Resale,Strata,86,"14,651",-,Apartment,1,99 yrs lease commencing from 2011,16,Outside Central Region,01 to 05
INTERNATIONAL PLAZA,"1,200,000","1,033.34","1,161",May-21,ANSON ROAD,Resale,Strata,96,"12,500",-,Apartment,1,99 yrs lease commencing from 1970,02,Core Central Region,36 to 40
PALM ISLES,"570,000",516.67,"1,103",May-21,FLORA DRIVE,Resale,Strata,48,"11,875",-,Condominium,1,99 yrs lease commencing from 2011,17,Outside Central Region,01 to 05
SUNGLADE,"1,250,000","1,044.11","1,197",May-21,SERANGOON AVENUE 2,Resale,Strata,97,"12,887",-,Condominium,1,99 yrs lease commencing from 2000,19,Outside Central Region,11 to 15
THE MINTON,"1,490,000","1,216.33","1,225",May-21,HOUGANG STREET 11,Resale,Strata,113,"13,186",-,Condominium,1,99 yrs lease commencing from 2007,19,Outside Central Region,11 to 15
ARCHIPELAGO,"766,000",667.37,"1,148",May-21,BEDOK RESERVOIR ROAD,Resale,Strata,62,"12,355",-,Condominium,1,99 yrs lease commencing from 2011,16,Outside Central Region,01 to 05
JEWEL @ BUANGKOK,"1,000,000",775.01,"1,290",May-21,COMPASSVALE BOW,Resale,Strata,72,"13,889",-,Condominium,1,99 yrs lease commencing from 2012,19,Outside Central Region,06 to 10
KOVAN REGENCY,"870,000",624.31,"1,394",May-21,KOVAN RISE,Resale,Strata,58,"15,000",-,Condominium,1,99 yrs lease commencing from 2012,19,Outside Central Region,06 to 10
PARC MONDRIAN,"1,800,000","1,388.56","1,296",May-21,WOODLEIGH CLOSE,Resale,Strata,129,"13,953",-,Apartment,1,Freehold,13,Rest of Central Region,01 to 05
THE SAIL @ MARINA BAY,"1,400,000",688.9,"2,032",May-21,MARINA BOULEVARD,Resale,Strata,64,"21,875",-,Apartment,1,99 yrs lease commencing from 2002,01,Core Central Region,21 to 25
CASPIAN,"628,000",462.85,"1,357",May-21,LAKESIDE DRIVE,Resale,Strata,43,"14,605",-,Condominium,1,99 yrs lease commencing from 2008,22,Outside Central Region,01 to 05
ROSEVALE,"2,450,000","1,388.56","1,764",May-21,LINCOLN ROAD,Resale,Strata,129,"18,992",-,Apartment,1,Freehold,11,Core Central Region,01 to 05
SYMPHONY SUITES,"1,045,000",914.94,"1,142",May-21,YISHUN CLOSE,Resale,Strata,85,"12,294",-,Condominium,1,99 yrs lease commencing from 2014,27,Outside Central Region,11 to 15
THE PANORAMA,"1,022,500",699.66,"1,461",May-21,ANG MO KIO AVENUE 2,Resale,Strata,65,"15,731",-,Condominium,1,99 yrs lease commencing from 2013,20,Outside Central Region,01 to 05
SENNETT RESIDENCE,"1,205,000",893.41,"1,349",May-21,PHENG GECK AVENUE,Resale,Strata,83,"14,518",-,Condominium,1,99 yrs lease commencing from 2011,13,Rest of Central Region,01 to 05
COSTA RHU,"1,520,000","1,399.32","1,086",May-21,RHU CROSS,Resale,Strata,130,"11,692",-,Condominium,1,99 yrs lease commencing from 1994,15,Rest of Central Region,01 to 05
CASABLANCA,"1,000,000","1,323.97",755,May-21,ROSEWOOD DRIVE,Resale,Strata,123,"8,130",-,Condominium,1,99 yrs lease commencing from 2001,25,Outside Central Region,01 to 05
MY MANHATTAN,"1,740,000","1,442.38","1,206",May-21,SIMEI STREET 3,Resale,Strata,134,"12,985",-,Condominium,1,99 yrs lease commencing from 2010,18,Outside Central Region,01 to 05
WALLICH RESIDENCE,"5,860,000","1,657.66","3,535",May-21,WALLICH STREET,Resale,Strata,154,"38,052",-,Apartment,1,99 yrs lease commencing from 2011,02,Core Central Region,51 to 55
RIPPLE BAY,"1,185,000","1,065.64","1,112",May-21,PASIR RIS LINK,Resale,Strata,99,"11,970",-,Condominium,1,99 yrs lease commencing from 2011,18,Outside Central Region,01 to 05
MERAWOODS,"1,685,000","1,410.08","1,195",May-21,HILLVIEW AVENUE,Resale,Strata,131,"12,863",-,Condominium,1,999 yrs lease commencing from 1885,23,Outside Central Region,06 to 10
REGENCY LODGE,"2,140,000","1,280.92","1,671",May-21,SHANGHAI ROAD,Resale,Strata,119,"17,983",-,Apartment,1,Freehold,10,Core Central Region,06 to 10
ONE EIGHTIES RESIDENCES,"1,900,000","1,280.92","1,483",May-21,JOO CHIAT TERRACE,Resale,Strata,119,"15,966",-,Apartment,1,Freehold,15,Rest of Central Region,01 to 05
J GATEWAY,"1,500,000",893.41,"1,679",May-21,GATEWAY DRIVE,Resale,Strata,83,"18,072",-,Condominium,1,99 yrs lease commencing from 2012,22,Outside Central Region,11 to 15
SOLEIL @ SINARAN,"1,100,000",581.26,"1,892",May-21,SINARAN DRIVE,Resale,Strata,54,"20,370",-,Condominium,1,99 yrs lease commencing from 2006,11,Core Central Region,31 to 35
PARKSHORE,"2,400,000","1,334.74","1,798",May-21,TANJONG RHU ROAD,Resale,Strata,124,"19,355",-,Condominium,1,Freehold,15,Rest of Central Region,06 to 10
HIGH PARK RESIDENCES,"810,000",667.37,"1,214",May-21,FERNVALE ROAD,Resale,Strata,62,"13,065",-,Apartment,1,99 yrs lease commencing from 2014,28,Outside Central Region,06 to 10
RIVERSAILS,"1,003,888",947.23,"1,060",May-21,UPPER SERANGOON CRESCENT,Resale,Strata,88,"11,408",-,Condominium,1,99 yrs lease commencing from 2011,19,Outside Central Region,06 to 10
D'ECOSIA,"1,462,000",871.88,"1,677",May-21,STILL ROAD SOUTH,Resale,Strata,81,"18,049",-,Condominium,1,Freehold,15,Outside Central Region,01 to 05
VISTA RESIDENCES,"2,080,000","1,313.21","1,584",May-21,JALAN DATOH,Resale,Strata,122,"17,049",-,Condominium,1,Freehold,12,Rest of Central Region,11 to 15
EMILY RESIDENCE,"949,000",656.6,"1,445",May-21,MOUNT EMILY ROAD,Resale,Strata,61,"15,557",-,Apartment,1,Freehold,09,Core Central Region,01 to 05
ST THOMAS SUITES,"4,300,000","2,012.87","2,136",May-21,ST. THOMAS WALK,Resale,Strata,187,"22,995",-,Condominium,1,Freehold,09,Core Central Region,11 to 15
VIBES@UPPER SERANGOON,"605,000",441.32,"1,371",May-21,UPPER SERANGOON ROAD,Resale,Strata,41,"14,756",-,Apartment,1,Freehold,19,Outside Central Region,01 to 05
PARC OASIS,"980,000","1,076.4",910,May-21,JURONG EAST AVENUE 1,Resale,Strata,100,"9,800",-,Condominium,1,99 yrs lease commencing from 1991,22,Outside Central Region,06 to 10
RIVER ISLES,"1,280,000","1,227.1","1,043",May-21,EDGEDALE PLAINS,Resale,Strata,114,"11,228",-,Condominium,1,99 yrs lease commencing from 2012,19,Outside Central Region,06 to 10
SKYLINE 360 @ SAINT THOMAS WALK,"3,968,888","1,733","2,290",May-21,ST. THOMAS WALK,Resale,Strata,161,"24,651",-,Condominium,1,Freehold,09,Core Central Region,11 to 15
WATERTOWN,"768,000",527.44,"1,456",May-21,PUNGGOL CENTRAL,Resale,Strata,49,"15,673",-,Apartment,1,99 yrs lease commencing from 2011,19,Outside Central Region,11 to 15
HILLION RESIDENCES,"730,000",473.62,"1,541",May-21,JELEBU ROAD,Resale,Strata,44,"16,591",-,Apartment,1,99 yrs lease commencing from 2013,23,Outside Central Region,06 to 10
CARDIFF RESIDENCE,"775,000",624.31,"1,241",May-21,CARDIFF GROVE,Resale,Strata,58,"13,362",-,Condominium,1,99 yrs lease commencing from 2011,19,Outside Central Region,01 to 05
PARC HAVEN,"1,738,888","1,388.56","1,252",May-21,LORONG LIMAU,Resale,Strata,129,"13,480",-,Apartment,1,Freehold,12,Rest of Central Region,01 to 05
MELVILLE PARK,"890,000","1,345.5",661,May-21,SIMEI STREET 1,Resale,Strata,125,"7,120",-,Condominium,1,99 yrs lease commencing from 1992,18,Outside Central Region,01 to 05
MELVILLE PARK,"770,000","1,162.51",662,May-21,SIMEI STREET 1,Resale,Strata,108,"7,130",-,Condominium,1,99 yrs lease commencing from 1992,18,Outside Central Region,01 to 05
QUBE SUITES,"600,000",430.56,"1,394",May-21,JALAN PUNAI,Resale,Strata,40,"15,000",-,Apartment,1,Freehold,14,Outside Central Region,01 to 05
ALEX RESIDENCES,"1,700,000",925.7,"1,836",May-21,ALEXANDRA VIEW,Resale,Strata,86,"19,767",-,Apartment,1,99 yrs lease commencing from 2013,03,Rest of Central Region,11 to 15
HIGH PARK RESIDENCES,"768,000",592.02,"1,297",May-21,FERNVALE ROAD,Resale,Strata,55,"13,964",-,Apartment,1,99 yrs lease commencing from 2014,28,Outside Central Region,11 to 15
THE GARDENS AT BISHAN,"1,265,000","1,367.03",925,May-21,SIN MING WALK,Resale,Strata,127,"9,961",-,Condominium,1,99 yrs lease commencing from 1997,20,Rest of Central Region,01 to 05
THE TENNERY,"730,000",613.55,"1,190",May-21,WOODLANDS ROAD,Resale,Strata,57,"12,807",-,Apartment,1,99 yrs lease commencing from 2010,23,Outside Central Region,16 to 20
WALLICH RESIDENCE,"7,924,000","1,980.58","4,001",May-21,WALLICH STREET,Resale,Strata,184,"43,065",-,Apartment,1,99 yrs lease commencing from 2011,02,Core Central Region,61 to 65
RICH MANSIONS,"3,015,000","1,765.3","1,708",May-21,BUKIT TIMAH ROAD,Resale,Strata,164,"18,384",-,Condominium,1,Freehold,10,Core Central Region,06 to 10
GUILLEMARD EDGE,"620,000",409.03,"1,516",May-21,LORONG 30 GEYLANG,Resale,Strata,38,"16,316",-,Apartment,1,Freehold,14,Rest of Central Region,01 to 05
THE MERCURY,"1,280,000",635.08,"2,016",May-21,SHANGHAI ROAD,Resale,Strata,59,"21,695",-,Apartment,1,Freehold,10,Core Central Region,16 to 20
FLAMINGO VALLEY,"1,560,000",990.29,"1,575",May-21,SIGLAP ROAD,Resale,Strata,92,"16,957",-,Condominium,1,Freehold,15,Outside Central Region,01 to 05
WEST BAY CONDOMINIUM,"808,000",893.41,904,May-21,WEST COAST CRESCENT,Resale,Strata,83,"9,735",-,Condominium,1,99 yrs lease commencing from 1991,05,Outside Central Region,01 to 05
THE METROPOLITAN CONDOMINIUM,"2,270,000","1,420.85","1,598",May-21,ALEXANDRA VIEW,Resale,Strata,132,"17,197",-,Condominium,1,99 yrs lease commencing from 2006,03,Rest of Central Region,21 to 25
THE QUARTZ,"1,250,000","1,044.11","1,197",May-21,COMPASSVALE BOW,Resale,Strata,97,"12,887",-,Condominium,1,99 yrs lease commencing from 2005,19,Outside Central Region,16 to 20
THE JADE,"1,420,000","1,345.5","1,055",May-21,BUKIT BATOK CENTRAL LINK,Resale,Strata,125,"11,360",-,Condominium,1,99 yrs lease commencing from 2001,23,Outside Central Region,26 to 30
SYMPHONY HEIGHTS,"1,718,000","1,345.5","1,277",May-21,HUME AVENUE,Resale,Strata,125,"13,744",-,Condominium,1,Freehold,21,Outside Central Region,06 to 10
CASUARINA COVE,"1,525,000","1,291.68","1,181",May-21,TANJONG RHU ROAD,Resale,Strata,120,"12,708",-,Condominium,1,99 yrs lease commencing from 1993,15,Rest of Central Region,06 to 10
WOODGROVE CONDOMINIUM,"1,488,000","2,023.63",735,May-21,WOODGROVE DRIVE,Resale,Strata,188,"7,915",-,Condominium,1,99 yrs lease commencing from 1997,25,Outside Central Region,01 to 05
MACKENZIE 88,"960,000",602.78,"1,593",May-21,MACKENZIE ROAD,Resale,Strata,56,"17,143",-,Apartment,1,Freehold,09,Core Central Region,06 to 10
RIVERTREES RESIDENCES,"1,500,000","1,205.57","1,244",May-21,FERNVALE CLOSE,Resale,Strata,112,"13,393",-,Apartment,1,99 yrs lease commencing from 2013,28,Outside Central Region,06 to 10
GRANGE INFINITE,"5,892,600","2,561.83","2,300",May-21,GRANGE ROAD,Resale,Strata,238,"24,759",-,Condominium,1,Freehold,09,Core Central Region,26 to 30
A TREASURE TROVE,"858,000",775.01,"1,107",May-21,PUNGGOL WALK,Resale,Strata,72,"11,917",-,Condominium,1,99 yrs lease commencing from 2011,19,Outside Central Region,01 to 05
THE TROPICA,"1,120,000","1,237.86",905,May-21,TAMPINES AVENUE 1,Resale,Strata,115,"9,739",-,Condominium,1,99 yrs lease commencing from 1996,18,Outside Central Region,11 to 15
J GATEWAY,"897,500",505.91,"1,774",May-21,GATEWAY DRIVE,Resale,Strata,47,"19,096",-,Condominium,1,99 yrs lease commencing from 2012,22,Outside Central Region,16 to 20
SPRING GROVE,"1,650,000","1,011.82","1,631",May-21,GRANGE ROAD,Resale,Strata,94,"17,553",-,Condominium,1,99 yrs lease commencing from 1991,10,Core Central Region,11 to 15
SAVANNAH CONDOPARK,"1,290,000","1,453.14",888,May-21,SIMEI RISE,Resale,Strata,135,"9,556",-,Condominium,1,99 yrs lease commencing from 2000,18,Outside Central Region,01 to 05
THE GLADES,"1,324,000",925.7,"1,430",May-21,BEDOK RISE,Resale,Strata,86,"15,395",-,Condominium,1,99 yrs lease commencing from 2013,16,Outside Central Region,11 to 15
PARC OLYMPIA,"905,000",968.76,934,May-21,FLORA DRIVE,Resale,Strata,90,"10,056",-,Condominium,1,99 yrs lease commencing from 2012,17,Outside Central Region,01 to 05
CASABLANCA,"838,000","1,130.22",741,May-21,ROSEWOOD DRIVE,Resale,Strata,105,"7,981",-,Condominium,1,99 yrs lease commencing from 2001,25,Outside Central Region,01 to 05
THE CORNWALL,"1,400,000",882.65,"1,586",May-21,CORNWALL GARDENS,Resale,Strata,82,"17,073",-,Condominium,1,Freehold,10,Core Central Region,01 to 05
COCO PALMS,"960,000",753.48,"1,274",May-21,PASIR RIS GROVE,Resale,Strata,70,"13,714",-,Condominium,1,99 yrs lease commencing from 2008,18,Outside Central Region,06 to 10
NESS,"548,000",387.5,"1,414",May-21,LORONG 32 GEYLANG,Resale,Strata,36,"15,222",-,Apartment,1,Freehold,14,Rest of Central Region,01 to 05
LE HILL CONDOMINIUM,"1,730,000","1,442.38","1,199",May-21,PASIR PANJANG HILL,Resale,Strata,134,"12,910",-,Condominium,1,Freehold,05,Rest of Central Region,01 to 05
RIVERBANK @ FERNVALE,"1,250,000","1,054.87","1,185",May-21,FERNVALE CLOSE,Resale,Strata,98,"12,755",-,Condominium,1,99 yrs lease commencing from 2013,28,Outside Central Region,11 to 15
PARC CENTROS,"618,000",462.85,"1,335",May-21,PUNGGOL CENTRAL,Resale,Strata,43,"14,372",-,Condominium,1,99 yrs lease commencing from 2012,19,Outside Central Region,06 to 10
RESIDENTIAL APARTMENTS,"1,125,000",753.48,"1,493",May-21,OUTRAM ROAD,Resale,Strata,70,"16,071",-,Apartment,1,Freehold,03,Rest of Central Region,01 to 05
KERRISDALE,"1,435,000","1,259.39","1,139",May-21,STURDEE ROAD,Resale,Strata,117,"12,265",-,Condominium,1,99 yrs lease commencing from 1998,08,Rest of Central Region,11 to 15
MELVILLE PARK,"644,000",958,672,May-21,SIMEI STREET 1,Resale,Strata,89,"7,236",-,Condominium,1,99 yrs lease commencing from 1992,18,Outside Central Region,01 to 05
RIVERSAILS,"955,000",882.65,"1,082",May-21,UPPER SERANGOON CRESCENT,Resale,Strata,82,"11,646",-,Condominium,1,99 yrs lease commencing from 2011,19,Outside Central Region,01 to 05
JARDIN,"1,840,000","1,130.22","1,628",May-21,DUNEARN ROAD,Resale,Strata,105,"17,524",-,Condominium,1,Freehold,21,Rest of Central Region,01 to 05
RIVERTREES RESIDENCES,"710,000",581.26,"1,221",May-21,FERNVALE CLOSE,Resale,Strata,54,"13,148",-,Apartment,1,99 yrs lease commencing from 2013,28,Outside Central Region,01 to 05
RIPPLE BAY,"1,210,000","1,162.51","1,041",May-21,PASIR RIS LINK,Resale,Strata,108,"11,204",-,Condominium,1,99 yrs lease commencing from 2011,18,Outside Central Region,11 to 15
HILLINGTON GREEN,"1,868,000","1,528.49","1,222",May-21,HILLVIEW AVENUE,Resale,Strata,142,"13,155",-,Condominium,1,999 yrs lease commencing from 1883,23,Outside Central Region,06 to 10
THE MILTONIA RESIDENCES,"790,000",839.59,941,May-21,MILTONIA CLOSE,Resale,Strata,78,"10,128",-,Condominium,1,99 yrs lease commencing from 2010,27,Outside Central Region,01 to 05
PALM ISLES,"760,000",807.3,941,May-21,FLORA DRIVE,Resale,Strata,75,"10,133",-,Condominium,1,99 yrs lease commencing from 2011,17,Outside Central Region,01 to 05
JERVOIS REGENCY,"1,560,000",990.29,"1,575",May-21,JERVOIS ROAD,Resale,Strata,92,"16,957",-,Apartment,1,Freehold,10,Core Central Region,01 to 05
CASPIAN,"1,488,000","1,237.86","1,202",May-21,LAKESIDE DRIVE,Resale,Strata,115,"12,939",-,Condominium,1,99 yrs lease commencing from 2008,22,Outside Central Region,16 to 20
PALM GARDENS,"915,000","1,216.33",752,May-21,HONG SAN WALK,Resale,Strata,113,"8,097",-,Condominium,1,99 yrs lease commencing from 1996,23,Outside Central Region,11 to 15
HILLCREST ARCADIA,"1,710,000","1,711.48",999,May-21,ARCADIA ROAD,Resale,Strata,159,"10,755",-,Condominium,1,99 yrs lease commencing from 1975,11,Core Central Region,01 to 05
HILLVIEW REGENCY,"1,050,000","1,130.22",929,May-21,BUKIT BATOK EAST AVENUE 2,Resale,Strata,105,"10,000",-,Condominium,1,99 yrs lease commencing from 2000,23,Outside Central Region,16 to 20
THE SEAFRONT ON MEYER,"3,380,000","1,603.84","2,107",May-21,MEYER ROAD,Resale,Strata,149,"22,685",-,Condominium,1,Freehold,15,Rest of Central Region,21 to 25
COMMONWEALTH TOWERS,"853,000",441.32,"1,933",May-21,COMMONWEALTH AVENUE,Resale,Strata,41,"20,805",-,Condominium,1,99 yrs lease commencing from 2013,03,Rest of Central Region,16 to 20
ONE @ PULASAN,"1,450,000","1,302.44","1,113",May-21,PULASAN ROAD,Resale,Strata,121,"11,983",-,Apartment,1,Freehold,15,Rest of Central Region,01 to 05
SIMS EDGE,"899,000",581.26,"1,547",May-21,GEYLANG EAST AVENUE 2,Resale,Strata,54,"16,648",-,Apartment,1,Freehold,14,Rest of Central Region,06 to 10
MIRO,"2,100,000","1,420.85","1,478",May-21,LINCOLN ROAD,Resale,Strata,132,"15,909",-,Apartment,1,Freehold,11,Core Central Region,16 to 20
PARC VERA,"1,225,000","1,140.98","1,074",May-21,HOUGANG STREET 32,Resale,Strata,106,"11,557",-,Condominium,1,99 yrs lease commencing from 2010,19,Outside Central Region,11 to 15
FORESQUE RESIDENCES,"1,480,000","1,280.92","1,155",May-21,PETIR ROAD,Resale,Strata,119,"12,437",-,Condominium,1,99 yrs lease commencing from 2011,23,Outside Central Region,06 to 10
THE PANORAMA,"1,185,000",796.54,"1,488",May-21,ANG MO KIO AVENUE 2,Resale,Strata,74,"16,014",-,Condominium,1,99 yrs lease commencing from 2013,20,Outside Central Region,06 to 10
CHANGI RISE CONDOMINIUM,"2,072,000","3,153.85",657,May-21,SIMEI RISE,Resale,Strata,293,"7,072",-,Condominium,1,99 yrs lease commencing from 2000,18,Outside Central Region,06 to 10
CASUARINA COVE,"2,850,000","2,421.9","1,177",May-21,TANJONG RHU ROAD,Resale,Strata,225,"12,667",-,Condominium,1,99 yrs lease commencing from 1993,15,Rest of Central Region,11 to 15
THE CASSANDRA,"1,700,000","1,453.14","1,170",May-21,PASIR PANJANG ROAD,Resale,Strata,135,"12,593",-,Apartment,1,Freehold,05,Rest of Central Region,01 to 05
D'NEST,"825,000",753.48,"1,095",May-21,PASIR RIS GROVE,Resale,Strata,70,"11,786",-,Condominium,1,99 yrs lease commencing from 2010,18,Outside Central Region,01 to 05
MERAWOODS,"1,500,000","1,345.5","1,115",May-21,HILLVIEW AVENUE,Resale,Strata,125,"12,000",-,Condominium,1,999 yrs lease commencing from 1885,23,Outside Central Region,01 to 05
TOWNHOUSE APARTMENTS,"3,000,000","3,175.38",945,May-21,CAVENAGH ROAD,Resale,Strata,295,"10,169",-,Apartment,1,99 yrs lease commencing from 1977,09,Core Central Region,11 to 15
SHERWOOD CONDOMINIUM,"1,000,000",871.88,"1,147",May-21,JALAN JURONG KECHIL,Resale,Strata,81,"12,346",-,Condominium,1,Freehold,21,Rest of Central Region,06 to 10
ENG HOON MANSIONS,"2,030,000","1,593.07","1,274",May-21,ENG HOON STREET,Resale,Strata,148,"13,716",-,Apartment,1,Freehold,03,Rest of Central Region,01 to 05
PINE GROVE,"1,620,000","1,754.53",923,May-21,PINE GROVE,Resale,Strata,163,"9,939",-,Condominium,1,99 yrs lease commencing from 1984,21,Rest of Central Region,01 to 05
URBAN EDGE @ HOLLAND V,"1,725,000",968.76,"1,781",May-21,FORD AVENUE,Resale,Strata,90,"19,167",-,Apartment,1,Freehold,10,Core Central Region,01 to 05
SUITES DE LAUREL,"1,880,000","1,582.31","1,188",May-21,JALAN ANAK BUKIT,Resale,Strata,147,"12,789",-,Apartment,1,999 yrs lease commencing from 1885,21,Rest of Central Region,01 to 05
THE URBANITE,"700,000",516.67,"1,355",May-21,HERTFORD ROAD,Resale,Strata,48,"14,583",-,Apartment,1,Freehold,08,Rest of Central Region,01 to 05
THE OCEANFRONT @ SENTOSA COVE,"2,100,000","1,786.82","1,175",May-21,OCEAN DRIVE,Resale,Strata,166,"12,651",-,Condominium,1,99 yrs lease commencing from 2005,04,Core Central Region,01 to 05
YISHUN EMERALD,"845,000","1,033.34",818,May-21,CANBERRA DRIVE,Resale,Strata,96,"8,802",-,Condominium,1,99 yrs lease commencing from 1998,27,Outside Central Region,01 to 05
NADIA MANSIONS,"2,450,000","2,281.97","1,074",May-21,AH HOOD ROAD,Resale,Strata,212,"11,557",-,Apartment,1,Freehold,12,Rest of Central Region,11 to 15
SENNETT RESIDENCE,"1,100,000",710.42,"1,548",May-21,PHENG GECK AVENUE,Resale,Strata,66,"16,667",-,Condominium,1,99 yrs lease commencing from 2011,13,Rest of Central Region,06 to 10
THE LAURELS,"1,400,000",548.96,"2,550",May-21,CAIRNHILL ROAD,Resale,Strata,51,"27,451",-,Condominium,1,Freehold,09,Core Central Region,06 to 10
VILLAGE @ PASIR PANJANG,"1,450,000","1,076.4","1,347",May-21,PASIR PANJANG ROAD,Resale,Strata,100,"14,500",-,Condominium,1,Freehold,05,Rest of Central Region,01 to 05
CENTRAL VIEW,"1,050,000","1,205.57",871,May-21,HOUGANG STREET 11,Resale,Strata,112,"9,375",-,Condominium,1,99 yrs lease commencing from 1998,19,Outside Central Region,11 to 15
THE INFLORA,"750,000",742.72,"1,010",May-21,FLORA DRIVE,Resale,Strata,69,"10,870",-,Condominium,1,99 yrs lease commencing from 2012,17,Outside Central Region,01 to 05
REGENT HEIGHTS,"836,800","1,022.58",818,May-21,BUKIT BATOK EAST AVENUE 5,Resale,Strata,95,"8,808",-,Condominium,1,99 yrs lease commencing from 1995,23,Outside Central Region,26 to 30
LOYANG GARDENS,"1,180,000","1,485.43",794,May-21,JALAN LOYANG BESAR,Resale,Strata,138,"8,551",-,Condominium,1,999 yrs lease commencing from 1885,17,Outside Central Region,-
HERITAGE VIEW,"1,200,000",968.76,"1,239",May-21,DOVER RISE,Resale,Strata,90,"13,333",-,Condominium,1,99 yrs lease commencing from 1996,05,Rest of Central Region,01 to 05
MAYSPRINGS,"750,000",818.06,917,May-21,PETIR ROAD,Resale,Strata,76,"9,868",-,Apartment,1,99 yrs lease commencing from 1994,23,Outside Central Region,01 to 05
HIGHGATE,"1,625,000","1,270.15","1,279",May-21,TOH TUCK ROAD,Resale,Strata,118,"13,771",-,Condominium,1,Freehold,21,Rest of Central Region,01 to 05
KINGSFORD WATERBAY,"853,000",721.19,"1,183",May-21,UPPER SERANGOON VIEW,Resale,Strata,67,"12,731",-,Apartment,1,99 yrs lease commencing from 2014,19,Outside Central Region,06 to 10
THE INFLORA,"738,000",742.72,994,May-21,FLORA DRIVE,Resale,Strata,69,"10,696",-,Condominium,1,99 yrs lease commencing from 2012,17,Outside Central Region,01 to 05
THE MINTON,"1,285,000","1,216.33","1,056",May-21,HOUGANG STREET 11,Resale,Strata,113,"11,372",-,Condominium,1,99 yrs lease commencing from 2007,19,Outside Central Region,01 to 05
ONE-NORTH RESIDENCES,"1,650,000","1,108.69","1,488",May-21,ONE-NORTH GATEWAY,Resale,Strata,103,"16,019",-,Apartment,1,99 yrs lease commencing from 2005,05,Rest of Central Region,06 to 10
RESIDENTIAL APARTMENTS,"6,680,000","2,777.11","2,405",May-21,ORANGE GROVE ROAD,Resale,Strata,258,"25,891",-,Apartment,1,Freehold,10,Core Central Region,01 to 05
THE TRIZON,"2,068,000","1,194.8","1,731",May-21,RIDGEWOOD CLOSE,Resale,Strata,111,"18,631",-,Condominium,1,Freehold,10,Core Central Region,11 to 15
COSTA DEL SOL,"1,300,000",947.23,"1,372",May-21,BAYSHORE ROAD,Resale,Strata,88,"14,773",-,Condominium,1,99 yrs lease commencing from 1997,16,Outside Central Region,11 to 15
ROBERTSON BLUE,"3,500,000","1,819.12","1,924",May-21,ROBERTSON QUAY,Resale,Strata,169,"20,710",-,Apartment,1,Freehold,09,Core Central Region,06 to 10
SERENITY PARK,"1,678,000","1,582.31","1,060",May-21,TAMARIND ROAD,Resale,Strata,147,"11,415",-,Condominium,1,Freehold,28,Outside Central Region,01 to 05
KEMBANGAN SUITES,"810,888",538.2,"1,507",May-21,JALAN MASJID,Resale,Strata,50,"16,218",-,Apartment,1,Freehold,14,Outside Central Region,01 to 05
BURLINGTON SQUARE,"1,500,000","1,302.44","1,152",May-21,BENCOOLEN STREET,Resale,Strata,121,"12,397",-,Apartment,1,99 yrs lease commencing from 1996,07,Rest of Central Region,01 to 05
LUMIERE,"1,150,000",624.31,"1,842",May-21,MISTRI ROAD,Resale,Strata,58,"19,828",-,Apartment,1,99 yrs lease commencing from 2006,02,Core Central Region,36 to 40
HILLCREST ARCADIA,"610,000",581.26,"1,049",May-21,ARCADIA ROAD,Resale,Strata,54,"11,296",-,Condominium,1,99 yrs lease commencing from 1975,11,Core Central Region,01 to 05
THE HELICONIA,"1,500,000","1,334.74","1,124",May-21,JALAN DAUD,Resale,Strata,124,"12,097",-,Condominium,1,Freehold,14,Outside Central Region,11 to 15
EVERGREEN PARK,"828,000","1,087.16",762,May-21,HOUGANG AVENUE 7,Resale,Strata,101,"8,198",-,Apartment,1,99 yrs lease commencing from 1995,19,Outside Central Region,16 to 20
MI CASA,"1,180,000","1,237.86",953,May-21,CHOA CHU KANG AVENUE 3,Resale,Strata,115,"10,261",-,Condominium,1,99 yrs lease commencing from 2008,23,Outside Central Region,16 to 20
MY MANHATTAN,"725,000",559.73,"1,295",May-21,SIMEI STREET 3,Resale,Strata,52,"13,942",-,Condominium,1,99 yrs lease commencing from 2010,18,Outside Central Region,06 to 10
CARIBBEAN AT KEPPEL BAY,"2,200,000","1,356.26","1,622",May-21,KEPPEL BAY DRIVE,Resale,Strata,126,"17,460",-,Condominium,1,99 yrs lease commencing from 1999,04,Rest of Central Region,06 to 10
KALLANG RIVERSIDE,"3,250,000","1,431.61","2,270",May-21,KAMPONG BUGIS,Resale,Strata,133,"24,436",-,Apartment,1,Freehold,12,Rest of Central Region,16 to 20
TURQUOISE,"4,080,000","2,583.36","1,579",May-21,COVE DRIVE,Resale,Strata,240,"17,000",-,Condominium,1,99 yrs lease commencing from 2007,04,Core Central Region,01 to 05
MOUNTBATTEN SUITES,"1,620,000","1,313.21","1,234",May-21,MOUNTBATTEN ROAD,Resale,Strata,122,"13,279",-,Apartment,1,Freehold,15,Rest of Central Region,01 to 05
THE RAINTREE,"1,570,000","1,302.44","1,205",May-21,BUKIT DRIVE,Resale,Strata,121,"12,975",-,Condominium,1,99 yrs lease commencing from 2003,21,Outside Central Region,06 to 10
DYNASTY LODGE,"2,558,000","1,883.7","1,358",May-21,SIXTH AVENUE,Resale,Strata,175,"14,617",-,Apartment,1,Freehold,10,Core Central Region,01 to 05
SPRINGDALE CONDOMINIUM,"1,600,000","1,130.22","1,416",May-21,HINDHEDE WALK,Resale,Strata,105,"15,238",-,Condominium,1,999 yrs lease commencing from 1877,21,Outside Central Region,01 to 05
ONE-NORTH RESIDENCES,"860,000",592.02,"1,453",May-21,ONE-NORTH GATEWAY,Resale,Strata,55,"15,636",-,Apartment,1,99 yrs lease commencing from 2005,05,Rest of Central Region,06 to 10
THE MINTON,"965,000",979.52,985,May-21,HOUGANG STREET 11,Resale,Strata,91,"10,604",-,Condominium,1,99 yrs lease commencing from 2007,19,Outside Central Region,01 to 05
WATER PLACE,"1,620,000","1,216.33","1,332",May-21,TANJONG RHU ROAD,Resale,Strata,113,"14,336",-,Condominium,1,99 yrs lease commencing from 1998,15,Rest of Central Region,11 to 15
THE BERTH BY THE COVE,"3,400,000","3,089.27","1,101",May-21,OCEAN DRIVE,Resale,Strata,287,"11,847",-,Condominium,1,99 yrs lease commencing from 2004,04,Core Central Region,06 to 10
THE CREEK @ BUKIT,"1,830,000","1,291.68","1,417",May-21,TOH TUCK ROAD,Resale,Strata,120,"15,250",-,Condominium,1,Freehold,21,Rest of Central Region,01 to 05
WALLICH RESIDENCE,"5,168,000","1,711.48","3,020",May-21,WALLICH STREET,Resale,Strata,159,"32,503",-,Apartment,1,99 yrs lease commencing from 2011,02,Core Central Region,41 to 45
8 SAINT THOMAS,"4,680,000","1,689.95","2,769",May-21,ST. THOMAS WALK,Resale,Strata,157,"29,809",-,Condominium,1,Freehold,09,Core Central Region,16 to 20
AQUARIUS BY THE PARK,"840,000",893.41,940,May-21,BEDOK RESERVOIR VIEW,Resale,Strata,83,"10,120",-,Condominium,1,99 yrs lease commencing from 1996,16,Outside Central Region,06 to 10
NINE RESIDENCES,"665,000",570.49,"1,166",May-21,YISHUN AVENUE 9,Resale,Strata,53,"12,547",-,Apartment,1,99 yrs lease commencing from 2013,27,Outside Central Region,06 to 10
THE INFLORA,"528,000",462.85,"1,141",May-21,FLORA DRIVE,Resale,Strata,43,"12,279",-,Condominium,1,99 yrs lease commencing from 2012,17,Outside Central Region,01 to 05
THE SCALA,"760,000",473.62,"1,605",May-21,SERANGOON AVENUE 3,Resale,Strata,44,"17,273",-,Apartment,1,99 yrs lease commencing from 2010,19,Outside Central Region,06 to 10
THE ARTE,"2,910,000","1,872.94","1,554",May-21,JALAN RAJA UDANG,Resale,Strata,174,"16,724",-,Condominium,1,Freehold,12,Rest of Central Region,31 to 35
THE TRILLIUM,"6,221,170","2,389.61","2,603",May-21,KIM SENG ROAD,Resale,Strata,222,"28,023",-,Condominium,1,Freehold,09,Core Central Region,16 to 20
D'LEEDON,"1,370,000",785.77,"1,744",May-21,LEEDON HEIGHTS,Resale,Strata,73,"18,767",-,Condominium,1,99 yrs lease commencing from 2010,10,Core Central Region,11 to 15
SPOTTISWOODE PARK,"858,000",850.36,"1,009",May-21,SPOTTISWOODE PARK ROAD,Resale,Strata,79,"10,861",-,Apartment,1,99 yrs lease commencing from 1973,02,Rest of Central Region,11 to 15
RIVER ISLES,"1,205,000","1,173.28","1,027",May-21,EDGEDALE PLAINS,Resale,Strata,109,"11,055",-,Condominium,1,99 yrs lease commencing from 2012,19,Outside Central Region,11 to 15
THE CENTRIS,"1,310,000","1,270.15","1,031",May-21,JURONG WEST CENTRAL 3,Resale,Strata,118,"11,102",-,Apartment,1,99 yrs lease commencing from 2006,22,Outside Central Region,01 to 05
MARINA ONE RESIDENCES,"3,877,427","1,593.07","2,434",May-21,MARINA WAY,Resale,Strata,148,"26,199",-,Apartment,1,99 yrs lease commencing from 2011,01,Core Central Region,11 to 15
LANDRIDGE CONDOMINIUM,"2,170,000","1,646.89","1,318",May-21,PASIR PANJANG ROAD,Resale,Strata,153,"14,183",-,Condominium,1,Freehold,05,Rest of Central Region,01 to 05
HAZEL PARK CONDOMINIUM,"1,620,000","1,334.74","1,214",May-21,HAZEL PARK TERRACE,Resale,Strata,124,"13,065",-,Condominium,1,999 yrs lease commencing from 1882,23,Outside Central Region,11 to 15
THE COAST AT SENTOSA COVE,"3,130,000","2,023.63","1,547",May-21,OCEAN DRIVE,Resale,Strata,188,"16,649",-,Condominium,1,99 yrs lease commencing from 2006,04,Core Central Region,01 to 05
8@WOODLEIGH,"1,680,000","1,151.75","1,459",May-21,WOODLEIGH CLOSE,Resale,Strata,107,"15,701",-,Condominium,1,99 yrs lease commencing from 2008,13,Rest of Central Region,06 to 10
THE MINTON,"1,778,000","1,496.2","1,188",May-21,HOUGANG STREET 11,Resale,Strata,139,"12,791",-,Condominium,1,99 yrs lease commencing from 2007,19,Outside Central Region,06 to 10
ASCENTIA SKY,"1,600,000","1,011.82","1,581",May-21,ALEXANDRA VIEW,Resale,Strata,94,"17,021",-,Condominium,1,99 yrs lease commencing from 2008,03,Rest of Central Region,26 to 30
CHANGI RISE CONDOMINIUM,"845,000","1,022.58",826,May-21,SIMEI RISE,Resale,Strata,95,"8,895",-,Condominium,1,99 yrs lease commencing from 2000,18,Outside Central Region,01 to 05
VACANZA @ EAST,"975,000",807.3,"1,208",May-21,LENGKONG TUJOH,Resale,Strata,75,"13,000",-,Condominium,1,Freehold,14,Outside Central Region,06 to 10
LUMIERE,"1,216,380",635.08,"1,915",May-21,MISTRI ROAD,Resale,Strata,59,"20,617",-,Apartment,1,99 yrs lease commencing from 2006,02,Core Central Region,41 to 45
THE HELICONIA,"1,330,000","1,313.21","1,013",May-21,JALAN DAUD,Resale,Strata,122,"10,902",-,Condominium,1,Freehold,14,Outside Central Region,01 to 05
SIGNATURE PARK,"1,890,000","1,410.08","1,340",May-21,TOH TUCK ROAD,Resale,Strata,131,"14,427",-,Condominium,1,Freehold,21,Rest of Central Region,01 to 05
BALLOTA PARK CONDOMINIUM,"1,080,000","1,313.21",822,May-21,MARIAM WAY,Resale,Strata,122,"8,852",-,Condominium,1,Freehold,17,Outside Central Region,01 to 05
M21,"3,720,000","3,024.68","1,230",May-21,MANDALAY ROAD,Resale,Strata,281,"13,238",-,Apartment,1,Freehold,11,Core Central Region,16 to 20
TWENTYONE ANGULLIA PARK,"8,544,463","2,260.44","3,780",May-21,ANGULLIA PARK,Resale,Strata,210,"40,688",-,Condominium,1,Freehold,09,Core Central Region,26 to 30
Q BAY RESIDENCES,"860,000",796.54,"1,080",May-21,TAMPINES STREET 86,Resale,Strata,74,"11,622",-,Condominium,1,99 yrs lease commencing from 2012,18,Outside Central Region,06 to 10
THE TREVOSE,"2,420,000","1,894.46","1,277",May-21,TREVOSE CRESCENT,Resale,Strata,176,"13,750",-,Condominium,1,99 yrs lease commencing from 1996,11,Core Central Region,01 to 05
HILLSTA,"632,000",570.49,"1,108",May-21,PHOENIX ROAD,Resale,Strata,53,"11,925",-,Condominium,1,99 yrs lease commencing from 2011,23,Outside Central Region,06 to 10
ONE AMBER,"1,788,000",958,"1,866",May-21,AMBER GARDENS,Resale,Strata,89,"20,090",-,Condominium,1,Freehold,15,Rest of Central Region,06 to 10
ONE JERVOIS,"1,950,000",990.29,"1,969",May-21,JERVOIS CLOSE,Resale,Strata,92,"21,196",-,Condominium,1,Freehold,10,Core Central Region,11 to 15
OASIS @ ELIAS,"820,000",979.52,837,May-21,ELIAS ROAD,Resale,Strata,91,"9,011",-,Condominium,1,99 yrs lease commencing from 2008,18,Outside Central Region,01 to 05
PARKVIEW APARTMENTS,"728,000",936.47,777,May-21,BUKIT BATOK STREET 25,Resale,Strata,87,"8,368",-,Apartment,1,99 yrs lease commencing from 1994,23,Outside Central Region,11 to 15
YEWTEE RESIDENCES,"1,118,000","1,173.28",953,May-21,CHOA CHU KANG NORTH 6,Resale,Strata,109,"10,257",-,Apartment,1,99 yrs lease commencing from 2006,23,Outside Central Region,06 to 10
DAHLIA PARK CONDOMINIUM,"1,039,000","1,291.68",804,May-21,FLORA DRIVE,Resale,Strata,120,"8,658",-,Condominium,1,Freehold,17,Outside Central Region,01 to 05
SOPHIA RESIDENCE,"3,480,000","2,045.16","1,702",May-21,SOPHIA ROAD,Resale,Strata,190,"18,316",-,Condominium,1,Freehold,09,Core Central Region,06 to 10
D'NEST,"1,560,000","1,410.08","1,106",May-21,PASIR RIS GROVE,Resale,Strata,131,"11,908",-,Condominium,1,99 yrs lease commencing from 2010,18,Outside Central Region,06 to 10
THE PANORAMA,"725,000",430.56,"1,684",May-21,ANG MO KIO AVENUE 2,Resale,Strata,40,"18,125",-,Condominium,1,99 yrs lease commencing from 2013,20,Outside Central Region,16 to 20
SPOTTISWOODE SUITES,"1,500,000",742.72,"2,020",May-21,SPOTTISWOODE PARK ROAD,Resale,Strata,69,"21,739",-,Apartment,1,Freehold,02,Rest of Central Region,16 to 20
PARVIS,"4,150,000","1,991.34","2,084",May-21,HOLLAND HILL,Resale,Strata,185,"22,432",-,Condominium,1,Freehold,10,Core Central Region,11 to 15
PINE GROVE,"1,650,000","1,754.53",940,May-21,PINE GROVE,Resale,Strata,163,"10,123",-,Condominium,1,99 yrs lease commencing from 1984,21,Rest of Central Region,01 to 05
THE HILLIER,"905,000",613.55,"1,475",May-21,HILLVIEW RISE,Resale,Strata,57,"15,877",-,Apartment,1,99 yrs lease commencing from 2011,23,Outside Central Region,26 to 30
YISHUN EMERALD,"1,100,000","1,399.32",786,May-21,CANBERRA DRIVE,Resale,Strata,130,"8,462",-,Condominium,1,99 yrs lease commencing from 1998,27,Outside Central Region,06 to 10
THE MEZZO,"1,000,000",775.01,"1,290",May-21,BALESTIER ROAD,Resale,Strata,72,"13,889",-,Apartment,1,Freehold,12,Rest of Central Region,16 to 20
DUCHESS MANOR,"1,695,000",807.3,"2,100",May-21,DUCHESS ROAD,Resale,Strata,75,"22,600",-,Condominium,1,999 yrs lease commencing from 1875,10,Core Central Region,01 to 05
KELLETT COURT,"2,150,000","1,323.97","1,624",May-21,SHELFORD ROAD,Resale,Strata,123,"17,480",-,Condominium,1,Freehold,11,Core Central Region,01 to 05
ELLIOT AT THE EAST COAST,"3,150,000","2,346.55","1,342",May-21,ELLIOT ROAD,Resale,Strata,218,"14,450",-,Condominium,1,Freehold,15,Outside Central Region,01 to 05
CASAFINA,"1,150,000","1,205.57",954,May-21,BEDOK SOUTH AVENUE 1,Resale,Strata,112,"10,268",-,Condominium,1,99 yrs lease commencing from 1996,16,Outside Central Region,01 to 05
KATONG GARDENS,"2,650,000","1,948.28","1,360",May-21,TEMBELING ROAD,Resale,Strata,181,"14,641",-,Condominium,1,Freehold,15,Rest of Central Region,01 to 05
HILLCREST ARCADIA,"2,150,000","1,969.81","1,091",May-21,ARCADIA ROAD,Resale,Strata,183,"11,749",-,Condominium,1,99 yrs lease commencing from 1975,11,Core Central Region,01 to 05
BLUE HORIZON,"1,458,888","1,216.33","1,199",May-21,WEST COAST CRESCENT,Resale,Strata,113,"12,911",-,Condominium,1,99 yrs lease commencing from 2000,05,Outside Central Region,21 to 25
WOODSVILLE 28,"1,000,000",828.83,"1,207",May-21,WOODSVILLE CLOSE,Resale,Strata,77,"12,987",-,Apartment,1,99 yrs lease commencing from 2007,13,Rest of Central Region,01 to 05
THE MINTON,"1,000,000",979.52,"1,021",May-21,HOUGANG STREET 11,Resale,Strata,91,"10,989",-,Condominium,1,99 yrs lease commencing from 2007,19,Outside Central Region,01 to 05
SHERWOOD TOWER,"1,080,000","1,539.25",702,May-21,JALAN ANAK BUKIT,Resale,Strata,143,"7,552",-,Apartment,1,99 yrs lease commencing from 1976,21,Rest of Central Region,01 to 05
MEADOWLODGE,"1,500,000","1,280.92","1,171",May-21,CHUN TIN ROAD,Resale,Strata,119,"12,605",-,Condominium,1,99 yrs lease commencing from 1997,21,Rest of Central Region,01 to 05
CUBE 8,"892,000",559.73,"1,594",May-21,THOMSON ROAD,Resale,Strata,52,"17,154",-,Condominium,1,Freehold,11,Core Central Region,11 to 15
MARTIN NO 38,"2,750,000","1,130.22","2,433",May-21,MARTIN ROAD,Resale,Strata,105,"26,190",-,Apartment,1,Freehold,09,Core Central Region,06 to 10
EASTVILLE APARTMENTS,"1,408,888","1,001.05","1,407",May-21,JOO CHIAT LANE,Resale,Strata,93,"15,149",-,Apartment,1,Freehold,15,Rest of Central Region,01 to 05
LAGUNA 88,"950,000","1,205.57",788,May-21,EASTWOOD ROAD,Resale,Strata,112,"8,482",-,Condominium,1,99 yrs lease commencing from 1995,16,Outside Central Region,01 to 05
PARKVIEW APARTMENTS,"760,000","1,119.46",679,May-21,BUKIT BATOK STREET 25,Resale,Strata,104,"7,308",-,Apartment,1,99 yrs lease commencing from 1994,23,Outside Central Region,06 to 10
WATERFRONT @ FABER,"1,490,000","1,065.64","1,398",May-21,FABER WALK,Resale,Strata,99,"15,051",-,Apartment,1,99 yrs lease commencing from 2013,05,Outside Central Region,01 to 05
ARCHIPELAGO,"1,730,000","1,399.32","1,236",May-21,BEDOK RESERVOIR ROAD,Resale,Strata,130,"13,308",-,Condominium,1,99 yrs lease commencing from 2011,16,Outside Central Region,01 to 05
NORTHVALE,"960,000","1,270.15",756,May-21,CHOA CHU KANG LOOP,Resale,Strata,118,"8,136",-,Apartment,1,99 yrs lease commencing from 1995,23,Outside Central Region,06 to 10
VERDURE,"1,730,000",947.23,"1,826",May-21,HOLLAND ROAD,Resale,Strata,88,"19,659",-,Condominium,1,Freehold,10,Core Central Region,01 to 05
WATERBANK AT DAKOTA,"1,900,000","1,184.04","1,605",May-21,DAKOTA CRESCENT,Resale,Strata,110,"17,273",-,Condominium,1,99 yrs lease commencing from 2009,14,Rest of Central Region,06 to 10
WATERFRONT ISLE,"1,068,000",914.94,"1,167",May-21,BEDOK RESERVOIR ROAD,Resale,Strata,85,"12,565",-,Condominium,1,99 yrs lease commencing from 2009,16,Outside Central Region,01 to 05
PARC ROSEWOOD,"535,000",516.67,"1,035",May-21,ROSEWOOD DRIVE,Resale,Strata,48,"11,146",-,Condominium,1,99 yrs lease commencing from 2011,25,Outside Central Region,01 to 05
SOMMERVILLE PARK,"2,268,000","1,302.44","1,741",May-21,FARRER DRIVE,Resale,Strata,121,"18,744",-,Condominium,1,Freehold,10,Core Central Region,01 to 05
EIGHT COURTYARDS,"898,000",893.41,"1,005",May-21,CANBERRA DRIVE,Resale,Strata,83,"10,819",-,Condominium,1,99 yrs lease commencing from 2010,27,Outside Central Region,11 to 15
D'LEEDON,"2,000,000","1,334.74","1,498",May-21,LEEDON HEIGHTS,Resale,Strata,124,"16,129",-,Condominium,1,99 yrs lease commencing from 2010,10,Core Central Region,06 to 10
THE GARDENS AT BISHAN,"1,520,000","1,205.57","1,261",May-21,SIN MING WALK,Resale,Strata,112,"13,571",-,Condominium,1,99 yrs lease commencing from 1997,20,Rest of Central Region,06 to 10
EMPRADO SUITES,"1,100,000",893.41,"1,231",May-21,LORONG N TELOK KURAU,Resale,Strata,83,"13,253",-,Apartment,1,Freehold,15,Outside Central Region,01 to 05
THE NAUTICAL,"560,000",441.32,"1,269",May-21,JALAN SENDUDOK,Resale,Strata,41,"13,659",-,Condominium,1,99 yrs lease commencing from 2011,27,Outside Central Region,01 to 05
LA MAISON,"2,038,000","1,259.39","1,618",May-21,MOULMEIN RISE,Resale,Strata,117,"17,419",-,Apartment,1,Freehold,11,Core Central Region,11 to 15
THE PARC CONDOMINIUM,"1,500,000",979.52,"1,531",May-21,WEST COAST WALK,Resale,Strata,91,"16,484",-,Condominium,1,Freehold,05,Outside Central Region,16 to 20
LUMIERE,"1,140,000",635.08,"1,795",May-21,MISTRI ROAD,Resale,Strata,59,"19,322",-,Apartment,1,99 yrs lease commencing from 2006,02,Core Central Region,36 to 40
THE INTERLACE,"3,400,000","4,413.24",770,May-21,DEPOT ROAD,Resale,Strata,410,"8,293",-,Condominium,1,99 yrs lease commencing from 2009,04,Rest of Central Region,11 to 15
COCO PALMS,"632,000",462.85,"1,365",May-21,PASIR RIS GROVE,Resale,Strata,43,"14,698",-,Condominium,1,99 yrs lease commencing from 2008,18,Outside Central Region,06 to 10
RIO VISTA,"890,000","1,054.87",844,May-21,UPPER SERANGOON VIEW,Resale,Strata,98,"9,082",-,Condominium,1,99 yrs lease commencing from 2001,19,Outside Central Region,16 to 20
RESIDENTIAL APARTMENTS,"850,000",914.94,929,May-21,LORONG 17 GEYLANG,Resale,Strata,85,"10,000",-,Apartment,1,Freehold,14,Rest of Central Region,01 to 05
BALESTIER POINT,"1,268,000","1,119.46","1,133",May-21,BALESTIER ROAD,Resale,Strata,104,"12,192",-,Apartment,1,Freehold,12,Rest of Central Region,06 to 10
THE RIVERINE BY THE PARK,"3,150,000","1,776.06","1,774",May-21,KALLANG ROAD,Resale,Strata,165,"19,091",-,Apartment,1,Freehold,12,Rest of Central Region,16 to 20
COUNTRY PARK CONDOMINIUM,"1,435,000","1,087.16","1,320",May-21,BEDOK ROAD,Resale,Strata,101,"14,208",-,Condominium,1,Freehold,16,Outside Central Region,01 to 05
LA BRISA,"830,000",624.31,"1,329",May-21,LORONG 28 GEYLANG,Resale,Strata,58,"14,310",-,Apartment,1,Freehold,14,Rest of Central Region,06 to 10
THE CENTRIO,"1,780,000","1,216.33","1,463",May-21,IRRAWADDY ROAD,Resale,Strata,113,"15,752",-,Apartment,1,Freehold,12,Rest of Central Region,06 to 10
RIVER ISLES,"1,170,000","1,065.64","1,098",May-21,EDGEDALE PLAINS,Resale,Strata,99,"11,818",-,Condominium,1,99 yrs lease commencing from 2012,19,Outside Central Region,16 to 20
KOVAN RESIDENCES,"2,190,000","1,765.3","1,241",May-21,KOVAN ROAD,Resale,Strata,164,"13,354",-,Condominium,1,99 yrs lease commencing from 2007,19,Outside Central Region,11 to 15
CLEMENTIWOODS CONDOMINIUM,"2,380,000","2,486.48",957,May-21,WEST COAST ROAD,Resale,Strata,231,"10,303",-,Condominium,1,99 yrs lease commencing from 2006,05,Outside Central Region,01 to 05
THE NAUTICAL,"1,280,088","1,388.56",922,May-21,JALAN SENDUDOK,Resale,Strata,129,"9,923",-,Condominium,1,99 yrs lease commencing from 2011,27,Outside Central Region,01 to 05
THE NAUTICAL,"863,000",914.94,943,May-21,JALAN SENDUDOK,Resale,Strata,85,"10,153",-,Condominium,1,99 yrs lease commencing from 2011,27,Outside Central Region,01 to 05
D'NEST,"988,000",947.23,"1,043",May-21,PASIR RIS GROVE,Resale,Strata,88,"11,227",-,Condominium,1,99 yrs lease commencing from 2010,18,Outside Central Region,06 to 10
COMMONWEALTH TOWERS,"865,000",462.85,"1,869",May-21,COMMONWEALTH AVENUE,Resale,Strata,43,"20,116",-,Condominium,1,99 yrs lease commencing from 2013,03,Rest of Central Region,21 to 25
CARIBBEAN AT KEPPEL BAY,"3,500,000","2,098.98","1,667",May-21,KEPPEL BAY DRIVE,Resale,Strata,195,"17,949",-,Condominium,1,99 yrs lease commencing from 1999,04,Rest of Central Region,01 to 05
THOMSON THREE,"1,682,000","1,033.34","1,628",May-21,BRIGHT HILL DRIVE,Resale,Strata,96,"17,521",-,Apartment,1,99 yrs lease commencing from 2012,20,Rest of Central Region,11 to 15
PARC ROSEWOOD,"516,000",430.56,"1,198",May-21,ROSEWOOD DRIVE,Resale,Strata,40,"12,900",-,Condominium,1,99 yrs lease commencing from 2011,25,Outside Central Region,01 to 05
RESIDENTIAL APARTMENTS,"7,000,000","3,853.51","1,817",May-21,GRANGE ROAD,Resale,Strata,358,"19,553",-,Apartment,1,Freehold,10,Core Central Region,06 to 10
PARC CENTROS,"626,000",462.85,"1,352",May-21,PUNGGOL CENTRAL,Resale,Strata,43,"14,558",-,Condominium,1,99 yrs lease commencing from 2012,19,Outside Central Region,01 to 05
CLYDESWOOD,"1,338,000","1,248.62","1,072",May-21,DAISY ROAD,Resale,Strata,116,"11,534",-,Apartment,1,Freehold,13,Outside Central Region,01 to 05
RIO VISTA,"1,228,000","1,377.79",891,May-21,UPPER SERANGOON VIEW,Resale,Strata,128,"9,594",-,Condominium,1,99 yrs lease commencing from 2001,19,Outside Central Region,06 to 10
THE LINEAR,"1,700,000","1,776.06",957,May-21,UPPER BUKIT TIMAH ROAD,Resale,Strata,165,"10,303",-,Apartment,1,999 yrs lease commencing from 1876,23,Outside Central Region,06 to 10
THE TRILLIUM,"3,300,000","1,399.32","2,358",May-21,KIM SENG ROAD,Resale,Strata,130,"25,385",-,Condominium,1,Freehold,09,Core Central Region,26 to 30
THE ARCADIA,"3,450,000","3,778.16",913,May-21,ARCADIA ROAD,Resale,Strata,351,"9,829",-,Condominium,1,99 yrs lease commencing from 1979,11,Core Central Region,01 to 05
COCO PALMS,"1,320,000","1,097.93","1,202",May-21,PASIR RIS GROVE,Resale,Strata,102,"12,941",-,Condominium,1,99 yrs lease commencing from 2008,18,Outside Central Region,11 to 15
HUNDRED TREES,"1,290,000",914.94,"1,410",May-21,WEST COAST DRIVE,Resale,Strata,85,"15,176",-,Condominium,1,956 yrs lease commencing from 1928,05,Outside Central Region,11 to 15
REGENT RESIDENCES,"930,000",688.9,"1,350",May-21,SERANGOON ROAD,Resale,Strata,64,"14,531",-,Apartment,1,Freehold,12,Rest of Central Region,11 to 15
THE TENNERY,"660,000",613.55,"1,076",May-21,WOODLANDS ROAD,Resale,Strata,57,"11,579",-,Apartment,1,99 yrs lease commencing from 2010,23,Outside Central Region,01 to 05
KENG LEE COURT,"1,350,000","1,065.64","1,267",May-21,KENG LEE ROAD,Resale,Strata,99,"13,636",-,Apartment,1,Freehold,08,Rest of Central Region,01 to 05
PARC RIVIERA,"1,350,000",990.29,"1,363",May-21,WEST COAST VALE,Resale,Strata,92,"14,674",-,Condominium,1,99 yrs lease commencing from 2015,05,Outside Central Region,21 to 25
IDYLLIC SUITES,"550,000",419.8,"1,310",May-21,LORONG 30 GEYLANG,Resale,Strata,39,"14,103",-,Apartment,1,Freehold,14,Rest of Central Region,01 to 05
SELETAR PARK RESIDENCE,"715,000",645.84,"1,107",May-21,SELETAR ROAD,Resale,Strata,60,"11,917",-,Condominium,1,99 yrs lease commencing from 2011,28,Outside Central Region,01 to 05
ECO,"907,000",635.08,"1,428",May-21,BEDOK SOUTH AVENUE 3,Resale,Strata,59,"15,373",-,Condominium,1,99 yrs lease commencing from 2012,16,Outside Central Region,11 to 15
AMBER RESIDENCES,"3,688,000","2,217.38","1,663",May-21,AMBER ROAD,Resale,Strata,206,"17,903",-,Condominium,1,Freehold,15,Rest of Central Region,06 to 10
MILLAGE,"660,000",462.85,"1,426",May-21,CHANGI ROAD,Resale,Strata,43,"15,349",-,Apartment,1,Freehold,14,Rest of Central Region,01 to 05
THE ANCHORAGE,"2,450,000","1,754.53","1,396",May-21,ALEXANDRA ROAD,Resale,Strata,163,"15,031",-,Condominium,1,Freehold,03,Rest of Central Region,01 to 05
CASAFINA,"1,160,000","1,280.92",906,May-21,BEDOK SOUTH AVENUE 1,Resale,Strata,119,"9,748",-,Condominium,1,99 yrs lease commencing from 1996,16,Outside Central Region,01 to 05
PEBBLE BAY,"2,030,000","1,377.79","1,473",May-21,TANJONG RHU ROAD,Resale,Strata,128,"15,859",-,Condominium,1,99 yrs lease commencing from 1994,15,Rest of Central Region,06 to 10
D'LEEDON,"2,400,000","1,474.67","1,627",May-21,LEEDON HEIGHTS,Resale,Strata,137,"17,518",-,Condominium,1,99 yrs lease commencing from 2010,10,Core Central Region,06 to 10
COSTA DEL SOL,"1,890,000","1,313.21","1,439",May-21,BAYSHORE ROAD,Resale,Strata,122,"15,492",-,Condominium,1,99 yrs lease commencing from 1997,16,Outside Central Region,11 to 15
KERRISDALE,"2,700,000","2,540.3","1,063",May-21,STURDEE ROAD,Resale,Strata,236,"11,441",-,Condominium,1,99 yrs lease commencing from 1998,08,Rest of Central Region,26 to 30
ARCHIPELAGO,"1,525,000","1,184.04","1,288",May-21,BEDOK RESERVOIR ROAD,Resale,Strata,110,"13,864",-,Condominium,1,99 yrs lease commencing from 2011,16,Outside Central Region,01 to 05
MANDARIN GARDENS,"938,888",731.95,"1,283",May-21,SIGLAP ROAD,Resale,Strata,68,"13,807",-,Condominium,1,99 yrs lease commencing from 1982,15,Outside Central Region,11 to 15
THE WATERSIDE,"3,580,000","2,142.04","1,671",May-21,TANJONG RHU ROAD,Resale,Strata,199,"17,990",-,Condominium,1,Freehold,15,Rest of Central Region,11 to 15
CHILTERN PARK,"1,280,000","1,270.15","1,008",May-21,SERANGOON AVENUE 3,Resale,Strata,118,"10,847",-,Condominium,1,99 yrs lease commencing from 1991,19,Outside Central Region,01 to 05
OLEANDER TOWERS,"1,780,000","1,463.9","1,216",May-21,LORONG 1 TOA PAYOH,Resale,Strata,136,"13,088",-,Apartment,1,99 yrs lease commencing from 1995,12,Rest of Central Region,11 to 15
THE INTERLACE,"2,900,000","2,045.16","1,418",May-21,DEPOT ROAD,Resale,Strata,190,"15,263",-,Condominium,1,99 yrs lease commencing from 2009,04,Rest of Central Region,11 to 15
GUILLEMARD SUITES,"830,000",656.6,"1,264",May-21,GUILLEMARD ROAD,Resale,Strata,61,"13,607",-,Apartment,1,Freehold,14,Rest of Central Region,01 to 05
PEBBLE BAY,"3,280,000","2,335.79","1,404",May-21,TANJONG RHU ROAD,Resale,Strata,217,"15,115",-,Condominium,1,99 yrs lease commencing from 1994,15,Rest of Central Region,01 to 05
THE SUNSHINE,"1,350,000","1,237.86","1,091",May-21,SUNSHINE TERRACE,Resale,Strata,115,"11,739",-,Apartment,1,Freehold,19,Outside Central Region,06 to 10
DUO RESIDENCES,"1,570,000",721.19,"2,177",May-21,FRASER STREET,Resale,Strata,67,"23,433",-,Apartment,1,99 yrs lease commencing from 2011,07,Core Central Region,06 to 10
EASTPOINT GREEN,"951,000","1,184.04",803,May-21,SIMEI STREET 3,Resale,Strata,110,"8,645",-,Condominium,1,99 yrs lease commencing from 1996,18,Outside Central Region,06 to 10
THE PANORAMA,"1,650,000","1,162.51","1,419",May-21,ANG MO KIO AVENUE 2,Resale,Strata,108,"15,278",-,Condominium,1,99 yrs lease commencing from 2013,20,Outside Central Region,06 to 10
ENG HOON MANSIONS,"2,000,000","1,593.07","1,255",May-21,ENG HOON STREET,Resale,Strata,148,"13,514",-,Apartment,1,Freehold,03,Rest of Central Region,01 to 05
LUMIERE,"1,125,000",678.13,"1,659",May-21,MISTRI ROAD,Resale,Strata,63,"17,857",-,Apartment,1,99 yrs lease commencing from 2006,02,Core Central Region,26 to 30
J GATEWAY,"1,250,000",688.9,"1,814",May-21,GATEWAY DRIVE,Resale,Strata,64,"19,531",-,Condominium,1,99 yrs lease commencing from 2012,22,Outside Central Region,26 to 30
RIVERSAILS,"1,010,000",947.23,"1,066",May-21,UPPER SERANGOON CRESCENT,Resale,Strata,88,"11,477",-,Condominium,1,99 yrs lease commencing from 2011,19,Outside Central Region,01 to 05
HILLCREST ARCADIA,"2,470,000","2,895.52",853,May-21,ARCADIA ROAD,Resale,Strata,269,"9,182",-,Condominium,1,99 yrs lease commencing from 1975,11,Core Central Region,01 to 05
THE PEARL @ MOUNT FABER,"1,795,000","1,388.56","1,293",May-21,MOUNT FABER ROAD,Resale,Strata,129,"13,915",-,Condominium,1,99 yrs lease commencing from 2002,04,Rest of Central Region,06 to 10
CARIBBEAN AT KEPPEL BAY,"1,480,000",893.41,"1,657",May-21,KEPPEL BAY DRIVE,Resale,Strata,83,"17,831",-,Condominium,1,99 yrs lease commencing from 1999,04,Rest of Central Region,01 to 05
SENNETT RESIDENCE,"4,300,000","3,670.52","1,171",May-21,PHENG GECK AVENUE,Resale,Strata,341,"12,610",-,Condominium,1,99 yrs lease commencing from 2011,13,Rest of Central Region,16 to 20
THE GRANDHILL,"2,220,000","1,840.64","1,206",May-21,PASIR PANJANG HILL,Resale,Strata,171,"12,982",-,Condominium,1,Freehold,05,Rest of Central Region,01 to 05
SPRINGDALE CONDOMINIUM,"1,160,000",925.7,"1,253",May-21,HINDHEDE WALK,Resale,Strata,86,"13,488",-,Condominium,1,999 yrs lease commencing from 1877,21,Outside Central Region,06 to 10
VALLEY PARK,"3,300,000","1,700.71","1,940",May-21,RIVER VALLEY ROAD,Resale,Strata,158,"20,886",-,Condominium,1,999 yrs lease commencing from 1877,10,Core Central Region,11 to 15
AMBER RESIDENCES,"3,465,000","2,217.38","1,563",May-21,AMBER ROAD,Resale,Strata,206,"16,820",-,Condominium,1,Freehold,15,Rest of Central Region,01 to 05
H RESIDENCES,"623,000",473.62,"1,315",May-21,LORONG H TELOK KURAU,Resale,Strata,44,"14,159",-,Apartment,1,Freehold,15,Outside Central Region,01 to 05
REGENT GROVE,"790,000","1,173.28",673,May-21,CHOA CHU KANG NORTH 7,Resale,Strata,109,"7,248",-,Condominium,1,99 yrs lease commencing from 1997,23,Outside Central Region,06 to 10
SEASCAPE,"6,311,200","2,970.86","2,124",May-21,COVE WAY,Resale,Strata,276,"22,867",-,Condominium,1,99 yrs lease commencing from 2007,04,Core Central Region,01 to 05
THE VIRIDIAN,"842,000",527.44,"1,596",May-21,JALAN AMPAS,Resale,Strata,49,"17,184",-,Apartment,1,Freehold,12,Rest of Central Region,11 to 15
GAMBIER COURT,"1,740,000","1,162.51","1,497",May-21,KIM YAM ROAD,Resale,Strata,108,"16,111",-,Apartment,1,99 yrs lease commencing from 1997,09,Core Central Region,01 to 05
THE MAYFAIR,"1,160,000","1,356.26",855,May-21,JURONG EAST STREET 32,Resale,Strata,126,"9,206",-,Condominium,1,99 yrs lease commencing from 1996,22,Outside Central Region,01 to 05
TRILIGHT,"2,150,000","1,087.16","1,978",May-21,NEWTON ROAD,Resale,Strata,101,"21,287",-,Condominium,1,Freehold,11,Core Central Region,16 to 20
D'LEEDON,"1,930,000","1,205.57","1,601",May-21,LEEDON HEIGHTS,Resale,Strata,112,"17,232",-,Condominium,1,99 yrs lease commencing from 2010,10,Core Central Region,21 to 25
KINGSFORD WATERBAY,"1,145,000",882.65,"1,297",May-21,UPPER SERANGOON VIEW,Resale,Strata,82,"13,963",-,Apartment,1,99 yrs lease commencing from 2014,19,Outside Central Region,06 to 10
THE VISION,"1,230,000",904.18,"1,360",May-21,WEST COAST CRESCENT,Resale,Strata,84,"14,643",-,Condominium,1,99 yrs lease commencing from 2008,05,Outside Central Region,11 to 15
8@WOODLEIGH,"1,320,000",958,"1,378",May-21,WOODLEIGH CLOSE,Resale,Strata,89,"14,831",-,Condominium,1,99 yrs lease commencing from 2008,13,Rest of Central Region,06 to 10
THE ABODE AT DEVONSHIRE,"1,950,000","1,011.82","1,927",May-21,DEVONSHIRE ROAD,Resale,Strata,94,"20,745",-,Apartment,1,Freehold,09,Core Central Region,06 to 10
THE LUMOS,"1,850,000",699.66,"2,644",May-21,LEONIE HILL,Resale,Strata,65,"28,462",-,Apartment,1,Freehold,09,Core Central Region,11 to 15
SKY@ELEVEN,"3,825,000","2,271.2","1,684",May-21,THOMSON LANE,Resale,Strata,211,"18,128",-,Condominium,1,Freehold,11,Core Central Region,26 to 30
HOLLAND RESIDENCES,"1,320,000",602.78,"2,190",May-21,TAMAN WARNA,Resale,Strata,56,"23,571",-,Condominium,1,Freehold,10,Core Central Region,01 to 05
MEIER SUITES,"3,668,000","2,228.15","1,646",May-21,MARGATE ROAD,Resale,Strata,207,"17,720",-,Condominium,1,Freehold,15,Rest of Central Region,06 to 10
THE QUINN,"845,000",559.73,"1,510",May-21,BARTLEY ROAD,Resale,Strata,52,"16,250",-,Apartment,1,Freehold,19,Outside Central Region,01 to 05
JLB RESIDENCES,"1,350,000","1,442.38",936,May-21,JALAN LOYANG BESAR,Resale,Strata,134,"10,075",-,Apartment,1,946 yrs lease commencing from 1937,17,Outside Central Region,01 to 05
BOTANIQUE AT BARTLEY,"990,000",656.6,"1,508",May-21,UPPER PAYA LEBAR ROAD,Resale,Strata,61,"16,230",-,Condominium,1,99 yrs lease commencing from 2014,19,Outside Central Region,06 to 10
D'ECOSIA,"1,100,000","1,044.11","1,054",May-21,STILL ROAD SOUTH,Resale,Strata,97,"11,340",-,Condominium,1,Freehold,15,Outside Central Region,01 to 05
ECO,"1,360,000","1,022.58","1,330",May-21,BEDOK SOUTH AVENUE 3,Resale,Strata,95,"14,316",-,Condominium,1,99 yrs lease commencing from 2012,16,Outside Central Region,01 to 05
ALEXIS,"745,000",409.03,"1,821",May-21,ALEXANDRA ROAD,Resale,Strata,38,"19,605",-,Apartment,1,Freehold,03,Rest of Central Region,01 to 05
BARTLEY RIDGE,"1,438,000",968.76,"1,484",May-21,MOUNT VERNON ROAD,Resale,Strata,90,"15,978",-,Condominium,1,99 yrs lease commencing from 2012,13,Rest of Central Region,11 to 15
CLIFTEN,"2,150,000","1,184.04","1,816",May-21,EWE BOON ROAD,Resale,Strata,110,"19,545",-,Apartment,1,Freehold,10,Core Central Region,06 to 10
SAVANNAH CONDOPARK,"1,000,000","1,227.1",815,May-21,SIMEI RISE,Resale,Strata,114,"8,772",-,Condominium,1,99 yrs lease commencing from 2000,18,Outside Central Region,06 to 10
AFFLUENCE COURT,"1,250,000","1,259.39",993,May-21,AH SOO GARDEN,Resale,Strata,117,"10,684",-,Apartment,1,Freehold,19,Outside Central Region,01 to 05
SOUTHBANK,"1,500,000",958,"1,566",May-21,NORTH BRIDGE ROAD,Resale,Strata,89,"16,854",-,Apartment,1,99 yrs lease commencing from 2006,07,Rest of Central Region,11 to 15
R MAISON,"818,000",581.26,"1,407",May-21,SOMMERVILLE WALK,Resale,Strata,54,"15,148",-,Apartment,1,Freehold,13,Outside Central Region,01 to 05
THE ARCADIA,"3,553,000","3,810.46",932,May-21,ARCADIA ROAD,Resale,Strata,354,"10,037",-,Condominium,1,99 yrs lease commencing from 1979,11,Core Central Region,01 to 05
ONE-NORTH RESIDENCES,"1,480,000","1,001.05","1,478",May-21,ONE-NORTH GATEWAY,Resale,Strata,93,"15,914",-,Apartment,1,99 yrs lease commencing from 2005,05,Rest of Central Region,06 to 10
THE POIZ RESIDENCES,"800,000",592.02,"1,351",May-21,MEYAPPA CHETTIAR ROAD,Resale,Strata,55,"14,545",-,Apartment,1,99 yrs lease commencing from 2014,13,Rest of Central Region,16 to 20
AVILA GARDENS,"800,000",893.41,895,May-21,FLORA ROAD,Resale,Strata,83,"9,639",-,Condominium,1,Freehold,17,Outside Central Region,01 to 05
VARSITY PARK CONDOMINIUM,"1,680,000","1,636.13","1,027",May-21,WEST COAST ROAD,Resale,Strata,152,"11,053",-,Condominium,1,99 yrs lease commencing from 2004,05,Outside Central Region,01 to 05
RESIDENTIAL APARTMENTS,"2,400,000","1,140.98","2,103",May-21,DRAYCOTT DRIVE,Resale,Strata,106,"22,642",-,Apartment,1,Freehold,10,Core Central Region,01 to 05
SUNGLADE,"1,340,000","1,140.98","1,174",May-21,SERANGOON AVENUE 2,Resale,Strata,106,"12,642",-,Condominium,1,99 yrs lease commencing from 2000,19,Outside Central Region,01 to 05
BOTANIQUE AT BARTLEY,"1,660,000","1,033.34","1,606",May-21,UPPER PAYA LEBAR ROAD,Resale,Strata,96,"17,292",-,Condominium,1,99 yrs lease commencing from 2014,19,Outside Central Region,01 to 05
THE COAST AT SENTOSA COVE,"3,450,000","2,023.63","1,705",May-21,OCEAN DRIVE,Resale,Strata,188,"18,351",-,Condominium,1,99 yrs lease commencing from 2006,04,Core Central Region,06 to 10
REGENT HEIGHTS,"920,000","1,216.33",756,May-21,BUKIT BATOK EAST AVENUE 5,Resale,Strata,113,"8,142",-,Condominium,1,99 yrs lease commencing from 1995,23,Outside Central Region,26 to 30
WATERFRONT KEY,"1,488,888","1,248.62","1,192",May-21,BEDOK RESERVOIR ROAD,Resale,Strata,116,"12,835",-,Condominium,1,99 yrs lease commencing from 2007,16,Outside Central Region,11 to 15
THE PALETTE,"1,135,000","1,065.64","1,065",May-21,PASIR RIS GROVE,Resale,Strata,99,"11,465",-,Condominium,1,99 yrs lease commencing from 2010,18,Outside Central Region,01 to 05
WATERFRONT GOLD,"1,150,000",871.88,"1,319",May-21,BEDOK RESERVOIR ROAD,Resale,Strata,81,"14,198",-,Condominium,1,99 yrs lease commencing from 2009,16,Outside Central Region,11 to 15
MAYSPRINGS,"1,270,000","1,399.32",908,May-21,PETIR ROAD,Resale,Strata,130,"9,769",-,Apartment,1,99 yrs lease commencing from 1994,23,Outside Central Region,21 to 25
REGENT HEIGHTS,"818,000","1,022.58",800,May-21,BUKIT BATOK EAST AVENUE 5,Resale,Strata,95,"8,611",-,Condominium,1,99 yrs lease commencing from 1995,23,Outside Central Region,26 to 30
HILLVIEW GREEN,"1,170,000","1,001.05","1,169",May-21,HUME AVENUE,Resale,Strata,93,"12,581",-,Condominium,1,999 yrs lease commencing from 1883,21,Outside Central Region,01 to 05
MI CASA,"956,000",990.29,965,May-21,CHOA CHU KANG AVENUE 3,Resale,Strata,92,"10,391",-,Condominium,1,99 yrs lease commencing from 2008,23,Outside Central Region,11 to 15
REFLECTIONS AT KEPPEL BAY,"2,955,000","1,711.48","1,727",May-21,KEPPEL BAY VIEW,Resale,Strata,159,"18,585",-,Condominium,1,99 yrs lease commencing from 2006,04,Rest of Central Region,01 to 05
GLENDALE PARK,"1,668,000","1,248.62","1,336",May-21,HILLVIEW AVENUE,Resale,Strata,116,"14,379",-,Condominium,1,Freehold,23,Outside Central Region,01 to 05
THE TENNERY,"940,000",861.12,"1,092",May-21,WOODLANDS ROAD,Resale,Strata,80,"11,750",-,Apartment,1,99 yrs lease commencing from 2010,23,Outside Central Region,06 to 10
SEASTRAND,"1,250,000","1,216.33","1,028",May-21,PASIR RIS LINK,Resale,Strata,113,"11,062",-,Condominium,1,99 yrs lease commencing from 2011,18,Outside Central Region,01 to 05
WATERFRONT WAVES,"1,539,500","1,323.97","1,163",May-21,BEDOK RESERVOIR ROAD,Resale,Strata,123,"12,516",-,Condominium,1,99 yrs lease commencing from 2007,16,Outside Central Region,11 to 15
PALM ISLES,"1,045,000","1,119.46",933,May-21,FLORA DRIVE,Resale,Strata,104,"10,048",-,Condominium,1,99 yrs lease commencing from 2011,17,Outside Central Region,01 to 05
KEW GREEN,"2,220,000","3,562.88",623,May-21,KEW CRESCENT,Resale,Strata,331,"6,707",-,Condominium,1,99 yrs lease commencing from 1994,16,Outside Central Region,-
NATURA@HILLVIEW,"728,000",527.44,"1,380",May-21,HILLVIEW TERRACE,Resale,Strata,49,"14,857",-,Apartment,1,Freehold,23,Outside Central Region,06 to 10
8 RODYK,"1,550,000",721.19,"2,149",May-21,RODYK STREET,Resale,Strata,67,"23,134",-,Apartment,1,Freehold,09,Core Central Region,06 to 10
THE GLADES,"1,480,000","1,022.58","1,447",May-21,BEDOK RISE,Resale,Strata,95,"15,579",-,Condominium,1,99 yrs lease commencing from 2013,16,Outside Central Region,06 to 10
THE WATERSIDE,"4,030,000","2,400.37","1,679",May-21,TANJONG RHU ROAD,Resale,Strata,223,"18,072",-,Condominium,1,Freehold,15,Rest of Central Region,11 to 15
EVERGREEN PARK,"900,000","1,367.03",658,May-21,HOUGANG AVENUE 7,Resale,Strata,127,"7,087",-,Apartment,1,99 yrs lease commencing from 1995,19,Outside Central Region,01 to 05
THE GARDENS AT BISHAN,"980,000",882.65,"1,110",May-21,SIN MING WALK,Resale,Strata,82,"11,951",-,Condominium,1,99 yrs lease commencing from 1997,20,Rest of Central Region,01 to 05
RIPPLE BAY,"580,000",538.2,"1,078",May-21,PASIR RIS LINK,Resale,Strata,50,"11,600",-,Condominium,1,99 yrs lease commencing from 2011,18,Outside Central Region,01 to 05
CASAFINA,"1,200,000","1,302.44",921,May-21,BEDOK SOUTH AVENUE 1,Resale,Strata,121,"9,917",-,Condominium,1,99 yrs lease commencing from 1996,16,Outside Central Region,01 to 05
PARC PALAIS,"1,210,000","1,205.57","1,004",May-21,HUME AVENUE,Resale,Strata,112,"10,804",-,Condominium,1,Freehold,21,Outside Central Region,06 to 10
GOLDENHILL PARK CONDOMINIUM,"2,269,500","1,334.74","1,700",May-21,MEI HWAN DRIVE,Resale,Strata,124,"18,302",-,Condominium,1,Freehold,20,Outside Central Region,11 to 15
CHANGI RISE CONDOMINIUM,"998,000","1,259.39",792,May-21,SIMEI RISE,Resale,Strata,117,"8,530",-,Condominium,1,99 yrs lease commencing from 2000,18,Outside Central Region,01 to 05
GAMBIR RIDGE,"1,830,000","1,560.78","1,172",May-21,GAMBIR WALK,Resale,Strata,145,"12,621",-,Apartment,1,Freehold,19,Outside Central Region,01 to 05
KERRISDALE,"1,650,000","1,420.85","1,161",May-21,STURDEE ROAD,Resale,Strata,132,"12,500",-,Condominium,1,99 yrs lease commencing from 1998,08,Rest of Central Region,01 to 05
PALM GARDENS,"870,000","1,205.57",722,May-21,HONG SAN WALK,Resale,Strata,112,"7,768",-,Condominium,1,99 yrs lease commencing from 1996,23,Outside Central Region,01 to 05
ASTOR GREEN,"1,720,000","1,377.79","1,248",May-21,PINE GROVE,Resale,Strata,128,"13,438",-,Condominium,1,99 yrs lease commencing from 1991,21,Rest of Central Region,06 to 10
GROSVENOR VIEW,"2,170,000","1,883.7","1,152",May-21,LENGKONG EMPAT,Resale,Strata,175,"12,400",-,Condominium,1,Freehold,14,Outside Central Region,01 to 05
FLAME TREE PARK,"2,480,000","1,765.3","1,405",May-21,SIN MING AVENUE,Resale,Strata,164,"15,122",-,Condominium,1,Freehold,20,Rest of Central Region,11 to 15
COMPASS HEIGHTS,"1,150,000","1,291.68",890,May-21,SENGKANG SQUARE,Resale,Strata,120,"9,583",-,Apartment,1,99 yrs lease commencing from 2000,19,Outside Central Region,11 to 15
D'LEEDON,"2,100,000","1,270.15","1,653",May-21,LEEDON HEIGHTS,Resale,Strata,118,"17,797",-,Condominium,1,99 yrs lease commencing from 2010,10,Core Central Region,11 to 15
PEBBLE BAY,"2,700,000","1,894.46","1,425",May-21,TANJONG RHU ROAD,Resale,Strata,176,"15,341",-,Condominium,1,99 yrs lease commencing from 1994,15,Rest of Central Region,01 to 05
CHILTERN PARK,"1,010,000",914.94,"1,104",May-21,SERANGOON AVENUE 3,Resale,Strata,85,"11,882",-,Condominium,1,99 yrs lease commencing from 1991,19,Outside Central Region,06 to 10
THE MINTON,"1,395,000","1,216.33","1,147",May-21,HOUGANG STREET 11,Resale,Strata,113,"12,345",-,Condominium,1,99 yrs lease commencing from 2007,19,Outside Central Region,06 to 10
KEMBANGAN SUITES,"813,000",538.2,"1,511",May-21,JALAN MASJID,Resale,Strata,50,"16,260",-,Apartment,1,Freehold,14,Outside Central Region,01 to 05
EIGHT COURTYARDS,"838,000",861.12,973,May-21,CANBERRA DRIVE,Resale,Strata,80,"10,475",-,Condominium,1,99 yrs lease commencing from 2010,27,Outside Central Region,11 to 15
PALM SPRING,"2,850,000","1,485.43","1,919",May-21,EWE BOON ROAD,Resale,Strata,138,"20,652",-,Condominium,1,Freehold,10,Core Central Region,06 to 10
COMMONWEALTH TOWERS,"1,735,800",904.18,"1,920",May-21,COMMONWEALTH AVENUE,Resale,Strata,84,"20,664",-,Condominium,1,99 yrs lease commencing from 2013,03,Rest of Central Region,21 to 25
STILL MANSIONS,"1,200,000","1,140.98","1,052",May-21,STILL ROAD,Resale,Strata,106,"11,321",-,Apartment,1,Freehold,15,Outside Central Region,01 to 05
THE BAYSHORE,"962,000",947.23,"1,016",May-21,BAYSHORE ROAD,Resale,Strata,88,"10,932",-,Condominium,1,99 yrs lease commencing from 1993,16,Outside Central Region,16 to 20
EVERGREEN PARK,"790,000","1,022.58",773,May-21,HOUGANG AVENUE 7,Resale,Strata,95,"8,316",-,Apartment,1,99 yrs lease commencing from 1995,19,Outside Central Region,11 to 15
RAFFLESIA CONDOMINIUM,"1,455,000","1,216.33","1,196",May-21,BISHAN STREET 21,Resale,Strata,113,"12,876",-,Condominium,1,99 yrs lease commencing from 1997,20,Rest of Central Region,01 to 05
PARK NATURA,"2,930,000","2,863.22","1,023",May-21,BUKIT BATOK EAST AVENUE 6,Resale,Strata,266,"11,015",-,Condominium,1,Freehold,23,Rest of Central Region,01 to 05
PARBURY HILL CONDOMINIUM,"1,090,000",839.59,"1,298",May-21,PARBURY AVENUE,Resale,Strata,78,"13,974",-,Condominium,1,Freehold,16,Outside Central Region,01 to 05
PARC OASIS,"1,150,000","1,227.1",937,May-21,JURONG EAST AVENUE 1,Resale,Strata,114,"10,088",-,Condominium,1,99 yrs lease commencing from 1991,22,Outside Central Region,11 to 15
SIXTH AVENUE VILLE,"3,100,000","2,045.16","1,516",May-21,SIXTH AVENUE,Resale,Strata,190,"16,316",-,Condominium,1,Freehold,10,Core Central Region,01 to 05
THE MAYFAIR,"825,000",893.41,923,May-21,JURONG EAST STREET 32,Resale,Strata,83,"9,940",-,Condominium,1,99 yrs lease commencing from 1996,22,Outside Central Region,01 to 05
PALM OASIS,"958,000",742.72,"1,290",May-21,LORONG H TELOK KURAU,Resale,Strata,69,"13,884",-,Apartment,1,Freehold,15,Outside Central Region,01 to 05
DUCHESS CREST,"2,650,000","1,883.7","1,407",May-21,DUCHESS AVENUE,Resale,Strata,175,"15,143",-,Condominium,1,99 yrs lease commencing from 1995,10,Core Central Region,01 to 05
THE INFLORA,"540,000",462.85,"1,167",May-21,FLORA DRIVE,Resale,Strata,43,"12,558",-,Condominium,1,99 yrs lease commencing from 2012,17,Outside Central Region,06 to 10
CARABELLE,"1,480,000","1,130.22","1,309",May-21,WEST COAST WAY,Resale,Strata,105,"14,095",-,Condominium,1,956 yrs lease commencing from 1928,05,Outside Central Region,01 to 05
WATERTOWN,"770,000",581.26,"1,325",May-21,PUNGGOL CENTRAL,Resale,Strata,54,"14,259",-,Apartment,1,99 yrs lease commencing from 2011,19,Outside Central Region,11 to 15
DAHLIA PARK CONDOMINIUM,"903,888","1,054.87",857,May-21,FLORA DRIVE,Resale,Strata,98,"9,223",-,Condominium,1,Freehold,17,Outside Central Region,06 to 10
THE CASCADIA,"2,508,000","1,420.85","1,765",May-21,BUKIT TIMAH ROAD,Resale,Strata,132,"19,000",-,Condominium,1,Freehold,21,Rest of Central Region,01 to 05
PARC SOPHIA,"835,000",473.62,"1,763",May-21,ADIS ROAD,Resale,Strata,44,"18,977",-,Apartment,1,Freehold,09,Core Central Region,01 to 05
THE CREST,"3,088,000","1,625.36","1,900",May-21,PRINCE CHARLES CRESCENT,Resale,Strata,151,"20,450",-,Condominium,1,99 yrs lease commencing from 2012,03,Rest of Central Region,16 to 20
GRANGE INFINITE,"5,680,000","2,561.83","2,217",May-21,GRANGE ROAD,Resale,Strata,238,"23,866",-,Condominium,1,Freehold,09,Core Central Region,26 to 30
YONG AN PARK,"4,000,000","1,959.05","2,042",May-21,RIVER VALLEY ROAD,Resale,Strata,182,"21,978",-,Condominium,1,Freehold,09,Core Central Region,06 to 10
THE LENOX,"640,000",430.56,"1,486",May-21,CHANGI ROAD,Resale,Strata,40,"16,000",-,Apartment,1,Freehold,14,Outside Central Region,01 to 05
ARCHIPELAGO,"1,760,000","1,560.78","1,128",May-21,BEDOK RESERVOIR ROAD,Resale,Strata,145,"12,138",-,Condominium,1,99 yrs lease commencing from 2011,16,Outside Central Region,01 to 05
THE WATERINA,"2,050,000","1,367.03","1,500",May-21,LORONG 40 GEYLANG,Resale,Strata,127,"16,142",-,Apartment,1,Freehold,14,Rest of Central Region,01 to 05
THE INFLORA,"1,020,000","1,033.34",987,May-21,FLORA DRIVE,Resale,Strata,96,"10,625",-,Condominium,1,99 yrs lease commencing from 2012,17,Outside Central Region,01 to 05
SOLEIL @ SINARAN,"2,130,000","1,097.93","1,940",May-21,SINARAN DRIVE,Resale,Strata,102,"20,882",-,Condominium,1,99 yrs lease commencing from 2006,11,Core Central Region,31 to 35
WATERFRONT GOLD,"1,650,000","1,377.79","1,198",May-21,BEDOK RESERVOIR ROAD,Resale,Strata,128,"12,891",-,Condominium,1,99 yrs lease commencing from 2009,16,Outside Central Region,06 to 10
PARC ROSEWOOD,"720,000",775.01,929,May-21,ROSEWOOD DRIVE,Resale,Strata,72,"10,000",-,Condominium,1,99 yrs lease commencing from 2011,25,Outside Central Region,01 to 05
THE BEACON,"1,572,888","1,108.69","1,419",May-21,CANTONMENT ROAD,Resale,Strata,103,"15,271",-,Apartment,1,99 yrs lease commencing from 2004,02,Rest of Central Region,11 to 15
LUMIERE,"1,235,700",678.13,"1,822",May-21,MISTRI ROAD,Resale,Strata,63,"19,614",-,Apartment,1,99 yrs lease commencing from 2006,02,Core Central Region,36 to 40
TREVISTA,"2,300,000","1,560.78","1,474",May-21,LORONG 3 TOA PAYOH,Resale,Strata,145,"15,862",-,Condominium,1,99 yrs lease commencing from 2008,12,Rest of Central Region,26 to 30
ASTORIA PARK,"988,000",958,"1,031",May-21,LORONG MYDIN,Resale,Strata,89,"11,101",-,Condominium,1,99 yrs lease commencing from 1993,14,Outside Central Region,01 to 05
AQUARIUS BY THE PARK,"1,130,000","1,227.1",921,May-21,BEDOK RESERVOIR VIEW,Resale,Strata,114,"9,912",-,Condominium,1,99 yrs lease commencing from 1996,16,Outside Central Region,01 to 05
D'LEEDON,"2,050,000","1,410.08","1,454",May-21,LEEDON HEIGHTS,Resale,Strata,131,"15,649",-,Condominium,1,99 yrs lease commencing from 2010,10,Core Central Region,01 to 05
RAFFLESIA CONDOMINIUM,"1,320,000","1,216.33","1,085",May-21,BISHAN STREET 21,Resale,Strata,113,"11,681",-,Condominium,1,99 yrs lease commencing from 1997,20,Rest of Central Region,01 to 05
VARSITY PARK CONDOMINIUM,"2,025,000","1,991.34","1,017",May-21,WEST COAST ROAD,Resale,Strata,185,"10,946",-,Condominium,1,99 yrs lease commencing from 2004,05,Outside Central Region,01 to 05
VIVA,"2,300,000",958,"2,401",May-21,SUFFOLK WALK,Resale,Strata,89,"25,843",-,Condominium,1,Freehold,11,Core Central Region,11 to 15
TREE HOUSE,"1,380,000","1,151.75","1,198",May-21,CHESTNUT AVENUE,Resale,Strata,107,"12,897",-,Condominium,1,99 yrs lease commencing from 2009,23,Outside Central Region,11 to 15
THE SKYWOODS,"858,000",624.31,"1,374",May-21,DAIRY FARM HEIGHTS,Resale,Strata,58,"14,793",-,Condominium,1,99 yrs lease commencing from 2012,23,Outside Central Region,01 to 05
ONE-NORTH RESIDENCES,"1,460,000","1,011.82","1,443",May-21,ONE-NORTH GATEWAY,Resale,Strata,94,"15,532",-,Apartment,1,99 yrs lease commencing from 2005,05,Rest of Central Region,11 to 15
TERRENE AT BUKIT TIMAH,"1,790,000","1,108.69","1,615",May-21,JALAN JURONG KECHIL,Resale,Strata,103,"17,379",-,Condominium,1,999 yrs lease commencing from 1885,21,Rest of Central Region,01 to 05
THE LUXURIE,"1,235,000","1,011.82","1,221",May-21,COMPASSVALE ROAD,Resale,Strata,94,"13,138",-,Condominium,1,99 yrs lease commencing from 2011,19,Outside Central Region,11 to 15
LUTHERAN TOWERS,"1,860,000","1,915.99",971,May-21,TAN KIM CHENG ROAD,Resale,Strata,178,"10,449",-,Apartment,1,103 yrs lease commencing from 1974,10,Core Central Region,01 to 05
ESTILO,"888,000",527.44,"1,684",May-21,WILKIE ROAD,Resale,Strata,49,"18,122",-,Apartment,1,Freehold,09,Core Central Region,01 to 05
FLORIDIAN,"2,800,000","1,280.92","2,186",May-21,BUKIT TIMAH ROAD,Resale,Strata,119,"23,529",-,Condominium,1,Freehold,21,Rest of Central Region,06 to 10
THE CITRINE,"1,218,000",958,"1,271",May-21,JALAN DATOH,Resale,Strata,89,"13,685",-,Apartment,1,Freehold,12,Rest of Central Region,01 to 05
VIVA,"3,480,000","1,528.49","2,277",May-21,SUFFOLK WALK,Resale,Strata,142,"24,507",-,Condominium,1,Freehold,11,Core Central Region,16 to 20
COMPASS HEIGHTS,"1,800,000","2,389.61",753,May-21,SENGKANG SQUARE,Resale,Strata,222,"8,108",-,Apartment,1,99 yrs lease commencing from 2000,19,Outside Central Region,11 to 15
PATERSON SUITES,"4,298,240","1,679.18","2,560",May-21,PATERSON ROAD,Resale,Strata,156,"27,553",-,Condominium,1,Freehold,09,Core Central Region,06 to 10
CHERRYHILL,"1,745,000","1,733","1,007",May-21,LORONG LEW LIAN,Resale,Strata,161,"10,839",-,Condominium,1,Freehold,19,Outside Central Region,01 to 05
D'LEEDON,"1,370,000",785.77,"1,744",May-21,LEEDON HEIGHTS,Resale,Strata,73,"18,767",-,Condominium,1,99 yrs lease commencing from 2010,10,Core Central Region,16 to 20
SILVERSCAPE,"595,000",409.03,"1,455",May-21,LORONG 32 GEYLANG,Resale,Strata,38,"15,658",-,Apartment,1,Freehold,14,Rest of Central Region,06 to 10
TROPICANA CONDOMINIUM,"1,388,888","1,679.18",827,May-21,JALAN TIGA RATUS,Resale,Strata,156,"8,903",-,Condominium,1,999 yrs lease commencing from 1885,16,Outside Central Region,01 to 05
COMPASS HEIGHTS,"1,515,000","1,969.81",769,May-21,SENGKANG SQUARE,Resale,Strata,183,"8,279",-,Apartment,1,99 yrs lease commencing from 2000,19,Outside Central Region,11 to 15
RESIDENTIAL APARTMENTS,"860,000","1,119.46",768,May-21,LORONG 15 GEYLANG,Resale,Strata,104,"8,269",-,Apartment,1,Freehold,14,Rest of Central Region,01 to 05
CENTRO RESIDENCES,"1,480,000","1,001.05","1,478",May-21,ANG MO KIO AVENUE 8,Resale,Strata,93,"15,914",-,Condominium,1,99 yrs lease commencing from 2007,20,Outside Central Region,26 to 30
RIVERBANK @ FERNVALE,"1,245,000","1,054.87","1,180",May-21,FERNVALE CLOSE,Resale,Strata,98,"12,704",-,Condominium,1,99 yrs lease commencing from 2013,28,Outside Central Region,11 to 15
THE PETALS,"1,200,000","1,259.39",953,May-21,HILLVIEW AVENUE,Resale,Strata,117,"10,256",-,Condominium,1,Freehold,23,Outside Central Region,01 to 05
PALM GREEN,"1,580,000","1,302.44","1,213",May-21,PASIR PANJANG ROAD,Resale,Strata,121,"13,058",-,Apartment,1,Freehold,05,Rest of Central Region,01 to 05
JEWEL @ BUANGKOK,"1,600,000","1,205.57","1,327",May-21,COMPASSVALE BOW,Resale,Strata,112,"14,286",-,Condominium,1,99 yrs lease commencing from 2012,19,Outside Central Region,11 to 15
PARK INFINIA AT WEE NAM,"1,250,000",559.73,"2,233",May-21,LINCOLN ROAD,Resale,Strata,52,"24,038",-,Condominium,1,Freehold,11,Core Central Region,26 to 30
ROCHELLE AT NEWTON,"1,660,000","1,011.82","1,641",May-21,KENG LEE ROAD,Resale,Strata,94,"17,660",-,Condominium,1,99 yrs lease commencing from 2008,11,Core Central Region,21 to 25
TREVISTA,"1,300,000",861.12,"1,510",May-21,LORONG 3 TOA PAYOH,Resale,Strata,80,"16,250",-,Condominium,1,99 yrs lease commencing from 2008,12,Rest of Central Region,31 to 35
COASTAL BREEZE RESIDENCES,"1,800,000","2,551.07",706,May-21,LOYANG BESAR CLOSE,Resale,Strata,237,"7,595",-,Condominium,1,99 yrs lease commencing from 2008,17,Outside Central Region,01 to 05
THE SAIL @ MARINA BAY,"2,600,000",936.47,"2,776",May-21,MARINA BOULEVARD,Resale,Strata,87,"29,885",-,Apartment,1,99 yrs lease commencing from 2002,01,Core Central Region,36 to 40
THE REGENCY AT TIONG BAHRU,"2,500,000","1,270.15","1,968",May-21,CHAY YAN STREET,Resale,Strata,118,"21,186",-,Condominium,1,Freehold,03,Rest of Central Region,31 to 35
THE CENTRIS,"1,510,000","1,571.54",961,May-21,JURONG WEST CENTRAL 3,Resale,Strata,146,"10,342",-,Apartment,1,99 yrs lease commencing from 2006,22,Outside Central Region,01 to 05
RIVERSAILS,"1,278,000","1,377.79",928,May-21,UPPER SERANGOON CRESCENT,Resale,Strata,128,"9,984",-,Condominium,1,99 yrs lease commencing from 2011,19,Outside Central Region,01 to 05
ROBERTSON 100,"1,610,000",882.65,"1,824",May-21,ROBERTSON QUAY,Resale,Strata,82,"19,634",-,Apartment,1,Freehold,09,Core Central Region,01 to 05
REGENT RESIDENCES,"1,190,000",807.3,"1,474",May-21,SERANGOON ROAD,Resale,Strata,75,"15,867",-,Apartment,1,Freehold,12,Rest of Central Region,11 to 15
EDEN RESIDENCES CAPITOL,"9,069,000","3,003.16","3,020",May-21,STAMFORD ROAD,Resale,Strata,279,"32,505",-,Apartment,1,99 yrs lease commencing from 2011,06,Core Central Region,06 to 10
THE SCALA,"1,230,000",850.36,"1,446",May-21,SERANGOON AVENUE 3,Resale,Strata,79,"15,570",-,Apartment,1,99 yrs lease commencing from 2010,19,Outside Central Region,06 to 10
WATER PLACE,"1,555,000","1,216.33","1,278",May-21,TANJONG RHU ROAD,Resale,Strata,113,"13,761",-,Condominium,1,99 yrs lease commencing from 1998,15,Rest of Central Region,01 to 05
2 RVG,"1,786,000",893.41,"1,999",May-21,RIVER VALLEY GROVE,Resale,Strata,83,"21,518",-,Apartment,1,Freehold,09,Core Central Region,16 to 20
THE HILLIER,"970,000",624.31,"1,554",May-21,HILLVIEW RISE,Resale,Strata,58,"16,724",-,Apartment,1,99 yrs lease commencing from 2011,23,Outside Central Region,26 to 30
LUMIERE,"1,213,200",678.13,"1,789",May-21,MISTRI ROAD,Resale,Strata,63,"19,257",-,Apartment,1,99 yrs lease commencing from 2006,02,Core Central Region,36 to 40
THE HELICONIA,"1,468,500","1,334.74","1,100",May-21,JALAN DAUD,Resale,Strata,124,"11,843",-,Condominium,1,Freehold,14,Outside Central Region,01 to 05
MARTIN NO 38,"2,760,000","1,130.22","2,442",May-21,MARTIN ROAD,Resale,Strata,105,"26,286",-,Apartment,1,Freehold,09,Core Central Region,06 to 10
REGENT GROVE,"860,500","1,173.28",733,May-21,CHOA CHU KANG NORTH 7,Resale,Strata,109,"7,894",-,Condominium,1,99 yrs lease commencing from 1997,23,Outside Central Region,11 to 15
BISHAN POINT,"1,320,000","1,184.04","1,115",May-21,BRIGHT HILL DRIVE,Resale,Strata,110,"12,000",-,Condominium,1,99 yrs lease commencing from 1997,20,Rest of Central Region,11 to 15
MEADOWS @ PEIRCE,"840,000",635.08,"1,323",May-21,UPPER THOMSON ROAD,Resale,Strata,59,"14,237",-,Condominium,1,Freehold,26,Outside Central Region,01 to 05
WATERSCAPE AT CAVENAGH,"2,400,000","1,313.21","1,828",May-21,CAVENAGH ROAD,Resale,Strata,122,"19,672",-,Apartment,1,Freehold,09,Core Central Region,06 to 10
ONE-NORTH RESIDENCES,"1,450,000",979.52,"1,480",May-21,ONE-NORTH GATEWAY,Resale,Strata,91,"15,934",-,Apartment,1,99 yrs lease commencing from 2005,05,Rest of Central Region,06 to 10
LIVIA,"1,430,000","1,539.25",929,May-21,PASIR RIS GROVE,Resale,Strata,143,"10,000",-,Condominium,1,99 yrs lease commencing from 2008,18,Outside Central Region,01 to 05
WATERFRONT KEY,"1,500,000","1,227.1","1,222",May-21,BEDOK RESERVOIR ROAD,Resale,Strata,114,"13,158",-,Condominium,1,99 yrs lease commencing from 2007,16,Outside Central Region,11 to 15
CLEMENTIWOODS CONDOMINIUM,"1,360,000","1,302.44","1,044",May-21,WEST COAST ROAD,Resale,Strata,121,"11,240",-,Condominium,1,99 yrs lease commencing from 2006,05,Outside Central Region,01 to 05
CLEMENTIWOODS CONDOMINIUM,"1,250,000","1,054.87","1,185",May-21,WEST COAST ROAD,Resale,Strata,98,"12,755",-,Condominium,1,99 yrs lease commencing from 2006,05,Outside Central Region,01 to 05
PARC CENTROS,"1,070,000",990.29,"1,080",May-21,PUNGGOL CENTRAL,Resale,Strata,92,"11,630",-,Condominium,1,99 yrs lease commencing from 2012,19,Outside Central Region,01 to 05
ATRIUM RESIDENCES,"986,000","1,011.82",974,May-21,LORONG 28 GEYLANG,Resale,Strata,94,"10,489",-,Apartment,1,Freehold,14,Rest of Central Region,01 to 05
NATURALIS,"750,000",516.67,"1,452",May-21,LORONG M TELOK KURAU,Resale,Strata,48,"15,625",-,Apartment,1,Freehold,15,Outside Central Region,01 to 05
THE MEZZO,"1,480,000","1,560.78",948,May-21,BALESTIER ROAD,Resale,Strata,145,"10,207",-,Apartment,1,Freehold,12,Rest of Central Region,26 to 30
TREVISTA,"1,290,000",925.7,"1,394",May-21,LORONG 3 TOA PAYOH,Resale,Strata,86,"15,000",-,Condominium,1,99 yrs lease commencing from 2008,12,Rest of Central Region,11 to 15
LUTHERAN TOWERS,"1,800,000","1,915.99",939,May-21,TAN KIM CHENG ROAD,Resale,Strata,178,"10,112",-,Apartment,1,103 yrs lease commencing from 1974,10,Core Central Region,01 to 05
KOVAN REGENCY,"1,338,000",893.41,"1,498",May-21,KOVAN RISE,Resale,Strata,83,"16,120",-,Condominium,1,99 yrs lease commencing from 2012,19,Outside Central Region,11 to 15
EMERALD PARK,"1,180,000","1,001.05","1,179",May-21,INDUS ROAD,Resale,Strata,93,"12,688",-,Condominium,1,99 yrs lease commencing from 1991,03,Rest of Central Region,01 to 05
REGENT HEIGHTS,"830,000","1,022.58",812,May-21,BUKIT BATOK EAST AVENUE 5,Resale,Strata,95,"8,737",-,Condominium,1,99 yrs lease commencing from 1995,23,Outside Central Region,21 to 25
HERITAGE VIEW,"1,200,000",968.76,"1,239",May-21,DOVER RISE,Resale,Strata,90,"13,333",-,Condominium,1,99 yrs lease commencing from 1996,05,Rest of Central Region,01 to 05
BEAUTY WORLD CENTRE,"1,730,000","1,969.81",878,May-21,UPPER BUKIT TIMAH ROAD,Resale,Strata,183,"9,454",-,Apartment,1,99 yrs lease commencing from 1979,21,Rest of Central Region,21 to 25
WESTCOVE CONDOMINIUM,"1,350,000","1,517.72",889,May-21,WEST COAST CRESCENT,Resale,Strata,141,"9,574",-,Condominium,1,99 yrs lease commencing from 1995,05,Outside Central Region,01 to 05
PASIR PANJANG COURT,"1,538,000","1,334.74","1,152",May-21,PASIR PANJANG CLOSE,Resale,Strata,124,"12,403",-,Apartment,1,Freehold,05,Rest of Central Region,01 to 05
WATERFRONT WAVES,"970,000",968.76,"1,001",May-21,BEDOK RESERVOIR ROAD,Resale,Strata,90,"10,778",-,Condominium,1,99 yrs lease commencing from 2007,16,Outside Central Region,06 to 10
GARDENVISTA,"1,708,000","1,130.22","1,511",May-21,DUNEARN ROAD,Resale,Strata,105,"16,267",-,Condominium,1,99 yrs lease commencing from 1999,21,Rest of Central Region,01 to 05
THE WHARF RESIDENCE,"2,450,000","1,065.64","2,299",May-21,TONG WATT ROAD,Resale,Strata,99,"24,747",-,Condominium,1,999 yrs lease commencing from 1841,09,Core Central Region,16 to 20
TRIBECA,"2,200,000","1,033.34","2,129",May-21,KIM SENG ROAD,Resale,Strata,96,"22,917",-,Condominium,1,Freehold,09,Core Central Region,16 to 20
VIZ AT HOLLAND,"1,790,000","1,108.69","1,615",May-21,QUEENSWAY,Resale,Strata,103,"17,379",-,Condominium,1,Freehold,10,Core Central Region,01 to 05
ARCHIPELAGO,"1,850,000","1,646.89","1,123",May-21,BEDOK RESERVOIR ROAD,Resale,Strata,153,"12,092",-,Condominium,1,99 yrs lease commencing from 2011,16,Outside Central Region,01 to 05
THE JADE,"1,100,000","1,011.82","1,087",May-21,BUKIT BATOK CENTRAL LINK,Resale,Strata,94,"11,702",-,Condominium,1,99 yrs lease commencing from 2001,23,Outside Central Region,16 to 20
THE INTERLACE,"2,850,000","2,055.92","1,386",May-21,DEPOT ROAD,Resale,Strata,191,"14,921",-,Condominium,1,99 yrs lease commencing from 2009,04,Rest of Central Region,16 to 20
SINGA HILLS,"895,000",667.37,"1,341",May-21,JALAN SINGA,Resale,Strata,62,"14,435",-,Apartment,1,Freehold,14,Outside Central Region,01 to 05
H2O RESIDENCES,"825,000",753.48,"1,095",May-21,FERNVALE LINK,Resale,Strata,70,"11,786",-,Condominium,1,99 yrs lease commencing from 2010,28,Outside Central Region,11 to 15
ONE-NORTH RESIDENCES,"2,058,000","1,431.61","1,438",May-21,ONE-NORTH GATEWAY,Resale,Strata,133,"15,474",-,Apartment,1,99 yrs lease commencing from 2005,05,Rest of Central Region,06 to 10
THE MINTON,"1,145,000",990.29,"1,156",May-21,HOUGANG STREET 11,Resale,Strata,92,"12,446",-,Condominium,1,99 yrs lease commencing from 2007,19,Outside Central Region,11 to 15
THE WATERSIDE,"3,580,000","2,142.04","1,671",May-21,TANJONG RHU ROAD,Resale,Strata,199,"17,990",-,Condominium,1,Freehold,15,Rest of Central Region,11 to 15
ST THOMAS SUITES,"3,700,000","1,819.12","2,034",May-21,ST. THOMAS WALK,Resale,Strata,169,"21,893",-,Condominium,1,Freehold,09,Core Central Region,11 to 15
EIGHT RIVERSUITES,"1,920,000","2,142.04",896,May-21,WHAMPOA EAST,Resale,Strata,199,"9,648",-,Condominium,1,99 yrs lease commencing from 2011,12,Rest of Central Region,26 to 30
26 NEWTON,"1,800,000",775.01,"2,323",May-21,NEWTON ROAD,Resale,Strata,72,"25,000",-,Apartment,1,Freehold,11,Core Central Region,16 to 20
THE SUNNIFLORA,"1,585,000","1,668.42",950,May-21,LORONG G TELOK KURAU,Resale,Strata,155,"10,226",-,Apartment,1,Freehold,15,Outside Central Region,01 to 05
LE REGAL,"490,000",365.98,"1,339",May-21,GEYLANG ROAD,Resale,Strata,34,"14,412",-,Apartment,1,Freehold,14,Rest of Central Region,01 to 05
RIVERSOUND RESIDENCE,"950,000",947.23,"1,003",May-21,SENGKANG EAST AVENUE,Resale,Strata,88,"10,795",-,Condominium,1,99 yrs lease commencing from 2011,19,Outside Central Region,06 to 10
BURLINGTON SQUARE,"1,100,000",861.12,"1,277",May-21,BENCOOLEN STREET,Resale,Strata,80,"13,750",-,Apartment,1,99 yrs lease commencing from 1996,07,Rest of Central Region,16 to 20
THE FLORENTINE,"1,588,888","1,463.9","1,085",May-21,FLORENCE ROAD,Resale,Strata,136,"11,683",-,Apartment,1,947 yrs lease commencing from 1934,19,Outside Central Region,01 to 05
PAPILLON,"1,200,000",936.47,"1,281",May-21,JALAN RAMA RAMA,Resale,Strata,87,"13,793",-,Apartment,1,Freehold,12,Rest of Central Region,06 to 10
ONE AMBER,"983,388",570.49,"1,724",May-21,AMBER GARDENS,Resale,Strata,53,"18,554",-,Condominium,1,Freehold,15,Rest of Central Region,01 to 05
Q BAY RESIDENCES,"620,000",527.44,"1,175",May-21,TAMPINES STREET 86,Resale,Strata,49,"12,653",-,Condominium,1,99 yrs lease commencing from 2012,18,Outside Central Region,11 to 15
KINGSFORD . HILLVIEW PEAK,"1,015,000",785.77,"1,292",May-21,HILLVIEW RISE,Resale,Strata,73,"13,904",-,Condominium,1,99 yrs lease commencing from 2012,23,Outside Central Region,06 to 10
FORESQUE RESIDENCES,"1,295,000","1,130.22","1,146",May-21,PETIR ROAD,Resale,Strata,105,"12,333",-,Condominium,1,99 yrs lease commencing from 2011,23,Outside Central Region,06 to 10
THE TRILLIUM,"4,100,000","1,797.59","2,281",May-21,KIM SENG ROAD,Resale,Strata,167,"24,551",-,Condominium,1,Freehold,09,Core Central Region,06 to 10
THE PALETTE,"923,000",871.88,"1,059",May-21,PASIR RIS GROVE,Resale,Strata,81,"11,395",-,Condominium,1,99 yrs lease commencing from 2010,18,Outside Central Region,01 to 05
THE MAKENA,"1,850,000","1,151.75","1,606",May-21,MEYER ROAD,Resale,Strata,107,"17,290",-,Condominium,1,Freehold,15,Rest of Central Region,16 to 20
THE SIXTH AVENUE RESIDENCES,"1,960,000","1,313.21","1,493",May-21,SIXTH AVENUE,Resale,Strata,122,"16,066",-,Condominium,1,Freehold,10,Core Central Region,01 to 05
RIPPLE BAY,"585,000",484.38,"1,208",May-21,PASIR RIS LINK,Resale,Strata,45,"13,000",-,Condominium,1,99 yrs lease commencing from 2011,18,Outside Central Region,11 to 15
SOLEIL @ SINARAN,"2,800,000","1,463.9","1,913",May-21,SINARAN DRIVE,Resale,Strata,136,"20,588",-,Condominium,1,99 yrs lease commencing from 2006,11,Core Central Region,31 to 35
SELETAR PARK RESIDENCE,"1,000,000",839.59,"1,191",May-21,SELETAR ROAD,Resale,Strata,78,"12,821",-,Condominium,1,99 yrs lease commencing from 2011,28,Outside Central Region,01 to 05
TERRASSE,"850,000",753.48,"1,128",May-21,TERRASSE LANE,Resale,Strata,70,"12,143",-,Condominium,1,99 yrs lease commencing from 2010,19,Outside Central Region,01 to 05
NATHAN RESIDENCES,"1,200,000",839.59,"1,429",May-21,NATHAN ROAD,Resale,Strata,78,"15,385",-,Apartment,1,Freehold,10,Core Central Region,01 to 05
BLUE HORIZON,"1,420,000","1,227.1","1,157",May-21,WEST COAST CRESCENT,Resale,Strata,114,"12,456",-,Condominium,1,99 yrs lease commencing from 2000,05,Outside Central Region,21 to 25
GUILIN VIEW,"1,200,000","1,259.39",953,May-21,BUKIT BATOK STREET 52,Resale,Strata,117,"10,256",-,Condominium,1,99 yrs lease commencing from 1996,23,Outside Central Region,21 to 25
THE COAST AT SENTOSA COVE,"4,315,000","2,895.52","1,490",May-21,OCEAN DRIVE,Resale,Strata,269,"16,041",-,Condominium,1,99 yrs lease commencing from 2006,04,Core Central Region,01 to 05
SOUTHAVEN II,"1,670,000","1,302.44","1,282",May-21,HINDHEDE WALK,Resale,Strata,121,"13,802",-,Condominium,1,999 yrs lease commencing from 1877,21,Outside Central Region,06 to 10
THE SERENADE @ HOLLAND,"2,525,000","1,905.23","1,325",May-21,HOLLAND ROAD,Resale,Strata,177,"14,266",-,Condominium,1,99 yrs lease commencing from 2001,10,Core Central Region,16 to 20
RESIDENTIAL APARTMENTS,"1,680,000","2,257.21",744,May-21,SING AVENUE,Resale,Land,209.7,"8,011",-,Apartment,1,Freehold,08,Rest of Central Region,01 to 05
HUME PARK I,"2,138,800","1,496.2","1,429",May-21,HUME AVENUE,Resale,Strata,139,"15,387",-,Condominium,1,Freehold,21,Outside Central Region,01 to 05
REGENT GROVE,"840,000","1,173.28",716,May-21,CHOA CHU KANG NORTH 7,Resale,Strata,109,"7,706",-,Condominium,1,99 yrs lease commencing from 1997,23,Outside Central Region,06 to 10
THE BELVEDERE,"2,223,000","1,237.86","1,796",May-21,MEYER ROAD,Resale,Strata,115,"19,330",-,Condominium,1,Freehold,15,Rest of Central Region,01 to 05
THE TRIZON,"3,430,000","2,217.38","1,547",May-21,RIDGEWOOD CLOSE,Resale,Strata,206,"16,650",-,Condominium,1,Freehold,10,Core Central Region,01 to 05
CLOVER BY THE PARK,"1,750,000","1,216.33","1,439",May-21,BISHAN STREET 25,Resale,Strata,113,"15,487",-,Condominium,1,99 yrs lease commencing from 2007,20,Rest of Central Region,21 to 25
THE INFLORA,"545,000",462.85,"1,177",May-21,FLORA DRIVE,Resale,Strata,43,"12,674",-,Condominium,1,99 yrs lease commencing from 2012,17,Outside Central Region,01 to 05
THE WATERINA,"1,788,888","1,291.68","1,385",May-21,LORONG 40 GEYLANG,Resale,Strata,120,"14,907",-,Apartment,1,Freehold,14,Rest of Central Region,01 to 05
SUNHAVEN,"1,023,000",990.29,"1,033",May-21,UPPER CHANGI ROAD EAST,Resale,Strata,92,"11,120",-,Condominium,1,Freehold,16,Outside Central Region,06 to 10
ECHELON,"1,900,000","1,001.05","1,898",May-21,ALEXANDRA VIEW,Resale,Strata,93,"20,430",-,Condominium,1,99 yrs lease commencing from 2012,03,Rest of Central Region,31 to 35
THE LUCENT,"1,288,800",958,"1,345",May-21,LORONG N TELOK KURAU,Resale,Strata,89,"14,481",-,Apartment,1,Freehold,15,Outside Central Region,01 to 05
NEPTUNE COURT,"1,475,000","1,636.13",902,May-21,MARINE VISTA,Resale,Strata,152,"9,704",-,Apartment,1,99 yrs lease commencing from 1975,15,Outside Central Region,11 to 15
PARVIS,"3,883,000","2,002.1","1,939",May-21,HOLLAND HILL,Resale,Strata,186,"20,876",-,Condominium,1,Freehold,10,Core Central Region,01 to 05
D'NEST,"1,408,000","1,270.15","1,109",May-21,PASIR RIS GROVE,Resale,Strata,118,"11,932",-,Condominium,1,99 yrs lease commencing from 2010,18,Outside Central Region,11 to 15
CARISSA PARK CONDOMINIUM,"780,000",925.7,843,May-21,FLORA DRIVE,Resale,Strata,86,"9,070",-,Condominium,1,Freehold,17,Outside Central Region,01 to 05
GUILLEMARD SUITES,"900,000",635.08,"1,417",May-21,GUILLEMARD ROAD,Resale,Strata,59,"15,254",-,Apartment,1,Freehold,14,Rest of Central Region,01 to 05
COMMONWEALTH TOWERS,"1,318,888",688.9,"1,914",May-21,COMMONWEALTH AVENUE,Resale,Strata,64,"20,608",-,Condominium,1,99 yrs lease commencing from 2013,03,Rest of Central Region,36 to 40
PRESTIGE HEIGHTS,"550,000",344.45,"1,597",May-21,BALESTIER ROAD,Resale,Strata,32,"17,188",-,Apartment,1,Freehold,12,Rest of Central Region,11 to 15
REGENT HEIGHTS,"885,000","1,162.51",761,May-21,BUKIT BATOK EAST AVENUE 5,Resale,Strata,108,"8,194",-,Condominium,1,99 yrs lease commencing from 1995,23,Outside Central Region,16 to 20
THE MINTON,"740,000",699.66,"1,058",May-21,HOUGANG STREET 11,Resale,Strata,65,"11,385",-,Condominium,1,99 yrs lease commencing from 2007,19,Outside Central Region,01 to 05
THE CORNWALL,"1,945,000","1,044.11","1,863",May-21,CORNWALL GARDENS,Resale,Strata,97,"20,052",-,Condominium,1,Freehold,10,Core Central Region,01 to 05
THE PARC CONDOMINIUM,"1,600,000","1,216.33","1,315",May-21,WEST COAST WALK,Resale,Strata,113,"14,159",-,Condominium,1,Freehold,05,Outside Central Region,16 to 20
SUNRISE GARDENS,"685,000",818.06,837,May-21,SUNRISE AVENUE,Resale,Strata,76,"9,013",-,Condominium,1,99 yrs lease commencing from 1995,28,Outside Central Region,01 to 05
GRANDVIEW SUITES,"525,000",387.5,"1,355",May-21,LORONG 22 GEYLANG,Resale,Strata,36,"14,583",-,Apartment,1,Freehold,14,Rest of Central Region,01 to 05
THE MAKENA,"2,700,000","1,646.89","1,639",May-21,MEYER ROAD,Resale,Strata,153,"17,647",-,Condominium,1,Freehold,15,Rest of Central Region,21 to 25
26 NEWTON,"1,789,945",775.01,"2,310",May-21,NEWTON ROAD,Resale,Strata,72,"24,860",-,Apartment,1,Freehold,11,Core Central Region,11 to 15
RIVERBAY,"1,190,000",947.23,"1,256",May-21,MAR THOMA ROAD,Resale,Strata,88,"13,523",-,Apartment,1,999 yrs lease commencing from 1882,12,Rest of Central Region,16 to 20
RIVEREDGE,"1,765,000","1,334.74","1,322",May-21,SAMPAN PLACE,Resale,Strata,124,"14,234",-,Condominium,1,99 yrs lease commencing from 2004,15,Rest of Central Region,06 to 10
THE TRESOR,"2,108,000","1,011.82","2,083",May-21,DUCHESS ROAD,Resale,Strata,94,"22,426",-,Condominium,1,999 yrs lease commencing from 1875,10,Core Central Region,01 to 05
PALM VISTA,"1,050,000",990.29,"1,060",May-21,LORONG G TELOK KURAU,Resale,Strata,92,"11,413",-,Apartment,1,Freehold,15,Outside Central Region,01 to 05
OASIS @ ELIAS,"960,000","1,205.57",796,May-21,ELIAS ROAD,Resale,Strata,112,"8,571",-,Condominium,1,99 yrs lease commencing from 2008,18,Outside Central Region,06 to 10
FERRARIA PARK CONDOMINIUM,"855,000",882.65,969,May-21,FLORA DRIVE,Resale,Strata,82,"10,427",-,Condominium,1,Freehold,17,Outside Central Region,06 to 10
CHANGI RISE CONDOMINIUM,"1,250,000","1,496.2",835,May-21,SIMEI RISE,Resale,Strata,139,"8,993",-,Condominium,1,99 yrs lease commencing from 2000,18,Outside Central Region,01 to 05
THE CAPE,"2,320,000","1,313.21","1,767",May-21,AMBER ROAD,Resale,Strata,122,"19,016",-,Apartment,1,Freehold,15,Rest of Central Region,11 to 15
CITYLIGHTS,"2,860,000","1,969.81","1,452",May-21,JELLICOE ROAD,Resale,Strata,183,"15,628",-,Condominium,1,99 yrs lease commencing from 2004,08,Rest of Central Region,36 to 40
ST PATRICK'S RESIDENCES,"3,500,000","3,164.62","1,106",May-21,ST. PATRICK'S ROAD,Resale,Strata,294,"11,905",-,Apartment,1,Freehold,15,Outside Central Region,B1 to B5
CASPIAN,"1,800,000","1,528.49","1,178",May-21,LAKESIDE DRIVE,Resale,Strata,142,"12,676",-,Condominium,1,99 yrs lease commencing from 2008,22,Outside Central Region,16 to 20
SYMPHONY SUITES,"847,000",785.77,"1,078",May-21,YISHUN CLOSE,Resale,Strata,73,"11,603",-,Condominium,1,99 yrs lease commencing from 2014,27,Outside Central Region,01 to 05
SIXTH AVENUE VILLE,"2,320,000","1,237.86","1,874",May-21,SIXTH AVENUE,Resale,Strata,115,"20,174",-,Condominium,1,Freehold,10,Core Central Region,01 to 05
THE SUITES AT CENTRAL,"3,100,000","1,356.26","2,286",May-21,DEVONSHIRE ROAD,Resale,Strata,126,"24,603",-,Condominium,1,Freehold,09,Core Central Region,11 to 15
D'NEST,"780,000",753.48,"1,035",May-21,PASIR RIS GROVE,Resale,Strata,70,"11,143",-,Condominium,1,99 yrs lease commencing from 2010,18,Outside Central Region,11 to 15
EIGHT COURTYARDS,"888,000","1,011.82",878,May-21,CANBERRA DRIVE,Resale,Strata,94,"9,447",-,Condominium,1,99 yrs lease commencing from 2010,27,Outside Central Region,06 to 10
SANCTUARY GREEN,"1,450,000","1,140.98","1,271",May-21,TANJONG RHU ROAD,Resale,Strata,106,"13,679",-,Condominium,1,99 yrs lease commencing from 1997,15,Rest of Central Region,11 to 15
THE LUXURIE,"2,100,000","2,163.56",971,May-21,COMPASSVALE ROAD,Resale,Strata,201,"10,448",-,Condominium,1,99 yrs lease commencing from 2011,19,Outside Central Region,11 to 15
WATERTOWN,"1,250,000",904.18,"1,382",May-21,PUNGGOL CENTRAL,Resale,Strata,84,"14,881",-,Apartment,1,99 yrs lease commencing from 2011,19,Outside Central Region,06 to 10
THE TENNERY,"935,000",871.88,"1,072",May-21,WOODLANDS ROAD,Resale,Strata,81,"11,543",-,Apartment,1,99 yrs lease commencing from 2010,23,Outside Central Region,06 to 10
CARIBBEAN AT KEPPEL BAY,"1,390,000",893.41,"1,556",May-21,KEPPEL BAY DRIVE,Resale,Strata,83,"16,747",-,Condominium,1,99 yrs lease commencing from 1999,04,Rest of Central Region,01 to 05
THE WATERSIDE,"3,811,000","2,411.14","1,581",May-21,TANJONG RHU ROAD,Resale,Strata,224,"17,013",-,Condominium,1,Freehold,15,Rest of Central Region,01 to 05
HILLTOPS,"5,473,000","1,550.02","3,531",May-21,CAIRNHILL CIRCLE,Resale,Strata,144,"38,007",-,Condominium,1,Freehold,09,Core Central Region,16 to 20
MODENA,"1,510,000","1,560.78",967,May-21,SIMEI STREET 4,Resale,Strata,145,"10,414",-,Condominium,1,99 yrs lease commencing from 1997,18,Outside Central Region,06 to 10
LANGSTON VILLE,"1,670,000",936.47,"1,783",May-21,KIM YAM ROAD,Resale,Strata,87,"19,195",-,Apartment,1,999 yrs lease commencing from 1841,09,Core Central Region,06 to 10
THE WATERINA,"1,350,000","1,054.87","1,280",May-21,LORONG 40 GEYLANG,Resale,Strata,98,"13,776",-,Apartment,1,Freehold,14,Rest of Central Region,06 to 10
THE GRANDIFLORA,"1,050,000","1,033.34","1,016",May-21,LORONG L TELOK KURAU,Resale,Strata,96,"10,938",-,Apartment,1,Freehold,15,Outside Central Region,01 to 05
MIRO,"2,030,000","1,248.62","1,626",Apr-21,LINCOLN ROAD,Resale,Strata,116,"17,500",-,Apartment,1,Freehold,11,Core Central Region,11 to 15
PEOPLE'S PARK COMPLEX,"1,050,000","1,173.28",895,Apr-21,PARK ROAD,Resale,Strata,109,"9,633",-,Apartment,1,99 yrs lease commencing from 1968,01,Rest of Central Region,31 to 35
8 SAINT THOMAS,"3,590,000","1,302.44","2,756",Apr-21,ST. THOMAS WALK,Resale,Strata,121,"29,669",-,Condominium,1,Freehold,09,Core Central Region,06 to 10
SIMS URBAN OASIS,"1,470,000",958,"1,534",Apr-21,SIMS DRIVE,Resale,Strata,89,"16,517",-,Condominium,1,99 yrs lease commencing from 2014,14,Rest of Central Region,11 to 15
ICON,"1,750,000","1,065.64","1,642",Apr-21,GOPENG STREET,Resale,Strata,99,"17,677",-,Apartment,1,99 yrs lease commencing from 2002,02,Core Central Region,36 to 40
THE LUXURIE,"928,000",796.54,"1,165",Apr-21,COMPASSVALE ROAD,Resale,Strata,74,"12,541",-,Condominium,1,99 yrs lease commencing from 2011,19,Outside Central Region,01 to 05
THE TRILLIUM,"3,198,800","1,399.32","2,286",Apr-21,KIM SENG ROAD,Resale,Strata,130,"24,606",-,Condominium,1,Freehold,09,Core Central Region,21 to 25
SUITES @ OWEN,"1,280,000","1,033.34","1,239",Apr-21,OWEN ROAD,Resale,Strata,96,"13,333",-,Apartment,1,Freehold,08,Rest of Central Region,01 to 05
THE MAKENA,"2,650,000","1,636.13","1,620",Apr-21,MEYER ROAD,Resale,Strata,152,"17,434",-,Condominium,1,Freehold,15,Rest of Central Region,16 to 20
NEWTON 18,"1,720,000",979.52,"1,756",Apr-21,NEWTON ROAD,Resale,Strata,91,"18,901",-,Apartment,1,Freehold,11,Core Central Region,06 to 10
NOUVEL 18,"7,713,000","2,475.72","3,115",Apr-21,ANDERSON ROAD,Resale,Strata,230,"33,535",-,Condominium,1,Freehold,10,Core Central Region,06 to 10
EUHABITAT,"1,610,000","1,302.44","1,236",Apr-21,JALAN EUNOS,Resale,Strata,121,"13,306",-,Condominium,1,99 yrs lease commencing from 2010,14,Outside Central Region,01 to 05
THE CAPE,"1,170,000",613.55,"1,907",Apr-21,AMBER ROAD,Resale,Strata,57,"20,526",-,Apartment,1,Freehold,15,Rest of Central Region,11 to 15
DAHLIA PARK CONDOMINIUM,"1,350,000","1,679.18",804,Apr-21,FLORA DRIVE,Resale,Strata,156,"8,654",-,Condominium,1,Freehold,17,Outside Central Region,01 to 05
H2O RESIDENCES,"925,000",882.65,"1,048",Apr-21,FERNVALE LINK,Resale,Strata,82,"11,280",-,Condominium,1,99 yrs lease commencing from 2010,28,Outside Central Region,16 to 20
SAVANNAH CONDOPARK,"1,050,000","1,227.1",856,Apr-21,SIMEI RISE,Resale,Strata,114,"9,211",-,Condominium,1,99 yrs lease commencing from 2000,18,Outside Central Region,01 to 05
THE MADEIRA,"1,300,000","1,905.23",682,Apr-21,BUKIT BATOK STREET 31,Resale,Strata,177,"7,345",-,Condominium,1,99 yrs lease commencing from 2000,23,Outside Central Region,01 to 05
BLEU @ EAST COAST,"1,550,000","1,173.28","1,321",Apr-21,UPPER EAST COAST ROAD,Resale,Strata,109,"14,220",-,Condominium,1,Freehold,16,Outside Central Region,01 to 05
THE VENUE RESIDENCES,"1,210,000",839.59,"1,441",Apr-21,TAI THONG CRESCENT,Resale,Strata,78,"15,513",-,Apartment,1,99 yrs lease commencing from 2012,13,Rest of Central Region,11 to 15
THE ATRIA AT MEYER,"4,880,000","2,949.34","1,655",Apr-21,MEYER ROAD,Resale,Strata,274,"17,810",-,Condominium,1,Freehold,15,Rest of Central Region,21 to 25
PARC OLYMPIA,"755,000",796.54,948,Apr-21,FLORA DRIVE,Resale,Strata,74,"10,203",-,Condominium,1,99 yrs lease commencing from 2012,17,Outside Central Region,01 to 05
HIGHGATE,"1,690,888","1,302.44","1,298",Apr-21,TOH TUCK ROAD,Resale,Strata,121,"13,974",-,Condominium,1,Freehold,21,Rest of Central Region,06 to 10
CITYVALE,"1,081,500",721.19,"1,500",Apr-21,SOPHIA ROAD,Resale,Strata,67,"16,142",-,Apartment,1,Freehold,09,Core Central Region,06 to 10
WOODHAVEN,"690,000",624.31,"1,105",Apr-21,WOODGROVE AVENUE,Resale,Strata,58,"11,897",-,Condominium,1,99 yrs lease commencing from 2011,25,Outside Central Region,01 to 05
AMBER SKYE,"2,220,000","1,216.33","1,825",Apr-21,AMBER ROAD,Resale,Strata,113,"19,646",-,Apartment,1,Freehold,15,Rest of Central Region,06 to 10
SKY HABITAT,"1,980,000","1,216.33","1,628",Apr-21,BISHAN STREET 15,Resale,Strata,113,"17,522",-,Condominium,1,99 yrs lease commencing from 2011,20,Rest of Central Region,31 to 35
ECHELON,"1,420,000",731.95,"1,940",Apr-21,ALEXANDRA VIEW,Resale,Strata,68,"20,882",-,Condominium,1,99 yrs lease commencing from 2012,03,Rest of Central Region,31 to 35
KINGSFORD . HILLVIEW PEAK,"1,015,000",785.77,"1,292",Apr-21,HILLVIEW RISE,Resale,Strata,73,"13,904",-,Condominium,1,99 yrs lease commencing from 2012,23,Outside Central Region,01 to 05
ROSEWOOD,"820,000","1,173.28",699,Apr-21,ROSEWOOD DRIVE,Resale,Strata,109,"7,523",-,Condominium,1,99 yrs lease commencing from 2000,25,Outside Central Region,01 to 05
RIVERBANK @ FERNVALE,"1,500,000","1,334.74","1,124",Apr-21,FERNVALE CLOSE,Resale,Strata,124,"12,097",-,Condominium,1,99 yrs lease commencing from 2013,28,Outside Central Region,01 to 05
THE SAIL @ MARINA BAY,"2,160,000","1,184.04","1,824",Apr-21,MARINA BOULEVARD,Resale,Strata,110,"19,636",-,Apartment,1,99 yrs lease commencing from 2002,01,Core Central Region,16 to 20
THE SANTORINI,"1,380,000","1,151.75","1,198",Apr-21,TAMPINES STREET 86,Resale,Strata,107,"12,897",-,Condominium,1,99 yrs lease commencing from 2013,18,Outside Central Region,11 to 15
EMERALD GARDEN,"1,950,000",947.23,"2,059",Apr-21,CLUB STREET,Resale,Strata,88,"22,159",-,Condominium,1,999 yrs lease commencing from 1827,01,Rest of Central Region,06 to 10
YONG AN PARK,"2,000,000","1,022.58","1,956",Apr-21,RIVER VALLEY ROAD,Resale,Strata,95,"21,053",-,Condominium,1,Freehold,09,Core Central Region,06 to 10
VISIONCREST,"1,953,160","1,011.82","1,930",Apr-21,OXLEY RISE,Resale,Strata,94,"20,778",-,Apartment,1,Freehold,09,Core Central Region,01 to 05
PARC OASIS,"966,000","1,076.4",897,Apr-21,JURONG EAST AVENUE 1,Resale,Strata,100,"9,660",-,Condominium,1,99 yrs lease commencing from 1991,22,Outside Central Region,06 to 10
THE SCOTTS TOWER,"2,800,000","1,227.1","2,282",Apr-21,SCOTTS ROAD,Resale,Strata,114,"24,561",-,Condominium,1,103 yrs lease commencing from 2010,09,Core Central Region,26 to 30
VACANZA @ EAST,"620,000",484.38,"1,280",Apr-21,LENGKONG TUJOH,Resale,Strata,45,"13,778",-,Condominium,1,Freehold,14,Outside Central Region,01 to 05
ORCHID APARTMENTS,"1,960,000","1,356.26","1,445",Apr-21,ENG NEO AVENUE,Resale,Strata,126,"15,556",-,Apartment,1,Freehold,11,Core Central Region,01 to 05
THE SEAFRONT ON MEYER,"5,000,000","2,292.73","2,181",Apr-21,MEYER ROAD,Resale,Strata,213,"23,474",-,Condominium,1,Freehold,15,Rest of Central Region,21 to 25
THE LINE @ TANJONG RHU,"2,330,000","1,065.64","2,186",Apr-21,TANJONG RHU ROAD,Resale,Strata,99,"23,535",-,Condominium,1,Freehold,15,Rest of Central Region,06 to 10
STARVILLE,"1,310,000","1,237.86","1,058",Apr-21,LENGKONG TIGA,Resale,Strata,115,"11,391",-,Condominium,1,Freehold,14,Outside Central Region,06 to 10
NV RESIDENCES,"840,000",936.47,897,Apr-21,PASIR RIS GROVE,Resale,Strata,87,"9,655",-,Condominium,1,99 yrs lease commencing from 2008,18,Outside Central Region,01 to 05
THE WATERSIDE,"3,811,000","2,142.04","1,779",Apr-21,TANJONG RHU ROAD,Resale,Strata,199,"19,151",-,Condominium,1,Freehold,15,Rest of Central Region,21 to 25
COSTA RHU,"2,700,000","2,055.92","1,313",Apr-21,RHU CROSS,Resale,Strata,191,"14,136",-,Condominium,1,99 yrs lease commencing from 1994,15,Rest of Central Region,01 to 05
JOO CHIAT MANSIONS,"1,380,000","1,237.86","1,115",Apr-21,JOO CHIAT TERRACE,Resale,Strata,115,"12,000",-,Apartment,1,Freehold,15,Rest of Central Region,01 to 05
VILLA MARINA,"1,280,000","1,496.2",856,Apr-21,JALAN SEMPADAN,Resale,Strata,139,"9,209",-,Condominium,1,99 yrs lease commencing from 1995,15,Outside Central Region,01 to 05
SCOTTS 28,"5,060,000","2,217.38","2,282",Apr-21,SCOTTS ROAD,Resale,Strata,206,"24,563",-,Condominium,1,Freehold,09,Core Central Region,26 to 30
THE SERENADE @ HOLLAND,"2,250,000","1,786.82","1,259",Apr-21,HOLLAND ROAD,Resale,Strata,166,"13,554",-,Condominium,1,99 yrs lease commencing from 2001,10,Core Central Region,06 to 10
THE WATERSIDE,"4,029,960","2,400.37","1,679",Apr-21,TANJONG RHU ROAD,Resale,Strata,223,"18,072",-,Condominium,1,Freehold,15,Rest of Central Region,06 to 10
COSTA RHU,"3,300,000","2,163.56","1,525",Apr-21,RHU CROSS,Resale,Strata,201,"16,418",-,Condominium,1,99 yrs lease commencing from 1994,15,Rest of Central Region,11 to 15
ELIAS GREEN,"1,300,000","1,668.42",779,Apr-21,ELIAS GREEN,Resale,Strata,155,"8,387",-,Condominium,1,99 yrs lease commencing from 1991,18,Outside Central Region,16 to 20
PARC RIVIERA,"840,000",602.78,"1,394",Apr-21,WEST COAST VALE,Resale,Strata,56,"15,000",-,Condominium,1,99 yrs lease commencing from 2015,05,Outside Central Region,11 to 15
THE PARC CONDOMINIUM,"2,150,000","1,420.85","1,513",Apr-21,WEST COAST WALK,Resale,Strata,132,"16,288",-,Condominium,1,Freehold,05,Outside Central Region,06 to 10
BULLION PARK,"1,468,000","1,259.39","1,166",Apr-21,LENTOR LOOP,Resale,Strata,117,"12,547",-,Condominium,1,Freehold,26,Outside Central Region,06 to 10
THE LUXURIE,"843,000",731.95,"1,152",Apr-21,COMPASSVALE ROAD,Resale,Strata,68,"12,397",-,Condominium,1,99 yrs lease commencing from 2011,19,Outside Central Region,01 to 05
BOTANNIA,"1,718,000","1,345.5","1,277",Apr-21,WEST COAST PARK,Resale,Strata,125,"13,744",-,Condominium,1,956 yrs lease commencing from 1928,05,Outside Central Region,06 to 10
ASTRID MEADOWS,"2,500,000","1,377.79","1,814",Apr-21,CORONATION ROAD WEST,Resale,Strata,128,"19,531",-,Condominium,1,Freehold,10,Core Central Region,01 to 05
V ON SHENTON,"1,900,000","1,054.87","1,801",Apr-21,SHENTON WAY,Resale,Strata,98,"19,388",-,Apartment,1,99 yrs lease commencing from 2011,01,Core Central Region,16 to 20
FRAGRANT GARDENS,"1,220,000","1,205.57","1,012",Apr-21,UPPER PAYA LEBAR ROAD,Resale,Strata,112,"10,893",-,Apartment,1,Freehold,19,Outside Central Region,01 to 05
CENTRAL VIEW,"1,050,000","1,216.33",863,Apr-21,HOUGANG STREET 11,Resale,Strata,113,"9,292",-,Condominium,1,99 yrs lease commencing from 1998,19,Outside Central Region,06 to 10
LOFT @ STEVENS,"880,000",409.03,"2,151",Apr-21,STEVENS ROAD,Resale,Strata,38,"23,158",-,Apartment,1,Freehold,10,Core Central Region,01 to 05
BARTLEY RIDGE,"1,180,000",850.36,"1,388",Apr-21,MOUNT VERNON ROAD,Resale,Strata,79,"14,937",-,Condominium,1,99 yrs lease commencing from 2012,13,Rest of Central Region,01 to 05
THE FORESTA @ MOUNT FABER,"850,000",430.56,"1,974",Apr-21,WISHART ROAD,Resale,Strata,40,"21,250",-,Condominium,1,Freehold,04,Rest of Central Region,01 to 05
THE FORESTA @ MOUNT FABER,"835,000",430.56,"1,939",Apr-21,WISHART ROAD,Resale,Strata,40,"20,875",-,Condominium,1,Freehold,04,Rest of Central Region,01 to 05
DE ROYALE,"1,765,000","1,259.39","1,401",Apr-21,JALAN RAMA RAMA,Resale,Strata,117,"15,085",-,Condominium,1,Freehold,12,Rest of Central Region,01 to 05
ALLSWORTH PARK,"3,380,000","1,959.05","1,725",Apr-21,HOLLAND ROAD,Resale,Strata,182,"18,571",-,Condominium,1,999 yrs lease commencing from 1885,10,Core Central Region,01 to 05
J GATEWAY,"1,185,000",678.13,"1,747",Apr-21,GATEWAY DRIVE,Resale,Strata,63,"18,810",-,Condominium,1,99 yrs lease commencing from 2012,22,Outside Central Region,16 to 20
AMBER RESIDENCES,"3,900,000","2,217.38","1,759",Apr-21,AMBER ROAD,Resale,Strata,206,"18,932",-,Condominium,1,Freehold,15,Rest of Central Region,11 to 15
THE TROPICA,"865,000",990.29,873,Apr-21,TAMPINES AVENUE 1,Resale,Strata,92,"9,402",-,Condominium,1,99 yrs lease commencing from 1996,18,Outside Central Region,06 to 10
THE JADE,"1,100,000","1,011.82","1,087",Apr-21,BUKIT BATOK CENTRAL LINK,Resale,Strata,94,"11,702",-,Condominium,1,99 yrs lease commencing from 2001,23,Outside Central Region,06 to 10
VILLA MARINA,"1,280,000","1,151.75","1,111",Apr-21,JALAN SEMPADAN,Resale,Strata,107,"11,963",-,Condominium,1,99 yrs lease commencing from 1995,15,Outside Central Region,01 to 05
RIVERTREES RESIDENCES,"738,000",581.26,"1,270",Apr-21,FERNVALE CLOSE,Resale,Strata,54,"13,667",-,Apartment,1,99 yrs lease commencing from 2013,28,Outside Central Region,01 to 05
SIMSVILLE,"1,360,000","1,237.86","1,099",Apr-21,GEYLANG EAST AVENUE 2,Resale,Strata,115,"11,826",-,Condominium,1,99 yrs lease commencing from 1994,14,Rest of Central Region,06 to 10
HILLSTA,"658,000",570.49,"1,153",Apr-21,PHOENIX ROAD,Resale,Strata,53,"12,415",-,Condominium,1,99 yrs lease commencing from 2011,23,Outside Central Region,11 to 15
PALM GARDENS,"880,000","1,205.57",730,Apr-21,HONG SAN WALK,Resale,Strata,112,"7,857",-,Condominium,1,99 yrs lease commencing from 1996,23,Outside Central Region,01 to 05
NORTHVALE,"912,000","1,270.15",718,Apr-21,CHOA CHU KANG LOOP,Resale,Strata,118,"7,729",-,Apartment,1,99 yrs lease commencing from 1995,23,Outside Central Region,01 to 05
ONE-NORTH RESIDENCES,"860,000",592.02,"1,453",Apr-21,ONE-NORTH GATEWAY,Resale,Strata,55,"15,636",-,Apartment,1,99 yrs lease commencing from 2005,05,Rest of Central Region,06 to 10
KINGSFORD WATERBAY,"755,000",613.55,"1,231",Apr-21,UPPER SERANGOON VIEW,Resale,Strata,57,"13,246",-,Apartment,1,99 yrs lease commencing from 2014,19,Outside Central Region,01 to 05
BARTLEY RIDGE,"1,610,000","1,227.1","1,312",Apr-21,MOUNT VERNON ROAD,Resale,Strata,114,"14,123",-,Condominium,1,99 yrs lease commencing from 2012,13,Rest of Central Region,01 to 05
ROSEWOOD,"870,000","1,173.28",742,Apr-21,ROSEWOOD DRIVE,Resale,Strata,109,"7,982",-,Condominium,1,99 yrs lease commencing from 2000,25,Outside Central Region,06 to 10
ROSEWOOD,"1,238,000","1,883.7",657,Apr-21,ROSEWOOD DRIVE,Resale,Strata,175,"7,074",-,Condominium,1,99 yrs lease commencing from 2000,25,Outside Central Region,16 to 20
WATERFRONT KEY,"1,438,000","1,259.39","1,142",Apr-21,BEDOK RESERVOIR ROAD,Resale,Strata,117,"12,291",-,Condominium,1,99 yrs lease commencing from 2007,16,Outside Central Region,11 to 15
FLAMINGO VALLEY,"1,230,000",818.06,"1,504",Apr-21,SIGLAP ROAD,Resale,Strata,76,"16,184",-,Condominium,1,Freehold,15,Outside Central Region,01 to 05
RIVERTREES RESIDENCES,"1,028,000",871.88,"1,179",Apr-21,FERNVALE CLOSE,Resale,Strata,81,"12,691",-,Apartment,1,99 yrs lease commencing from 2013,28,Outside Central Region,16 to 20
TREVISTA,"1,865,000","1,280.92","1,456",Apr-21,LORONG 3 TOA PAYOH,Resale,Strata,119,"15,672",-,Condominium,1,99 yrs lease commencing from 2008,12,Rest of Central Region,11 to 15
AZALEA PARK CONDOMINIUM,"1,300,000","1,679.18",774,Apr-21,FLORA ROAD,Resale,Strata,156,"8,333",-,Condominium,1,999 yrs lease commencing from 1885,17,Outside Central Region,01 to 05
THE MINTON,"1,100,000",979.52,"1,123",Apr-21,HOUGANG STREET 11,Resale,Strata,91,"12,088",-,Condominium,1,99 yrs lease commencing from 2007,19,Outside Central Region,06 to 10
MACKENZIE 88,"802,000",505.91,"1,585",Apr-21,MACKENZIE ROAD,Resale,Strata,47,"17,064",-,Apartment,1,Freehold,09,Core Central Region,01 to 05
THE WATERINA,"1,515,000","1,087.16","1,394",Apr-21,LORONG 40 GEYLANG,Resale,Strata,101,"15,000",-,Apartment,1,Freehold,14,Rest of Central Region,01 to 05
BISHAN POINT,"1,120,000",936.47,"1,196",Apr-21,BRIGHT HILL DRIVE,Resale,Strata,87,"12,874",-,Condominium,1,99 yrs lease commencing from 1997,20,Rest of Central Region,11 to 15
REFLECTIONS AT KEPPEL BAY,"1,830,000","1,130.22","1,619",Apr-21,KEPPEL BAY VIEW,Resale,Strata,105,"17,429",-,Condominium,1,99 yrs lease commencing from 2006,04,Rest of Central Region,01 to 05
PARC OASIS,"1,160,000","1,227.1",945,Apr-21,JURONG EAST AVENUE 1,Resale,Strata,114,"10,175",-,Condominium,1,99 yrs lease commencing from 1991,22,Outside Central Region,11 to 15
THE MAYFAIR,"1,165,000","1,194.8",975,Apr-21,JURONG EAST STREET 32,Resale,Strata,111,"10,495",-,Condominium,1,99 yrs lease commencing from 1996,22,Outside Central Region,16 to 20
DUCHESS RESIDENCES,"2,778,888","1,463.9","1,898",Apr-21,DUCHESS AVENUE,Resale,Strata,136,"20,433",-,Condominium,1,999 yrs lease commencing from 1875,10,Core Central Region,01 to 05
THE VISION,"1,240,000",904.18,"1,371",Apr-21,WEST COAST CRESCENT,Resale,Strata,84,"14,762",-,Condominium,1,99 yrs lease commencing from 2008,05,Outside Central Region,11 to 15
THE SENSORIA,"1,210,000","1,184.04","1,022",Apr-21,JALAN ULU SEMBAWANG,Resale,Strata,110,"11,000",-,Condominium,1,Freehold,27,Outside Central Region,01 to 05
FLO RESIDENCE,"1,285,000","1,345.5",955,Apr-21,PUNGGOL FIELD WALK,Resale,Strata,125,"10,280",-,Condominium,1,99 yrs lease commencing from 2011,19,Outside Central Region,11 to 15
TANJONG RIA CONDOMINIUM,"1,580,000","1,280.92","1,233",Apr-21,TANJONG RHU ROAD,Resale,Strata,119,"13,277",-,Condominium,1,99 yrs lease commencing from 1993,15,Rest of Central Region,06 to 10
IVORY HEIGHTS,"1,590,000","1,894.46",839,Apr-21,JURONG EAST STREET 13,Resale,Strata,176,"9,034",-,Condominium,1,100 yrs lease commencing from 1986,22,Outside Central Region,01 to 05
ESPA,"1,400,000","1,033.34","1,355",Apr-21,CASHEW ROAD,Resale,Strata,96,"14,583",-,Condominium,1,999 yrs lease commencing from 1882,23,Outside Central Region,01 to 05
ENG HOON MANSIONS,"1,540,000","1,184.04","1,301",Apr-21,ENG HOON STREET,Resale,Strata,110,"14,000",-,Apartment,1,Freehold,03,Rest of Central Region,01 to 05
RESIDENTIAL APARTMENTS,"1,510,000","1,410.08","1,071",Apr-21,FLANDERS SQUARE,Resale,Strata,131,"11,527",-,Apartment,1,Freehold,08,Rest of Central Region,01 to 05
PAVILION 11,"2,350,000","1,485.43","1,582",Apr-21,AKYAB ROAD,Resale,Strata,138,"17,029",-,Condominium,1,Freehold,11,Core Central Region,06 to 10
L'VIV,"1,250,000",613.55,"2,037",Apr-21,NEWTON ROAD,Resale,Strata,57,"21,930",-,Apartment,1,Freehold,11,Core Central Region,11 to 15
BOTANIQUE AT BARTLEY,"775,000",495.14,"1,565",Apr-21,UPPER PAYA LEBAR ROAD,Resale,Strata,46,"16,848",-,Condominium,1,99 yrs lease commencing from 2014,19,Outside Central Region,11 to 15
COMMONWEALTH TOWERS,"1,680,000",904.18,"1,858",Apr-21,COMMONWEALTH AVENUE,Resale,Strata,84,"20,000",-,Condominium,1,99 yrs lease commencing from 2013,03,Rest of Central Region,06 to 10
BOTANIQUE AT BARTLEY,"1,700,000","1,033.34","1,645",Apr-21,UPPER PAYA LEBAR ROAD,Resale,Strata,96,"17,708",-,Condominium,1,99 yrs lease commencing from 2014,19,Outside Central Region,11 to 15
FOREST HILLS CONDOMINIUM,"945,000","1,162.51",813,Apr-21,TRANSIT ROAD,Resale,Strata,108,"8,750",-,Condominium,1,99 yrs lease commencing from 2000,26,Outside Central Region,01 to 05
HAZEL PARK CONDOMINIUM,"1,280,000",979.52,"1,307",Apr-21,HAZEL PARK TERRACE,Resale,Strata,91,"14,066",-,Condominium,1,999 yrs lease commencing from 1882,23,Outside Central Region,01 to 05
THE OCEANFRONT @ SENTOSA COVE,"2,075,000","1,216.33","1,706",Apr-21,OCEAN DRIVE,Resale,Strata,113,"18,363",-,Condominium,1,99 yrs lease commencing from 2005,04,Core Central Region,06 to 10
TERRASSE,"1,932,800","2,497.25",774,Apr-21,TERRASSE LANE,Resale,Strata,232,"8,331",-,Condominium,1,99 yrs lease commencing from 2010,19,Outside Central Region,01 to 05
TANGLIN REGENCY,"1,550,000","1,108.69","1,398",Apr-21,TANGLIN ROAD,Resale,Strata,103,"15,049",-,Condominium,1,99 yrs lease commencing from 1994,10,Core Central Region,01 to 05
THE TROPICA,"855,000",990.29,863,Apr-21,TAMPINES AVENUE 1,Resale,Strata,92,"9,293",-,Condominium,1,99 yrs lease commencing from 1996,18,Outside Central Region,01 to 05
MEADOWS @ PEIRCE,"2,110,000","1,776.06","1,188",Apr-21,UPPER THOMSON ROAD,Resale,Strata,165,"12,788",-,Condominium,1,Freehold,26,Outside Central Region,01 to 05
HILLVIEW GREEN,"1,385,000","1,302.44","1,063",Apr-21,HUME AVENUE,Resale,Strata,121,"11,446",-,Condominium,1,999 yrs lease commencing from 1883,21,Outside Central Region,01 to 05
THE GARDENS AT BISHAN,"1,468,000","1,151.75","1,275",Apr-21,SIN MING WALK,Resale,Strata,107,"13,720",-,Condominium,1,99 yrs lease commencing from 1997,20,Rest of Central Region,06 to 10
THE SEAWIND,"1,020,000",678.13,"1,504",Apr-21,LORONG M TELOK KURAU,Resale,Strata,63,"16,190",-,Condominium,1,Freehold,15,Outside Central Region,01 to 05
8@WOODLEIGH,"1,528,000","1,097.93","1,392",Apr-21,WOODLEIGH CLOSE,Resale,Strata,102,"14,980",-,Condominium,1,99 yrs lease commencing from 2008,13,Rest of Central Region,01 to 05
THE METROPOLITAN CONDOMINIUM,"1,950,000","1,399.32","1,394",Apr-21,ALEXANDRA VIEW,Resale,Strata,130,"15,000",-,Condominium,1,99 yrs lease commencing from 2006,03,Rest of Central Region,21 to 25
URBANA,"3,150,000","1,313.21","2,399",Apr-21,RIVER VALLEY CLOSE,Resale,Strata,122,"25,820",-,Condominium,1,Freehold,09,Core Central Region,31 to 35
IVORY HEIGHTS,"1,580,000","1,668.42",947,Apr-21,JURONG EAST STREET 13,Resale,Strata,155,"10,194",-,Condominium,1,100 yrs lease commencing from 1986,22,Outside Central Region,06 to 10
GLENDALE PARK,"1,790,000","1,313.21","1,363",Apr-21,HILLVIEW AVENUE,Resale,Strata,122,"14,672",-,Condominium,1,Freehold,23,Outside Central Region,01 to 05
LOFT @ NATHAN,"775,000",387.5,"2,000",Apr-21,NATHAN ROAD,Resale,Strata,36,"21,528",-,Apartment,1,Freehold,10,Core Central Region,06 to 10
THE VIEW @ MEYER,"3,540,000","1,797.59","1,969",Apr-21,MEYER ROAD,Resale,Strata,167,"21,198",-,Apartment,1,Freehold,15,Rest of Central Region,11 to 15
JERVOIS REGENCY,"1,880,000","1,270.15","1,480",Apr-21,JERVOIS ROAD,Resale,Strata,118,"15,932",-,Apartment,1,Freehold,10,Core Central Region,01 to 05
KIM KEAT LODGE,"1,460,000","1,259.39","1,159",Apr-21,KIM KEAT ROAD,Resale,Strata,117,"12,479",-,Apartment,1,Freehold,12,Rest of Central Region,01 to 05
LIVIA,"1,250,000","1,345.5",929,Apr-21,PASIR RIS GROVE,Resale,Strata,125,"10,000",-,Condominium,1,99 yrs lease commencing from 2008,18,Outside Central Region,06 to 10
VANADIUM,"1,080,000",731.95,"1,476",Apr-21,HERTFORD ROAD,Resale,Strata,68,"15,882",-,Apartment,1,Freehold,08,Rest of Central Region,01 to 05
LE QUEST,"770,000",495.14,"1,555",Apr-21,BUKIT BATOK STREET 41,Resale,Strata,46,"16,739",-,Apartment,1,99 yrs lease commencing from 2016,23,Outside Central Region,11 to 15
THE MARQ ON PATERSON HILL,"11,500,000","3,089.27","3,723",Apr-21,PATERSON HILL,Resale,Strata,287,"40,070",-,Condominium,1,Freehold,09,Core Central Region,11 to 15
EIGHT RIVERSUITES,"1,940,000","1,356.26","1,430",Apr-21,WHAMPOA EAST,Resale,Strata,126,"15,397",-,Condominium,1,99 yrs lease commencing from 2011,12,Rest of Central Region,21 to 25
GLENTREES,"2,160,000","1,442.38","1,498",Apr-21,MOUNT SINAI LANE,Resale,Strata,134,"16,119",-,Condominium,1,999 yrs lease commencing from 1885,10,Core Central Region,01 to 05
THE PANORAMA,"2,000,000","1,334.74","1,498",Apr-21,ANG MO KIO AVENUE 2,Resale,Strata,124,"16,129",-,Condominium,1,99 yrs lease commencing from 2013,20,Outside Central Region,06 to 10
AMARANDA GARDENS,"1,930,000","1,162.51","1,660",Apr-21,SERANGOON AVENUE 3,Resale,Strata,108,"17,870",-,Condominium,1,Freehold,19,Outside Central Region,11 to 15
L'VIV,"2,120,000","1,001.05","2,118",Apr-21,NEWTON ROAD,Resale,Strata,93,"22,796",-,Apartment,1,Freehold,11,Core Central Region,26 to 30
PAYA LEBAR RESIDENCES,"1,718,000","1,270.15","1,353",Apr-21,PAYA LEBAR ROAD,Resale,Strata,118,"14,559",-,Apartment,1,Freehold,14,Rest of Central Region,01 to 05
ECO,"765,000",592.02,"1,292",Apr-21,BEDOK SOUTH AVENUE 3,Resale,Strata,55,"13,909",-,Condominium,1,99 yrs lease commencing from 2012,16,Outside Central Region,11 to 15
THE SEAFRONT ON MEYER,"3,200,000","1,603.84","1,995",Apr-21,MEYER ROAD,Resale,Strata,149,"21,477",-,Condominium,1,Freehold,15,Rest of Central Region,21 to 25
LAKEVILLE,"1,320,000",968.76,"1,363",Apr-21,JURONG LAKE LINK,Resale,Strata,90,"14,667",-,Condominium,1,99 yrs lease commencing from 2013,22,Outside Central Region,11 to 15
NATURA@HILLVIEW,"610,000",452.09,"1,349",Apr-21,HILLVIEW TERRACE,Resale,Strata,42,"14,524",-,Apartment,1,Freehold,23,Outside Central Region,06 to 10
CARIBBEAN AT KEPPEL BAY,"2,200,000","1,334.74","1,648",Apr-21,KEPPEL BAY DRIVE,Resale,Strata,124,"17,742",-,Condominium,1,99 yrs lease commencing from 1999,04,Rest of Central Region,01 to 05
SPRING GROVE,"2,145,000","1,388.56","1,545",Apr-21,GRANGE ROAD,Resale,Strata,129,"16,628",-,Condominium,1,99 yrs lease commencing from 1991,10,Core Central Region,11 to 15
THE WATERSIDE,"3,581,000","2,142.04","1,672",Apr-21,TANJONG RHU ROAD,Resale,Strata,199,"17,995",-,Condominium,1,Freehold,15,Rest of Central Region,11 to 15
HUME PARK II,"1,820,000","1,474.67","1,234",Apr-21,HUME AVENUE,Resale,Strata,137,"13,285",-,Condominium,1,Freehold,21,Outside Central Region,01 to 05
STEVENS SUITES,"2,100,000","1,130.22","1,858",Apr-21,STEVENS CLOSE,Resale,Strata,105,"20,000",-,Apartment,1,Freehold,10,Core Central Region,01 to 05
SUITES 28,"560,000",452.09,"1,239",Apr-21,LORONG 30 GEYLANG,Resale,Strata,42,"13,333",-,Apartment,1,Freehold,14,Rest of Central Region,01 to 05
DUO RESIDENCES,"1,900,000",818.06,"2,323",Apr-21,FRASER STREET,Resale,Strata,76,"25,000",-,Apartment,1,99 yrs lease commencing from 2011,07,Core Central Region,26 to 30
EIGHT COURTYARDS,"1,040,000","1,087.16",957,Apr-21,CANBERRA DRIVE,Resale,Strata,101,"10,297",-,Condominium,1,99 yrs lease commencing from 2010,27,Outside Central Region,06 to 10
SKYSUITES17,"998,000",678.13,"1,472",Apr-21,JALAN RAJAH,Resale,Strata,63,"15,841",-,Apartment,1,Freehold,12,Rest of Central Region,11 to 15
MANDARIN GARDENS,"1,275,000","1,001.05","1,274",Apr-21,SIGLAP ROAD,Resale,Strata,93,"13,710",-,Condominium,1,99 yrs lease commencing from 1982,15,Outside Central Region,11 to 15
THE YARDLEY,"1,638,000","1,270.15","1,290",Apr-21,UPPER SERANGOON ROAD,Resale,Strata,118,"13,881",-,Apartment,1,Freehold,19,Outside Central Region,01 to 05
PALM GROVE CONDOMINIUM,"2,050,000","1,926.76","1,064",Apr-21,PALM GROVE AVENUE,Resale,Strata,179,"11,453",-,Condominium,1,999 yrs lease commencing from 1878,19,Outside Central Region,01 to 05
SANCTUARY GREEN,"1,060,000",775.01,"1,368",Apr-21,TANJONG RHU ROAD,Resale,Strata,72,"14,722",-,Condominium,1,99 yrs lease commencing from 1997,15,Rest of Central Region,06 to 10
GRAND DUCHESS AT ST PATRICK'S,"5,200,000","3,907.33","1,331",Apr-21,ST. PATRICK'S ROAD,Resale,Strata,363,"14,325",-,Condominium,1,Freehold,15,Outside Central Region,06 to 10
THE LAKEFRONT RESIDENCES,"695,000",505.91,"1,374",Apr-21,LAKESIDE DRIVE,Resale,Strata,47,"14,787",-,Condominium,1,99 yrs lease commencing from 2010,22,Outside Central Region,11 to 15
PARC ROSEWOOD,"960,000","1,270.15",756,Apr-21,ROSEWOOD DRIVE,Resale,Strata,118,"8,136",-,Condominium,1,99 yrs lease commencing from 2011,25,Outside Central Region,01 to 05
LUXE VILLE,"1,670,000","1,356.26","1,231",Apr-21,PASIR PANJANG ROAD,Resale,Strata,126,"13,254",-,Apartment,1,Freehold,05,Rest of Central Region,01 to 05
THE PEARL @ MOUNT FABER,"1,680,000","1,388.56","1,210",Apr-21,MOUNT FABER ROAD,Resale,Strata,129,"13,023",-,Condominium,1,99 yrs lease commencing from 2002,04,Rest of Central Region,01 to 05
WOODGROVE CONDOMINIUM,"828,000","1,184.04",699,Apr-21,WOODGROVE DRIVE,Resale,Strata,110,"7,527",-,Condominium,1,99 yrs lease commencing from 1997,25,Outside Central Region,01 to 05
AVA TOWERS,"1,420,000","1,173.28","1,210",Apr-21,AVA ROAD,Resale,Strata,109,"13,028",-,Apartment,1,Freehold,12,Rest of Central Region,01 to 05
THE RAINTREE,"1,850,000","1,819.12","1,017",Apr-21,BUKIT DRIVE,Resale,Strata,169,"10,947",-,Condominium,1,99 yrs lease commencing from 2003,21,Outside Central Region,01 to 05
KOVAN REGENCY,"880,000",592.02,"1,486",Apr-21,KOVAN RISE,Resale,Strata,55,"16,000",-,Condominium,1,99 yrs lease commencing from 2012,19,Outside Central Region,11 to 15
HAZEL PARK CONDOMINIUM,"3,458,000","2,734.06","1,265",Apr-21,HAZEL PARK TERRACE,Resale,Strata,254,"13,614",-,Condominium,1,999 yrs lease commencing from 1882,23,Outside Central Region,16 to 20
REGENT GROVE,"800,000","1,162.51",688,Apr-21,CHOA CHU KANG NORTH 7,Resale,Strata,108,"7,407",-,Condominium,1,99 yrs lease commencing from 1997,23,Outside Central Region,11 to 15
OLEANDER TOWERS,"1,250,000","1,140.98","1,096",Apr-21,LORONG 1 TOA PAYOH,Resale,Strata,106,"11,792",-,Apartment,1,99 yrs lease commencing from 1995,12,Rest of Central Region,06 to 10
KOVAN GRANDEUR,"565,000",387.5,"1,458",Apr-21,TAMPINES ROAD,Resale,Strata,36,"15,694",-,Apartment,1,99 yrs lease commencing from 2010,19,Outside Central Region,01 to 05
PARKVIEW APARTMENTS,"830,000","1,130.22",734,Apr-21,BUKIT BATOK STREET 25,Resale,Strata,105,"7,905",-,Apartment,1,99 yrs lease commencing from 1994,23,Outside Central Region,06 to 10
THE PALETTE,"1,200,000","1,151.75","1,042",Apr-21,PASIR RIS GROVE,Resale,Strata,107,"11,215",-,Condominium,1,99 yrs lease commencing from 2010,18,Outside Central Region,01 to 05
LANGSTON VILLE,"1,580,000",936.47,"1,687",Apr-21,KIM YAM ROAD,Resale,Strata,87,"18,161",-,Apartment,1,999 yrs lease commencing from 1841,09,Core Central Region,06 to 10
KEMBANGAN SUITES,"750,000",516.67,"1,452",Apr-21,JALAN MASJID,Resale,Strata,48,"15,625",-,Apartment,1,Freehold,14,Outside Central Region,01 to 05
AVILA GARDENS,"1,180,000","1,302.44",906,Apr-21,FLORA ROAD,Resale,Strata,121,"9,752",-,Condominium,1,Freehold,17,Outside Central Region,01 to 05
SIMS URBAN OASIS,"962,000",624.31,"1,541",Apr-21,SIMS DRIVE,Resale,Strata,58,"16,586",-,Condominium,1,99 yrs lease commencing from 2014,14,Rest of Central Region,01 to 05
RIVERSAILS,"1,020,000",947.23,"1,077",Apr-21,UPPER SERANGOON CRESCENT,Resale,Strata,88,"11,591",-,Condominium,1,99 yrs lease commencing from 2011,19,Outside Central Region,11 to 15
MI CASA,"1,060,000","1,119.46",947,Apr-21,CHOA CHU KANG AVENUE 3,Resale,Strata,104,"10,192",-,Condominium,1,99 yrs lease commencing from 2008,23,Outside Central Region,01 to 05
THE MARBELLA,"2,560,000","1,474.67","1,736",Apr-21,MOUNT SINAI RISE,Resale,Strata,137,"18,686",-,Condominium,1,Freehold,10,Core Central Region,01 to 05
THE HILLSIDE,"1,730,000","1,313.21","1,317",Apr-21,UPPER BUKIT TIMAH ROAD,Resale,Strata,122,"14,180",-,Condominium,1,Freehold,21,Outside Central Region,01 to 05
SYMPHONY HEIGHTS,"1,380,000",925.7,"1,491",Apr-21,HUME AVENUE,Resale,Strata,86,"16,047",-,Condominium,1,Freehold,21,Outside Central Region,06 to 10
HILLINGTON GREEN,"1,630,000","1,356.26","1,202",Apr-21,HILLVIEW AVENUE,Resale,Strata,126,"12,937",-,Condominium,1,999 yrs lease commencing from 1883,23,Outside Central Region,01 to 05
MANDARIN GARDENS,"828,000",731.95,"1,131",Apr-21,SIGLAP ROAD,Resale,Strata,68,"12,176",-,Condominium,1,99 yrs lease commencing from 1982,15,Outside Central Region,06 to 10
REGENT HEIGHTS,"1,930,000","2,594.12",744,Apr-21,BUKIT BATOK EAST AVENUE 5,Resale,Strata,241,"8,008",-,Condominium,1,99 yrs lease commencing from 1995,23,Outside Central Region,26 to 30
HILLINGTON GREEN,"1,250,000",990.29,"1,262",Apr-21,HILLVIEW AVENUE,Resale,Strata,92,"13,587",-,Condominium,1,999 yrs lease commencing from 1883,23,Outside Central Region,01 to 05
SAVANNAH CONDOPARK,"1,184,195","1,453.14",815,Apr-21,SIMEI RISE,Resale,Strata,135,"8,772",-,Condominium,1,99 yrs lease commencing from 2000,18,Outside Central Region,01 to 05
WATERTOWN,"790,000",602.78,"1,311",Apr-21,PUNGGOL CENTRAL,Resale,Strata,56,"14,107",-,Apartment,1,99 yrs lease commencing from 2011,19,Outside Central Region,06 to 10
THE CENTRIS,"1,172,800",979.52,"1,197",Apr-21,JURONG WEST CENTRAL 3,Resale,Strata,91,"12,888",-,Apartment,1,99 yrs lease commencing from 2006,22,Outside Central Region,06 to 10
SUNGLADE,"1,398,888","1,162.51","1,203",Apr-21,SERANGOON AVENUE 2,Resale,Strata,108,"12,953",-,Condominium,1,99 yrs lease commencing from 2000,19,Outside Central Region,06 to 10
ORCHID PARK CONDOMINIUM,"990,000","1,248.62",793,Apr-21,YISHUN STREET 81,Resale,Strata,116,"8,534",-,Condominium,1,99 yrs lease commencing from 1991,27,Outside Central Region,06 to 10
ONE AMBER,"2,220,000","1,334.74","1,663",Apr-21,AMBER GARDENS,Resale,Strata,124,"17,903",-,Condominium,1,Freehold,15,Rest of Central Region,01 to 05
PARKVIEW APARTMENTS,"693,000",936.47,740,Apr-21,BUKIT BATOK STREET 25,Resale,Strata,87,"7,966",-,Apartment,1,99 yrs lease commencing from 1994,23,Outside Central Region,01 to 05
RIO VISTA,"1,080,000","1,248.62",865,Apr-21,UPPER SERANGOON VIEW,Resale,Strata,116,"9,310",-,Condominium,1,99 yrs lease commencing from 2001,19,Outside Central Region,01 to 05
WING FONG MANSIONS,"975,000","1,227.1",795,Apr-21,LORONG 14 GEYLANG,Resale,Strata,114,"8,553",-,Apartment,1,Freehold,14,Rest of Central Region,01 to 05
GRAND CHATEAU,"1,388,888","1,194.8","1,162",Apr-21,JALAN RAJAWALI,Resale,Strata,111,"12,513",-,Condominium,1,Freehold,21,Rest of Central Region,01 to 05
MAYSPRINGS,"1,090,000","1,313.21",830,Apr-21,PETIR ROAD,Resale,Strata,122,"8,934",-,Apartment,1,99 yrs lease commencing from 1994,23,Outside Central Region,11 to 15
SELETAR PARK RESIDENCE,"1,055,000",839.59,"1,257",Apr-21,SELETAR ROAD,Resale,Strata,78,"13,526",-,Condominium,1,99 yrs lease commencing from 2011,28,Outside Central Region,01 to 05
GOODWOOD RESIDENCE,"7,150,000","2,927.81","2,442",Apr-21,BUKIT TIMAH ROAD,Resale,Strata,272,"26,287",-,Condominium,1,Freehold,10,Core Central Region,01 to 05
ONE JERVOIS,"1,860,000",990.29,"1,878",Apr-21,JERVOIS CLOSE,Resale,Strata,92,"20,217",-,Condominium,1,Freehold,10,Core Central Region,01 to 05
LINCOLN SUITES,"1,100,000",473.62,"2,323",Apr-21,KHIANG GUAN AVENUE,Resale,Strata,44,"25,000",-,Condominium,1,Freehold,11,Core Central Region,21 to 25
THE SEA VIEW,"2,820,000","1,410.08","2,000",Apr-21,AMBER ROAD,Resale,Strata,131,"21,527",-,Condominium,1,Freehold,15,Rest of Central Region,06 to 10
GAIA,"1,342,000",914.94,"1,467",Apr-21,JALAN DUSUN,Resale,Strata,85,"15,788",-,Apartment,1,Freehold,12,Rest of Central Region,06 to 10
THE LEVELZ,"1,310,000",785.77,"1,667",Apr-21,FARRER ROAD,Resale,Strata,73,"17,945",-,Condominium,1,Freehold,10,Core Central Region,06 to 10
D'LEEDON,"2,880,000","1,797.59","1,602",Apr-21,LEEDON HEIGHTS,Resale,Strata,167,"17,246",-,Condominium,1,99 yrs lease commencing from 2010,10,Core Central Region,16 to 20
AMBER RESIDENCES,"1,808,000","1,162.51","1,555",Apr-21,AMBER ROAD,Resale,Strata,108,"16,741",-,Condominium,1,Freehold,15,Rest of Central Region,01 to 05
CASPIAN,"1,120,000","1,001.05","1,119",Apr-21,LAKESIDE DRIVE,Resale,Strata,93,"12,043",-,Condominium,1,99 yrs lease commencing from 2008,22,Outside Central Region,06 to 10
THE INFLORA,"808,000",818.06,988,Apr-21,FLORA DRIVE,Resale,Strata,76,"10,632",-,Condominium,1,99 yrs lease commencing from 2012,17,Outside Central Region,01 to 05
CASPIAN,"1,830,000","1,593.07","1,149",Apr-21,LAKESIDE DRIVE,Resale,Strata,148,"12,365",-,Condominium,1,99 yrs lease commencing from 2008,22,Outside Central Region,06 to 10
HEDGES PARK CONDOMINIUM,"918,000","1,011.82",907,Apr-21,FLORA DRIVE,Resale,Strata,94,"9,766",-,Condominium,1,99 yrs lease commencing from 2010,17,Outside Central Region,01 to 05
SPOTTISWOODE SUITES,"1,238,000",581.26,"2,130",Apr-21,SPOTTISWOODE PARK ROAD,Resale,Strata,54,"22,926",-,Apartment,1,Freehold,02,Rest of Central Region,16 to 20
REGENTVILLE,"890,000","1,151.75",773,Apr-21,HOUGANG STREET 92,Resale,Strata,107,"8,318",-,Apartment,1,99 yrs lease commencing from 1996,19,Outside Central Region,06 to 10
ONE SHENTON,"2,500,000","1,593.07","1,569",Apr-21,SHENTON WAY,Resale,Strata,148,"16,892",-,Apartment,1,99 yrs lease commencing from 2005,01,Core Central Region,36 to 40
CITYSCAPE @FARRER PARK,"1,510,000",990.29,"1,525",Apr-21,MERGUI ROAD,Resale,Strata,92,"16,413",-,Condominium,1,Freehold,08,Rest of Central Region,21 to 25
THE GARDENS AT BISHAN,"1,818,000","1,571.54","1,157",Apr-21,SIN MING WALK,Resale,Strata,146,"12,452",-,Condominium,1,99 yrs lease commencing from 1997,20,Rest of Central Region,01 to 05
SUITES DE LAUREL,"970,000",559.73,"1,733",Apr-21,JALAN ANAK BUKIT,Resale,Strata,52,"18,654",-,Apartment,1,999 yrs lease commencing from 1885,21,Rest of Central Region,01 to 05
ELLIOT AT THE EAST COAST,"3,088,000","2,314.26","1,334",Apr-21,ELLIOT ROAD,Resale,Strata,215,"14,363",-,Condominium,1,Freehold,15,Outside Central Region,01 to 05
DAISY SUITES,"980,000",602.78,"1,626",Apr-21,DAISY ROAD,Resale,Strata,56,"17,500",-,Apartment,1,Freehold,13,Outside Central Region,01 to 05
RIVERGATE,"3,900,000","1,560.78","2,499",Apr-21,ROBERTSON QUAY,Resale,Strata,145,"26,897",-,Apartment,1,Freehold,09,Core Central Region,36 to 40
COSTA RHU,"1,240,000",990.29,"1,252",Apr-21,RHU CROSS,Resale,Strata,92,"13,478",-,Condominium,1,99 yrs lease commencing from 1994,15,Rest of Central Region,01 to 05
PRIME RESIDENCE,"535,000",398.27,"1,343",Apr-21,LORONG 22 GEYLANG,Resale,Strata,37,"14,459",-,Apartment,1,Freehold,14,Rest of Central Region,01 to 05
HIGH PARK RESIDENCES,"620,000",452.09,"1,371",Apr-21,FERNVALE ROAD,Resale,Strata,42,"14,762",-,Apartment,1,99 yrs lease commencing from 2014,28,Outside Central Region,06 to 10
CONCOURSE SKYLINE,"4,701,650","2,152.8","2,184",Apr-21,BEACH ROAD,Resale,Strata,200,"23,508",-,Apartment,1,99 yrs lease commencing from 2008,07,Core Central Region,26 to 30
PALM GALLERIA,"1,050,000",861.12,"1,219",Apr-21,LORONG K TELOK KURAU,Resale,Strata,80,"13,125",-,Apartment,1,Freehold,15,Outside Central Region,01 to 05
TRIBECA,"2,180,000","1,033.34","2,110",Apr-21,KIM SENG ROAD,Resale,Strata,96,"22,708",-,Condominium,1,Freehold,09,Core Central Region,21 to 25
CHANGI RISE CONDOMINIUM,"1,180,000","1,474.67",800,Apr-21,SIMEI RISE,Resale,Strata,137,"8,613",-,Condominium,1,99 yrs lease commencing from 2000,18,Outside Central Region,01 to 05
ARCHIPELAGO,"1,468,000","1,184.04","1,240",Apr-21,BEDOK RESERVOIR ROAD,Resale,Strata,110,"13,345",-,Condominium,1,99 yrs lease commencing from 2011,16,Outside Central Region,01 to 05
LAKEVILLE,"1,650,000","1,119.46","1,474",Apr-21,JURONG LAKE LINK,Resale,Strata,104,"15,865",-,Condominium,1,99 yrs lease commencing from 2013,22,Outside Central Region,06 to 10
PARC PALAIS,"1,560,000","1,227.1","1,271",Apr-21,HUME AVENUE,Resale,Strata,114,"13,684",-,Condominium,1,Freehold,21,Outside Central Region,06 to 10
CENTRO RESIDENCES,"1,508,000","1,001.05","1,506",Apr-21,ANG MO KIO AVENUE 8,Resale,Strata,93,"16,215",-,Condominium,1,99 yrs lease commencing from 2007,20,Outside Central Region,21 to 25
EUPHONY GARDENS,"1,400,000","1,829.88",765,Apr-21,JALAN MATA AYER,Resale,Strata,170,"8,235",-,Condominium,1,99 yrs lease commencing from 1998,27,Outside Central Region,01 to 05
CASTLE GREEN,"1,100,000","1,216.33",904,Apr-21,YIO CHU KANG ROAD,Resale,Strata,113,"9,735",-,Condominium,1,99 yrs lease commencing from 1993,26,Outside Central Region,01 to 05
THE TRIZON,"2,050,000","1,194.8","1,716",Apr-21,RIDGEWOOD CLOSE,Resale,Strata,111,"18,468",-,Condominium,1,Freehold,10,Core Central Region,11 to 15
REFLECTIONS AT KEPPEL BAY,"2,130,000","1,506.96","1,413",Apr-21,KEPPEL BAY VIEW,Resale,Strata,140,"15,214",-,Condominium,1,99 yrs lease commencing from 2006,04,Rest of Central Region,01 to 05
THE PALETTE,"1,250,000","1,151.75","1,085",Apr-21,PASIR RIS GROVE,Resale,Strata,107,"11,682",-,Condominium,1,99 yrs lease commencing from 2010,18,Outside Central Region,11 to 15
ICON,"1,100,000",656.6,"1,675",Apr-21,GOPENG STREET,Resale,Strata,61,"18,033",-,Apartment,1,99 yrs lease commencing from 2002,02,Core Central Region,21 to 25
SAVANNAH CONDOPARK,"1,030,000","1,205.57",854,Apr-21,SIMEI RISE,Resale,Strata,112,"9,196",-,Condominium,1,99 yrs lease commencing from 2000,18,Outside Central Region,01 to 05
MURANO,"1,600,000","1,550.02","1,032",Apr-21,PASIR PANJANG ROAD,Resale,Strata,144,"11,111",-,Apartment,1,Freehold,05,Rest of Central Region,01 to 05
RIVERWALK APARTMENTS,"1,728,000","1,259.39","1,372",Apr-21,UPPER CIRCULAR ROAD,Resale,Strata,117,"14,769",-,Apartment,1,99 yrs lease commencing from 1980,01,Rest of Central Region,11 to 15
ESTELLA GARDENS,"888,000","1,140.98",778,Apr-21,FLORA ROAD,Resale,Strata,106,"8,377",-,Condominium,1,Freehold,17,Outside Central Region,06 to 10
FLAME TREE PARK,"2,700,888","1,829.88","1,476",Apr-21,SIN MING AVENUE,Resale,Strata,170,"15,888",-,Condominium,1,Freehold,20,Rest of Central Region,26 to 30
ONE SHENTON,"1,840,000","1,140.98","1,613",Apr-21,SHENTON WAY,Resale,Strata,106,"17,358",-,Apartment,1,99 yrs lease commencing from 2005,01,Core Central Region,31 to 35
THE MAKENA,"2,080,000","1,291.68","1,610",Apr-21,MEYER ROAD,Resale,Strata,120,"17,333",-,Condominium,1,Freehold,15,Rest of Central Region,06 to 10
PEBBLE BAY,"4,365,000","2,626.42","1,662",Apr-21,TANJONG RHU ROAD,Resale,Strata,244,"17,889",-,Condominium,1,99 yrs lease commencing from 1994,15,Rest of Central Region,11 to 15
NOUVEL 18,"5,316,000","1,679.18","3,166",Apr-21,ANDERSON ROAD,Resale,Strata,156,"34,077",-,Condominium,1,Freehold,10,Core Central Region,26 to 30
VIVACE,"1,150,000",570.49,"2,016",Apr-21,TONG WATT ROAD,Resale,Strata,53,"21,698",-,Apartment,1,999 yrs lease commencing from 1841,09,Core Central Region,06 to 10
LEONIE PARC VIEW,"4,500,000","2,012.87","2,236",Apr-21,LEONIE HILL ROAD,Resale,Strata,187,"24,064",-,Apartment,1,Freehold,09,Core Central Region,16 to 20
D' IXORAS,"1,100,000",839.59,"1,310",Apr-21,MINBU ROAD,Resale,Strata,78,"14,103",-,Apartment,1,Freehold,11,Core Central Region,01 to 05
THE ARISTO @ AMBER,"1,482,500",807.3,"1,836",Apr-21,AMBER ROAD,Resale,Strata,75,"19,767",-,Apartment,1,Freehold,15,Rest of Central Region,06 to 10
FOREST HILLS CONDOMINIUM,"955,000","1,162.51",821,Apr-21,TRANSIT ROAD,Resale,Strata,108,"8,843",-,Condominium,1,99 yrs lease commencing from 2000,26,Outside Central Region,01 to 05
THE TRILINQ,"1,790,000","1,356.26","1,320",Apr-21,JALAN LEMPENG,Resale,Strata,126,"14,206",-,Condominium,1,99 yrs lease commencing from 2012,05,Outside Central Region,06 to 10
THE OCEANFRONT @ SENTOSA COVE,"2,650,000","1,883.7","1,407",Apr-21,OCEAN DRIVE,Resale,Strata,175,"15,143",-,Condominium,1,99 yrs lease commencing from 2005,04,Core Central Region,06 to 10
VILLA MARINA,"1,900,000","2,012.87",944,Apr-21,JALAN SEMPADAN,Resale,Strata,187,"10,160",-,Condominium,1,99 yrs lease commencing from 1995,15,Outside Central Region,01 to 05
THE OCEANFRONT @ SENTOSA COVE,"2,000,000","1,216.33","1,644",Apr-21,OCEAN DRIVE,Resale,Strata,113,"17,699",-,Condominium,1,99 yrs lease commencing from 2005,04,Core Central Region,11 to 15
EVERGREEN PARK,"1,250,000","1,345.5",929,Apr-21,HOUGANG AVENUE 7,Resale,Strata,125,"10,000",-,Apartment,1,99 yrs lease commencing from 1995,19,Outside Central Region,16 to 20
URBAN RESORT CONDOMINIUM,"4,800,000","2,120.51","2,264",Apr-21,CAIRNHILL ROAD,Resale,Strata,197,"24,365",-,Condominium,1,Freehold,09,Core Central Region,06 to 10
MY MANHATTAN,"2,000,000","1,603.84","1,247",Apr-21,SIMEI STREET 3,Resale,Strata,149,"13,423",-,Condominium,1,99 yrs lease commencing from 2010,18,Outside Central Region,11 to 15
CITY GATE,"1,670,000",904.18,"1,847",Apr-21,BEACH ROAD,Resale,Strata,84,"19,881",-,Apartment,1,99 yrs lease commencing from 2014,07,Rest of Central Region,26 to 30
RIPPLE BAY,"585,000",538.2,"1,087",Apr-21,PASIR RIS LINK,Resale,Strata,50,"11,700",-,Condominium,1,99 yrs lease commencing from 2011,18,Outside Central Region,06 to 10
CLIFTEN,"2,100,000","1,184.04","1,774",Apr-21,EWE BOON ROAD,Resale,Strata,110,"19,091",-,Apartment,1,Freehold,10,Core Central Region,11 to 15
CITY SQUARE RESIDENCES,"2,600,000","1,496.2","1,738",Apr-21,KITCHENER LINK,Resale,Strata,139,"18,705",-,Condominium,1,Freehold,08,Rest of Central Region,26 to 30
THE TROPICA,"1,180,000","1,237.86",953,Apr-21,TAMPINES AVENUE 1,Resale,Strata,115,"10,261",-,Condominium,1,99 yrs lease commencing from 1996,18,Outside Central Region,11 to 15
LA FIESTA,"930,000",753.48,"1,234",Apr-21,SENGKANG SQUARE,Resale,Strata,70,"13,286",-,Condominium,1,99 yrs lease commencing from 2012,19,Outside Central Region,01 to 05
76 SHENTON,"1,238,000",624.31,"1,983",Apr-21,SHENTON WAY,Resale,Strata,58,"21,345",-,Apartment,1,99 yrs lease commencing from 2007,02,Core Central Region,26 to 30
8 SAINT THOMAS,"4,650,000","1,689.95","2,752",Apr-21,ST. THOMAS WALK,Resale,Strata,157,"29,618",-,Condominium,1,Freehold,09,Core Central Region,16 to 20
CORALS AT KEPPEL BAY,"3,200,000","1,582.31","2,022",Apr-21,KEPPEL BAY DRIVE,Resale,Strata,147,"21,769",-,Condominium,1,99 yrs lease commencing from 2007,04,Rest of Central Region,01 to 05
ELIAS GREEN,"1,040,000","1,528.49",680,Apr-21,ELIAS GREEN,Resale,Strata,142,"7,324",-,Condominium,1,99 yrs lease commencing from 1991,18,Outside Central Region,06 to 10
HILLBROOKS,"1,090,000",882.65,"1,235",Apr-21,HILLVIEW AVENUE,Resale,Strata,82,"13,293",-,Condominium,1,Freehold,23,Outside Central Region,06 to 10
RIVERGATE,"2,420,000","1,044.11","2,318",Apr-21,ROBERTSON QUAY,Resale,Strata,97,"24,948",-,Apartment,1,Freehold,09,Core Central Region,06 to 10
ICON,"1,000,000",581.26,"1,720",Apr-21,GOPENG STREET,Resale,Strata,54,"18,519",-,Apartment,1,99 yrs lease commencing from 2002,02,Core Central Region,21 to 25
1919,"2,050,000","1,302.44","1,574",Apr-21,SOPHIA ROAD,Resale,Strata,121,"16,942",-,Apartment,1,Freehold,09,Core Central Region,01 to 05
NINETEEN SHELFORD ROAD,"1,450,000",850.36,"1,705",Apr-21,SHELFORD ROAD,Resale,Strata,79,"18,354",-,Condominium,1,Freehold,11,Core Central Region,01 to 05
BOTANIC GARDENS VIEW,"3,335,000","1,410.08","2,365",Apr-21,TAMAN SERASI,Resale,Strata,131,"25,458",-,Apartment,1,Freehold,10,Core Central Region,06 to 10
EIGHT RIVERSUITES,"1,370,000",979.52,"1,399",Apr-21,WHAMPOA EAST,Resale,Strata,91,"15,055",-,Condominium,1,99 yrs lease commencing from 2011,12,Rest of Central Region,06 to 10
EDENZ SUITES,"560,000",452.09,"1,239",Apr-21,LORONG 28 GEYLANG,Resale,Strata,42,"13,333",-,Apartment,1,Freehold,14,Rest of Central Region,06 to 10
PALM GARDENS,"1,180,000","1,431.61",824,Apr-21,HONG SAN WALK,Resale,Strata,133,"8,872",-,Condominium,1,99 yrs lease commencing from 1996,23,Outside Central Region,01 to 05
CENTRAL IMPERIAL,"890,000",742.72,"1,198",Apr-21,LORONG 14 GEYLANG,Resale,Strata,69,"12,899",-,Apartment,1,Freehold,14,Rest of Central Region,06 to 10
WALLICH RESIDENCE,"5,268,000","1,636.13","3,220",Apr-21,WALLICH STREET,Resale,Strata,152,"34,658",-,Apartment,1,99 yrs lease commencing from 2011,02,Core Central Region,46 to 50
BARTLEY RIDGE,"720,000",462.85,"1,556",Apr-21,MOUNT VERNON ROAD,Resale,Strata,43,"16,744",-,Condominium,1,99 yrs lease commencing from 2012,13,Rest of Central Region,01 to 05
LEITH GROVE,"860,000",828.83,"1,038",Apr-21,LEITH PARK,Resale,Strata,77,"11,169",-,Apartment,1,Freehold,19,Outside Central Region,01 to 05
RESIDENTIAL APARTMENTS,"6,800,000","3,875.04","1,755",Apr-21,GRANGE ROAD,Resale,Strata,360,"18,889",-,Apartment,1,Freehold,10,Core Central Region,01 to 05
THE TRIZON,"1,850,000","1,044.11","1,772",Apr-21,RIDGEWOOD CLOSE,Resale,Strata,97,"19,072",-,Condominium,1,Freehold,10,Core Central Region,06 to 10
THE WATERSIDE,"3,500,000","2,142.04","1,634",Apr-21,TANJONG RHU ROAD,Resale,Strata,199,"17,588",-,Condominium,1,Freehold,15,Rest of Central Region,06 to 10
REGENTVILLE,"1,060,000","1,334.74",794,Apr-21,HOUGANG STREET 92,Resale,Strata,124,"8,548",-,Apartment,1,99 yrs lease commencing from 1996,19,Outside Central Region,11 to 15
THE INTERLACE,"3,550,000","3,422.95","1,037",Apr-21,DEPOT ROAD,Resale,Strata,318,"11,164",-,Condominium,1,99 yrs lease commencing from 2009,04,Rest of Central Region,01 to 05
PARC CENTROS,"630,000",473.62,"1,330",Apr-21,PUNGGOL CENTRAL,Resale,Strata,44,"14,318",-,Condominium,1,99 yrs lease commencing from 2012,19,Outside Central Region,11 to 15
BOTANIQUE AT BARTLEY,"970,000",656.6,"1,477",Apr-21,UPPER PAYA LEBAR ROAD,Resale,Strata,61,"15,902",-,Condominium,1,99 yrs lease commencing from 2014,19,Outside Central Region,01 to 05
ASTORIA PARK,"1,200,000","1,313.21",914,Apr-21,LORONG MYDIN,Resale,Strata,122,"9,836",-,Condominium,1,99 yrs lease commencing from 1993,14,Outside Central Region,01 to 05
TANGLIN VIEW,"1,470,000","1,151.75","1,276",Apr-21,PRINCE CHARLES CRESCENT,Resale,Strata,107,"13,738",-,Condominium,1,99 yrs lease commencing from 1997,03,Rest of Central Region,01 to 05
SEA ESTA,"1,170,000","1,097.93","1,066",Apr-21,PASIR RIS LINK,Resale,Strata,102,"11,471",-,Condominium,1,99 yrs lease commencing from 2012,18,Outside Central Region,01 to 05
PARC OASIS,"1,318,000","1,506.96",875,Apr-21,JURONG EAST AVENUE 1,Resale,Strata,140,"9,414",-,Condominium,1,99 yrs lease commencing from 1991,22,Outside Central Region,01 to 05
THE CASCADIA,"2,500,000","1,496.2","1,671",Apr-21,BUKIT TIMAH ROAD,Resale,Strata,139,"17,986",-,Condominium,1,Freehold,21,Rest of Central Region,01 to 05
CARIBBEAN AT KEPPEL BAY,"1,520,000",904.18,"1,681",Apr-21,KEPPEL BAY DRIVE,Resale,Strata,84,"18,095",-,Condominium,1,99 yrs lease commencing from 1999,04,Rest of Central Region,06 to 10
BOTANIQUE AT BARTLEY,"1,190,000",731.95,"1,626",Apr-21,UPPER PAYA LEBAR ROAD,Resale,Strata,68,"17,500",-,Condominium,1,99 yrs lease commencing from 2014,19,Outside Central Region,11 to 15
EMILY RESIDENCE,"1,850,000","1,625.36","1,138",Apr-21,MOUNT EMILY ROAD,Resale,Strata,151,"12,252",-,Apartment,1,Freehold,09,Core Central Region,06 to 10
COMPASS HEIGHTS,"960,000","1,054.87",910,Apr-21,SENGKANG SQUARE,Resale,Strata,98,"9,796",-,Apartment,1,99 yrs lease commencing from 2000,19,Outside Central Region,11 to 15
ZEDGE,"805,000",495.14,"1,626",Apr-21,AKYAB ROAD,Resale,Strata,46,"17,500",-,Apartment,1,Freehold,11,Core Central Region,06 to 10
SAVANNAH CONDOPARK,"1,050,000","1,227.1",856,Apr-21,SIMEI RISE,Resale,Strata,114,"9,211",-,Condominium,1,99 yrs lease commencing from 2000,18,Outside Central Region,06 to 10
SOUTHBANK,"1,050,000",613.55,"1,711",Apr-21,NORTH BRIDGE ROAD,Resale,Strata,57,"18,421",-,Apartment,1,99 yrs lease commencing from 2006,07,Rest of Central Region,31 to 35
THE MEYERISE,"2,520,000","1,280.92","1,967",Apr-21,MEYER ROAD,Resale,Strata,119,"21,176",-,Condominium,1,Freehold,15,Rest of Central Region,11 to 15
RIVERSAILS,"1,158,888","1,065.64","1,088",Apr-21,UPPER SERANGOON CRESCENT,Resale,Strata,99,"11,706",-,Condominium,1,99 yrs lease commencing from 2011,19,Outside Central Region,01 to 05
SEAHILL,"980,000",710.42,"1,379",Apr-21,WEST COAST CRESCENT,Resale,Strata,66,"14,848",-,Condominium,1,99 yrs lease commencing from 2011,05,Outside Central Region,16 to 20
CUBIK,"1,400,000","1,022.58","1,369",Apr-21,LORONG K TELOK KURAU,Resale,Strata,95,"14,737",-,Apartment,1,Freehold,15,Outside Central Region,01 to 05
EAST COAST RESIDENCES,"1,680,000","1,302.44","1,290",Apr-21,UPPER EAST COAST ROAD,Resale,Strata,121,"13,884",-,Apartment,1,Freehold,16,Outside Central Region,01 to 05
PALM GARDENS,"865,000","1,216.33",711,Apr-21,HONG SAN WALK,Resale,Strata,113,"7,655",-,Condominium,1,99 yrs lease commencing from 1996,23,Outside Central Region,01 to 05
COMPASS HEIGHTS,"2,050,000","2,637.18",777,Apr-21,SENGKANG SQUARE,Resale,Strata,245,"8,367",-,Apartment,1,99 yrs lease commencing from 2000,19,Outside Central Region,11 to 15
FORESQUE RESIDENCES,"2,028,000","1,915.99","1,058",Apr-21,PETIR ROAD,Resale,Strata,178,"11,393",-,Condominium,1,99 yrs lease commencing from 2011,23,Outside Central Region,21 to 25
STRATA,"2,500,000","1,636.13","1,528",Apr-21,ESSEX ROAD,Resale,Strata,152,"16,447",-,Apartment,1,Freehold,11,Core Central Region,21 to 25
SIMS URBAN OASIS,"1,050,000",667.37,"1,573",Apr-21,SIMS DRIVE,Resale,Strata,62,"16,935",-,Condominium,1,99 yrs lease commencing from 2014,14,Rest of Central Region,06 to 10
HILLION RESIDENCES,"730,000",473.62,"1,541",Apr-21,JELEBU ROAD,Resale,Strata,44,"16,591",-,Apartment,1,99 yrs lease commencing from 2013,23,Outside Central Region,06 to 10
GRANDEUR 8,"1,560,000","1,420.85","1,098",Apr-21,ANG MO KIO CENTRAL 3,Resale,Strata,132,"11,818",-,Condominium,1,99 yrs lease commencing from 2002,20,Outside Central Region,16 to 20
THE SPRINGBLOOM,"1,630,000","1,474.67","1,105",Apr-21,SERANGOON AVENUE 3,Resale,Strata,137,"11,898",-,Condominium,1,99 yrs lease commencing from 1995,19,Outside Central Region,01 to 05
SKYSUITES17,"610,000",355.21,"1,717",Apr-21,JALAN RAJAH,Resale,Strata,33,"18,485",-,Apartment,1,Freehold,12,Rest of Central Region,16 to 20
BARTLEY RESIDENCES,"1,600,000","1,184.04","1,351",Apr-21,LORONG HOW SUN,Resale,Strata,110,"14,545",-,Apartment,1,99 yrs lease commencing from 2011,19,Outside Central Region,01 to 05
RIPPLE BAY,"1,040,000","1,054.87",986,Apr-21,PASIR RIS LINK,Resale,Strata,98,"10,612",-,Condominium,1,99 yrs lease commencing from 2011,18,Outside Central Region,01 to 05
HILLVIEW REGENCY,"1,050,000","1,194.8",879,Apr-21,BUKIT BATOK EAST AVENUE 2,Resale,Strata,111,"9,459",-,Condominium,1,99 yrs lease commencing from 2000,23,Outside Central Region,21 to 25
ASPEN HEIGHTS,"2,968,000","1,582.31","1,876",Apr-21,RIVER VALLEY ROAD,Resale,Strata,147,"20,190",-,Condominium,1,999 yrs lease commencing from 1841,09,Core Central Region,01 to 05
SOUTH BEACH RESIDENCES,"17,560,000","5,069.84","3,464",Apr-21,BEACH ROAD,Resale,Strata,471,"37,282",-,Apartment,1,99 yrs lease commencing from 2007,07,Core Central Region,41 to 45
ENVIO,"1,288,000","1,011.82","1,273",Apr-21,JOO CHIAT PLACE,Resale,Strata,94,"13,702",-,Apartment,1,Freehold,15,Outside Central Region,01 to 05
KATONG APARTMENTS,"1,450,000","1,356.26","1,069",Apr-21,MANGIS ROAD,Resale,Strata,126,"11,508",-,Apartment,1,Freehold,15,Rest of Central Region,01 to 05
THE LAKESHORE,"1,350,000","1,162.51","1,161",Apr-21,JURONG WEST STREET 41,Resale,Strata,108,"12,500",-,Condominium,1,99 yrs lease commencing from 2002,22,Outside Central Region,11 to 15
THE ANSLEY,"1,870,000","1,302.44","1,436",Apr-21,MANDALAY ROAD,Resale,Strata,121,"15,455",-,Condominium,1,Freehold,11,Core Central Region,11 to 15
PALM ISLES,"745,000",785.77,948,Apr-21,FLORA DRIVE,Resale,Strata,73,"10,205",-,Condominium,1,99 yrs lease commencing from 2011,17,Outside Central Region,01 to 05
MARTIN NO 38,"2,690,000","1,130.22","2,380",Apr-21,MARTIN ROAD,Resale,Strata,105,"25,619",-,Apartment,1,Freehold,09,Core Central Region,06 to 10
ST MICHAEL REGENCY,"1,560,000","1,237.86","1,260",Apr-21,ST. MICHAEL'S ROAD,Resale,Strata,115,"13,565",-,Apartment,1,Freehold,12,Rest of Central Region,11 to 15
VILLA CHANCERY,"6,850,000","3,702.82","1,850",Apr-21,CHANCERY LANE,Resale,Strata,344,"19,913",-,Condominium,1,Freehold,11,Core Central Region,01 to 05
TIERRA VUE,"2,430,000","1,388.56","1,750",Apr-21,ST. PATRICK'S ROAD,Resale,Strata,129,"18,837",-,Condominium,1,Freehold,15,Outside Central Region,01 to 05
SOUTHAVEN I,"1,300,000","1,442.38",901,Apr-21,HINDHEDE WALK,Resale,Strata,134,"9,701",-,Condominium,1,99 yrs lease commencing from 1994,21,Outside Central Region,01 to 05
BASSEIN COURT,"1,950,000","1,399.32","1,394",Apr-21,BASSEIN ROAD,Resale,Strata,130,"15,000",-,Apartment,1,Freehold,11,Core Central Region,06 to 10
FAR HORIZON GARDENS,"1,200,000","1,388.56",864,Apr-21,ANG MO KIO AVENUE 9,Resale,Strata,129,"9,302",-,Condominium,1,99 yrs lease commencing from 1982,20,Outside Central Region,06 to 10
A TREASURE TROVE,"895,000",775.01,"1,155",Apr-21,PUNGGOL WALK,Resale,Strata,72,"12,431",-,Condominium,1,99 yrs lease commencing from 2011,19,Outside Central Region,06 to 10
SILVERSEA,"4,700,000","2,561.83","1,835",Apr-21,MARINE PARADE ROAD,Resale,Strata,238,"19,748",-,Condominium,1,99 yrs lease commencing from 2007,15,Rest of Central Region,16 to 20
ARCHIPELAGO,"1,630,000","1,399.32","1,165",Apr-21,BEDOK RESERVOIR ROAD,Resale,Strata,130,"12,538",-,Condominium,1,99 yrs lease commencing from 2011,16,Outside Central Region,01 to 05
BLEU @ EAST COAST,"1,490,000","1,173.28","1,270",Apr-21,UPPER EAST COAST ROAD,Resale,Strata,109,"13,670",-,Condominium,1,Freehold,16,Outside Central Region,01 to 05
SKYLINE RESIDENCES,"2,590,000","1,345.5","1,925",Apr-21,TELOK BLANGAH ROAD,Resale,Strata,125,"20,720",-,Condominium,1,Freehold,04,Rest of Central Region,06 to 10
WATERBANK AT DAKOTA,"1,875,000","1,280.92","1,464",Apr-21,DAKOTA CRESCENT,Resale,Strata,119,"15,756",-,Condominium,1,99 yrs lease commencing from 2009,14,Rest of Central Region,16 to 20
CHANGI GREEN,"1,560,000","1,431.61","1,090",Apr-21,UPPER CHANGI ROAD EAST,Resale,Strata,133,"11,729",-,Condominium,1,Freehold,16,Outside Central Region,01 to 05
THE PANORAMA,"1,528,000","1,011.82","1,510",Apr-21,ANG MO KIO AVENUE 2,Resale,Strata,94,"16,255",-,Condominium,1,99 yrs lease commencing from 2013,20,Outside Central Region,01 to 05
8 RAJA,"2,150,000","1,571.54","1,368",Apr-21,JALAN RAJA UDANG,Resale,Strata,146,"14,726",-,Apartment,1,Freehold,12,Rest of Central Region,11 to 15
DUNMAN VIEW,"1,500,000","1,345.5","1,115",Apr-21,HAIG ROAD,Resale,Strata,125,"12,000",-,Condominium,1,99 yrs lease commencing from 1997,15,Rest of Central Region,06 to 10
VILLA MARTIA,"1,710,000","1,248.62","1,370",Apr-21,MARTIA ROAD,Resale,Strata,116,"14,741",-,Condominium,1,Freehold,15,Outside Central Region,01 to 05
STILL 123,"1,280,000","1,205.57","1,062",Apr-21,LANGSAT ROAD,Resale,Strata,112,"11,429",-,Apartment,1,Freehold,15,Rest of Central Region,01 to 05
ALTEZ,"1,588,888",839.59,"1,892",Apr-21,ENGGOR STREET,Resale,Strata,78,"20,370",-,Apartment,1,99 yrs lease commencing from 2008,02,Core Central Region,31 to 35
PARVIS,"3,300,000","1,700.71","1,940",Apr-21,HOLLAND HILL,Resale,Strata,158,"20,886",-,Condominium,1,Freehold,10,Core Central Region,06 to 10
ST MARTIN RESIDENCE,"2,900,000","1,227.1","2,363",Apr-21,ST. MARTIN'S DRIVE,Resale,Strata,114,"25,439",-,Condominium,1,Freehold,10,Core Central Region,01 to 05
MELVILLE PARK,"695,000",958,725,Apr-21,SIMEI STREET 1,Resale,Strata,89,"7,809",-,Condominium,1,99 yrs lease commencing from 1992,18,Outside Central Region,01 to 05
RIVERTREES RESIDENCES,"1,280,000","1,119.46","1,143",Apr-21,FERNVALE CLOSE,Resale,Strata,104,"12,308",-,Apartment,1,99 yrs lease commencing from 2013,28,Outside Central Region,01 to 05
THE OCEANFRONT @ SENTOSA COVE,"6,050,000","3,024.68","2,000",Apr-21,OCEAN DRIVE,Resale,Strata,281,"21,530",-,Condominium,1,99 yrs lease commencing from 2005,04,Core Central Region,06 to 10
MI CASA,"1,200,000","1,291.68",929,Apr-21,CHOA CHU KANG AVENUE 3,Resale,Strata,120,"10,000",-,Condominium,1,99 yrs lease commencing from 2008,23,Outside Central Region,01 to 05
THE BAYSHORE,"935,000",979.52,955,Apr-21,BAYSHORE ROAD,Resale,Strata,91,"10,275",-,Condominium,1,99 yrs lease commencing from 1993,16,Outside Central Region,11 to 15
PALM ISLES,"550,000",516.67,"1,065",Apr-21,FLORA DRIVE,Resale,Strata,48,"11,458",-,Condominium,1,99 yrs lease commencing from 2011,17,Outside Central Region,01 to 05
SPRING GROVE,"1,560,000","1,011.82","1,542",Apr-21,GRANGE ROAD,Resale,Strata,94,"16,596",-,Condominium,1,99 yrs lease commencing from 1991,10,Core Central Region,01 to 05
LA FIESTA,"1,251,000","1,001.05","1,250",Apr-21,SENGKANG SQUARE,Resale,Strata,93,"13,452",-,Condominium,1,99 yrs lease commencing from 2012,19,Outside Central Region,06 to 10
WATERTOWN,"1,123,000",807.3,"1,391",Apr-21,PUNGGOL CENTRAL,Resale,Strata,75,"14,973",-,Apartment,1,99 yrs lease commencing from 2011,19,Outside Central Region,06 to 10
SOMMERVILLE PARK,"2,390,000","1,302.44","1,835",Apr-21,FARRER DRIVE,Resale,Strata,121,"19,752",-,Condominium,1,Freehold,10,Core Central Region,11 to 15
SOMMERVILLE PARK,"2,400,000","1,302.44","1,843",Apr-21,FARRER DRIVE,Resale,Strata,121,"19,835",-,Condominium,1,Freehold,10,Core Central Region,11 to 15
RIPPLE BAY,"620,888",538.2,"1,154",Apr-21,PASIR RIS LINK,Resale,Strata,50,"12,418",-,Condominium,1,99 yrs lease commencing from 2011,18,Outside Central Region,11 to 15
ROCHELLE AT NEWTON,"2,555,000","1,776.06","1,439",Apr-21,KENG LEE ROAD,Resale,Strata,165,"15,485",-,Condominium,1,99 yrs lease commencing from 2008,11,Core Central Region,01 to 05
TREVISTA,"1,165,000",893.41,"1,304",Apr-21,LORONG 3 TOA PAYOH,Resale,Strata,83,"14,036",-,Condominium,1,99 yrs lease commencing from 2008,12,Rest of Central Region,06 to 10
AMBER RESIDENCES,"3,900,000","2,217.38","1,759",Apr-21,AMBER ROAD,Resale,Strata,206,"18,932",-,Condominium,1,Freehold,15,Rest of Central Region,11 to 15
GOLDENHILL PARK CONDOMINIUM,"4,020,000","2,927.81","1,373",Apr-21,MEI HWAN DRIVE,Resale,Strata,272,"14,779",-,Condominium,1,Freehold,20,Outside Central Region,16 to 20
BALMORAL 8,"3,700,000","1,840.64","2,010",Apr-21,BALMORAL ROAD,Resale,Strata,171,"21,637",-,Condominium,1,Freehold,10,Core Central Region,06 to 10
SUNNYVALE RESIDENCES,"1,550,000","1,119.46","1,385",Apr-21,LORONG K TELOK KURAU,Resale,Strata,104,"14,904",-,Apartment,1,Freehold,15,Outside Central Region,01 to 05
THE EBONY,"530,000",333.68,"1,588",Apr-21,LORONG MARICAN,Resale,Strata,31,"17,097",-,Apartment,1,Freehold,14,Outside Central Region,01 to 05
YISHUN SAPPHIRE,"1,100,000","1,345.5",818,Apr-21,CANBERRA DRIVE,Resale,Strata,125,"8,800",-,Condominium,1,99 yrs lease commencing from 1998,27,Outside Central Region,06 to 10
MANDALE HEIGHTS,"1,080,000",764.24,"1,413",Apr-21,MANDALAY ROAD,Resale,Strata,71,"15,211",-,Apartment,1,Freehold,11,Core Central Region,06 to 10
LAGOON VIEW,"1,680,000","1,646.89","1,020",Apr-21,MARINE PARADE ROAD,Resale,Strata,153,"10,980",-,Apartment,1,99 yrs lease commencing from 1977,15,Outside Central Region,06 to 10
REGENTVILLE,"930,000","1,151.75",807,Apr-21,HOUGANG STREET 92,Resale,Strata,107,"8,692",-,Apartment,1,99 yrs lease commencing from 1996,19,Outside Central Region,11 to 15
THE BOUTIQ,"1,190,000",581.26,"2,047",Apr-21,KILLINEY ROAD,Resale,Strata,54,"22,037",-,Apartment,1,Freehold,09,Core Central Region,01 to 05
CUSCADEN RESIDENCES,"3,490,000","1,485.43","2,349",Apr-21,CUSCADEN ROAD,Resale,Strata,138,"25,290",-,Condominium,1,Freehold,10,Core Central Region,11 to 15
THE SEAFRONT ON MEYER,"3,120,000","1,614.6","1,932",Apr-21,MEYER ROAD,Resale,Strata,150,"20,800",-,Condominium,1,Freehold,15,Rest of Central Region,16 to 20
ST REGIS RESIDENCES SINGAPORE,"5,200,000","2,152.8","2,415",Apr-21,TANGLIN ROAD,Resale,Strata,200,"26,000",-,Apartment,1,999 yrs lease commencing from 1995,10,Core Central Region,11 to 15
PARC CENTROS,"620,000",473.62,"1,309",Apr-21,PUNGGOL CENTRAL,Resale,Strata,44,"14,091",-,Condominium,1,99 yrs lease commencing from 2012,19,Outside Central Region,06 to 10
8 RODYK,"1,590,000",721.19,"2,205",Apr-21,RODYK STREET,Resale,Strata,67,"23,731",-,Apartment,1,Freehold,09,Core Central Region,06 to 10
MELVILLE PARK,"720,000","1,044.11",690,Apr-21,SIMEI STREET 1,Resale,Strata,97,"7,423",-,Condominium,1,99 yrs lease commencing from 1992,18,Outside Central Region,06 to 10
SIMS EDGE,"640,000",409.03,"1,565",Apr-21,GEYLANG EAST AVENUE 2,Resale,Strata,38,"16,842",-,Apartment,1,Freehold,14,Rest of Central Region,06 to 10
REGENT HEIGHTS,"880,000","1,173.28",750,Apr-21,BUKIT BATOK EAST AVENUE 5,Resale,Strata,109,"8,073",-,Condominium,1,99 yrs lease commencing from 1995,23,Outside Central Region,11 to 15
BISHAN PARK CONDOMINIUM,"1,590,000","1,506.96","1,055",Apr-21,SIN MING WALK,Resale,Strata,140,"11,357",-,Condominium,1,99 yrs lease commencing from 1991,20,Rest of Central Region,01 to 05
WATERFRONT WAVES,"1,485,000","1,377.79","1,078",Apr-21,BEDOK RESERVOIR ROAD,Resale,Strata,128,"11,602",-,Condominium,1,99 yrs lease commencing from 2007,16,Outside Central Region,01 to 05
FLO RESIDENCE,"785,000",764.24,"1,027",Apr-21,PUNGGOL FIELD WALK,Resale,Strata,71,"11,056",-,Condominium,1,99 yrs lease commencing from 2011,19,Outside Central Region,06 to 10
MI CASA,"990,999","1,119.46",885,Apr-21,CHOA CHU KANG AVENUE 3,Resale,Strata,104,"9,529",-,Condominium,1,99 yrs lease commencing from 2008,23,Outside Central Region,01 to 05
BOTANNIA,"2,118,000","1,603.84","1,321",Apr-21,WEST COAST PARK,Resale,Strata,149,"14,215",-,Condominium,1,956 yrs lease commencing from 1928,05,Outside Central Region,01 to 05
WATER PLACE,"1,650,000","1,388.56","1,188",Apr-21,TANJONG RHU ROAD,Resale,Strata,129,"12,791",-,Condominium,1,99 yrs lease commencing from 1998,15,Rest of Central Region,01 to 05
LA FIESTA,"900,000",731.95,"1,230",Apr-21,SENGKANG SQUARE,Resale,Strata,68,"13,235",-,Condominium,1,99 yrs lease commencing from 2012,19,Outside Central Region,01 to 05
THE INTERLACE,"3,200,000","3,272.26",978,Apr-21,DEPOT ROAD,Resale,Strata,304,"10,526",-,Condominium,1,99 yrs lease commencing from 2009,04,Rest of Central Region,01 to 05
URBAN VISTA,"1,130,000",796.54,"1,419",Apr-21,TANAH MERAH KECHIL LINK,Resale,Strata,74,"15,270",-,Condominium,1,99 yrs lease commencing from 2012,16,Outside Central Region,11 to 15
THE AZURE,"2,100,000","1,334.74","1,573",Apr-21,OCEAN DRIVE,Resale,Strata,124,"16,935",-,Condominium,1,99 yrs lease commencing from 2005,04,Core Central Region,01 to 05
LUXE VILLE,"1,920,000","1,593.07","1,205",Apr-21,PASIR PANJANG ROAD,Resale,Strata,148,"12,973",-,Apartment,1,Freehold,05,Rest of Central Region,01 to 05
THE LAKEFRONT RESIDENCES,"1,370,000","1,001.05","1,369",Apr-21,LAKESIDE DRIVE,Resale,Strata,93,"14,731",-,Condominium,1,99 yrs lease commencing from 2010,22,Outside Central Region,11 to 15
SUITES @ PAYA LEBAR,"535,888",376.74,"1,422",Apr-21,UPPER PAYA LEBAR ROAD,Resale,Strata,35,"15,311",-,Apartment,1,Freehold,19,Outside Central Region,01 to 05
WOODHAVEN,"655,000",624.31,"1,049",Apr-21,WOODGROVE AVENUE,Resale,Strata,58,"11,293",-,Condominium,1,99 yrs lease commencing from 2011,25,Outside Central Region,01 to 05
URBAN LOFTS,"638,000",419.8,"1,520",Apr-21,RANGOON ROAD,Resale,Strata,39,"16,359",-,Apartment,1,Freehold,08,Rest of Central Region,01 to 05
WATERMARK ROBERTSON QUAY,"2,800,000","1,582.31","1,770",Apr-21,RODYK STREET,Resale,Strata,147,"19,048",-,Apartment,1,Freehold,09,Core Central Region,01 to 05
RIVERVALE CREST,"850,000","1,205.57",705,Apr-21,RIVERVALE CRESCENT,Resale,Strata,112,"7,589",-,Apartment,1,99 yrs lease commencing from 1997,19,Outside Central Region,01 to 05
THE CITRINE,"1,620,000","1,323.97","1,224",Apr-21,JALAN DATOH,Resale,Strata,123,"13,171",-,Apartment,1,Freehold,12,Rest of Central Region,01 to 05
THOMSON IMPRESSIONS,"740,000",462.85,"1,599",Apr-21,LORONG PUNTONG,Resale,Strata,43,"17,209",-,Apartment,1,99 yrs lease commencing from 2015,20,Rest of Central Region,16 to 20
STRATUM,"1,800,000","2,012.87",894,Apr-21,ELIAS ROAD,Resale,Strata,187,"9,626",-,Condominium,1,99 yrs lease commencing from 2012,18,Outside Central Region,01 to 05
REGENT HEIGHTS,"850,000","1,173.28",724,Apr-21,BUKIT BATOK EAST AVENUE 5,Resale,Strata,109,"7,798",-,Condominium,1,99 yrs lease commencing from 1995,23,Outside Central Region,06 to 10
THE SIENA,"1,490,000",904.18,"1,648",Apr-21,TAN KIM CHENG ROAD,Resale,Strata,84,"17,738",-,Apartment,1,99 yrs lease commencing from 2013,10,Core Central Region,01 to 05
THE PARC CONDOMINIUM,"1,420,000",979.52,"1,450",Apr-21,WEST COAST WALK,Resale,Strata,91,"15,604",-,Condominium,1,Freehold,05,Outside Central Region,11 to 15
HILLVIEW REGENCY,"980,000","1,119.46",875,Apr-21,BUKIT BATOK EAST AVENUE 2,Resale,Strata,104,"9,423",-,Condominium,1,99 yrs lease commencing from 2000,23,Outside Central Region,16 to 20
KINGSFORD WATERBAY,"1,020,000",914.94,"1,115",Apr-21,UPPER SERANGOON VIEW,Resale,Strata,85,"12,000",-,Apartment,1,99 yrs lease commencing from 2014,19,Outside Central Region,16 to 20
PARC VISTA,"955,000","1,119.46",853,Apr-21,CORPORATION ROAD,Resale,Strata,104,"9,183",-,Condominium,1,99 yrs lease commencing from 1995,22,Outside Central Region,16 to 20
THE ANCHORAGE,"2,750,000","1,829.88","1,503",Apr-21,ALEXANDRA ROAD,Resale,Strata,170,"16,176",-,Condominium,1,Freehold,03,Rest of Central Region,11 to 15
ST MICHAEL'S PLACE,"1,400,000","1,227.1","1,141",Apr-21,JALAN TAMAN,Resale,Strata,114,"12,281",-,Apartment,1,Freehold,12,Rest of Central Region,06 to 10
ICON,"1,180,000",699.66,"1,687",Apr-21,GOPENG STREET,Resale,Strata,65,"18,154",-,Apartment,1,99 yrs lease commencing from 2002,02,Core Central Region,16 to 20
TERRENE AT BUKIT TIMAH,"1,525,000","1,033.34","1,476",Apr-21,JALAN JURONG KECHIL,Resale,Strata,96,"15,885",-,Condominium,1,999 yrs lease commencing from 1885,21,Rest of Central Region,01 to 05
THE PALETTE,"818,000",731.95,"1,118",Apr-21,PASIR RIS GROVE,Resale,Strata,68,"12,029",-,Condominium,1,99 yrs lease commencing from 2010,18,Outside Central Region,06 to 10
CITY SQUARE RESIDENCES,"1,490,000",861.12,"1,730",Apr-21,KITCHENER LINK,Resale,Strata,80,"18,625",-,Condominium,1,Freehold,08,Rest of Central Region,11 to 15
CARISSA PARK CONDOMINIUM,"855,000",925.7,924,Apr-21,FLORA DRIVE,Resale,Strata,86,"9,942",-,Condominium,1,Freehold,17,Outside Central Region,06 to 10
BOTANNIA,"1,710,000","1,356.26","1,261",Apr-21,WEST COAST PARK,Resale,Strata,126,"13,571",-,Condominium,1,956 yrs lease commencing from 1928,05,Outside Central Region,06 to 10
TANGLIN PARK,"2,038,000","1,022.58","1,993",Apr-21,RIDLEY PARK,Resale,Strata,95,"21,453",-,Condominium,1,Freehold,10,Core Central Region,01 to 05
SENNETT RESIDENCE,"790,000",484.38,"1,631",Apr-21,PHENG GECK AVENUE,Resale,Strata,45,"17,556",-,Condominium,1,99 yrs lease commencing from 2011,13,Rest of Central Region,01 to 05
TREASURES @ G20,"520,000",452.09,"1,150",Apr-21,LORONG 20 GEYLANG,Resale,Strata,42,"12,381",-,Apartment,1,Freehold,14,Rest of Central Region,01 to 05
DAKOTA RESIDENCES,"2,820,000","1,894.46","1,489",Apr-21,DAKOTA CRESCENT,Resale,Strata,176,"16,023",-,Condominium,1,99 yrs lease commencing from 2007,14,Rest of Central Region,06 to 10
PARC VISTA,"915,000","1,076.4",850,Apr-21,CORPORATION ROAD,Resale,Strata,100,"9,150",-,Condominium,1,99 yrs lease commencing from 1995,22,Outside Central Region,11 to 15
TURQUOISE,"2,892,370","2,088.22","1,385",Apr-21,COVE DRIVE,Resale,Strata,194,"14,909",-,Condominium,1,99 yrs lease commencing from 2007,04,Core Central Region,01 to 05
SUNRISE GARDENS,"1,450,000","1,689.95",858,Apr-21,SUNRISE AVENUE,Resale,Strata,157,"9,236",-,Condominium,1,99 yrs lease commencing from 1995,28,Outside Central Region,01 to 05
SPRING GROVE,"1,880,000","1,388.56","1,354",Apr-21,GRANGE ROAD,Resale,Strata,129,"14,574",-,Condominium,1,99 yrs lease commencing from 1991,10,Core Central Region,11 to 15
RIVER PLACE,"996,888",678.13,"1,470",Apr-21,HAVELOCK ROAD,Resale,Strata,63,"15,824",-,Condominium,1,99 yrs lease commencing from 1995,03,Rest of Central Region,01 to 05
STARVILLE,"748,000",581.26,"1,287",Apr-21,LENGKONG TIGA,Resale,Strata,54,"13,852",-,Condominium,1,Freehold,14,Outside Central Region,06 to 10
WATERFRONT ISLE,"1,585,000","1,216.33","1,303",Apr-21,BEDOK RESERVOIR ROAD,Resale,Strata,113,"14,027",-,Condominium,1,99 yrs lease commencing from 2009,16,Outside Central Region,11 to 15
WATERBANK AT DAKOTA,"1,100,000",624.31,"1,762",Apr-21,DAKOTA CRESCENT,Resale,Strata,58,"18,966",-,Condominium,1,99 yrs lease commencing from 2009,14,Rest of Central Region,11 to 15
CLEMENTIWOODS CONDOMINIUM,"1,220,000","1,001.05","1,219",Apr-21,WEST COAST ROAD,Resale,Strata,93,"13,118",-,Condominium,1,99 yrs lease commencing from 2006,05,Outside Central Region,01 to 05
COSTA DEL SOL,"1,736,800","1,227.1","1,415",Apr-21,BAYSHORE ROAD,Resale,Strata,114,"15,235",-,Condominium,1,99 yrs lease commencing from 1997,16,Outside Central Region,26 to 30
THE LINEAR,"1,180,000","1,173.28","1,006",Apr-21,UPPER BUKIT TIMAH ROAD,Resale,Strata,109,"10,826",-,Apartment,1,999 yrs lease commencing from 1876,23,Outside Central Region,01 to 05
COMPASS HEIGHTS,"1,100,000","1,291.68",852,Apr-21,SENGKANG SQUARE,Resale,Strata,120,"9,167",-,Apartment,1,99 yrs lease commencing from 2000,19,Outside Central Region,01 to 05
PARC CENTROS,"1,180,888",990.29,"1,192",Apr-21,PUNGGOL CENTRAL,Resale,Strata,92,"12,836",-,Condominium,1,99 yrs lease commencing from 2012,19,Outside Central Region,06 to 10
THE NEXUS,"1,740,000","1,065.64","1,633",Apr-21,BUKIT TIMAH ROAD,Resale,Strata,99,"17,576",-,Condominium,1,Freehold,21,Rest of Central Region,01 to 05
THE MEYERISE,"1,830,000",871.88,"2,099",Apr-21,MEYER ROAD,Resale,Strata,81,"22,593",-,Condominium,1,Freehold,15,Rest of Central Region,11 to 15
MAPLE WOODS,"2,500,000","1,334.74","1,873",Apr-21,BUKIT TIMAH ROAD,Resale,Strata,124,"20,161",-,Condominium,1,Freehold,21,Rest of Central Region,06 to 10
FLO RESIDENCE,"1,308,000","1,345.5",972,Apr-21,PUNGGOL FIELD WALK,Resale,Strata,125,"10,464",-,Condominium,1,99 yrs lease commencing from 2011,19,Outside Central Region,11 to 15
ROSEWOOD,"838,000","1,173.28",714,Apr-21,ROSEWOOD DRIVE,Resale,Strata,109,"7,688",-,Condominium,1,99 yrs lease commencing from 2000,25,Outside Central Region,01 to 05
RIPPLE BAY,"796,000",775.01,"1,027",Apr-21,PASIR RIS LINK,Resale,Strata,72,"11,056",-,Condominium,1,99 yrs lease commencing from 2011,18,Outside Central Region,06 to 10
CLEMENTI PARK,"1,950,000","1,754.53","1,111",Apr-21,SUNSET WAY,Resale,Strata,163,"11,963",-,Condominium,1,Freehold,21,Outside Central Region,01 to 05
RIPPLE BAY,"910,000",764.24,"1,191",Apr-21,PASIR RIS LINK,Resale,Strata,71,"12,817",-,Condominium,1,99 yrs lease commencing from 2011,18,Outside Central Region,06 to 10
IMPERIAL HEIGHTS,"780,000",592.02,"1,318",Apr-21,IPOH LANE,Resale,Strata,55,"14,182",-,Apartment,1,Freehold,15,Rest of Central Region,06 to 10
AVILA GARDENS,"1,050,000","1,323.97",793,Apr-21,FLORA ROAD,Resale,Strata,123,"8,537",-,Condominium,1,Freehold,17,Outside Central Region,01 to 05
THE PANORAMA,"1,550,000","1,011.82","1,532",Apr-21,ANG MO KIO AVENUE 2,Resale,Strata,94,"16,489",-,Condominium,1,99 yrs lease commencing from 2013,20,Outside Central Region,11 to 15
ESTELLA GARDENS,"1,100,000","1,291.68",852,Apr-21,FLORA ROAD,Resale,Strata,120,"9,167",-,Condominium,1,Freehold,17,Outside Central Region,01 to 05
THE TRILINQ,"1,450,000",936.47,"1,548",Apr-21,JALAN LEMPENG,Resale,Strata,87,"16,667",-,Condominium,1,99 yrs lease commencing from 2012,05,Outside Central Region,11 to 15
CASSIA VIEW,"1,365,000","1,151.75","1,185",Apr-21,GUILLEMARD ROAD,Resale,Strata,107,"12,757",-,Apartment,1,Freehold,14,Rest of Central Region,01 to 05
THE LEVELZ,"1,290,000",785.77,"1,642",Apr-21,FARRER ROAD,Resale,Strata,73,"17,671",-,Condominium,1,Freehold,10,Core Central Region,11 to 15
VISIONCREST,"1,400,000",699.66,"2,001",Apr-21,OXLEY RISE,Resale,Strata,65,"21,538",-,Apartment,1,Freehold,09,Core Central Region,06 to 10
PALM ISLES,"555,000",505.91,"1,097",Apr-21,FLORA DRIVE,Resale,Strata,47,"11,809",-,Condominium,1,99 yrs lease commencing from 2011,17,Outside Central Region,01 to 05
SIGNATURE PARK,"1,840,000","1,388.56","1,325",Apr-21,TOH TUCK ROAD,Resale,Strata,129,"14,264",-,Condominium,1,Freehold,21,Rest of Central Region,01 to 05
PARC VERA,"840,000",785.77,"1,069",Apr-21,HOUGANG STREET 32,Resale,Strata,73,"11,507",-,Condominium,1,99 yrs lease commencing from 2010,19,Outside Central Region,11 to 15
NORTHVALE,"930,000","1,270.15",732,Apr-21,CHOA CHU KANG LOOP,Resale,Strata,118,"7,881",-,Apartment,1,99 yrs lease commencing from 1995,23,Outside Central Region,01 to 05
PARC ROSEWOOD,"525,000",430.56,"1,219",Apr-21,ROSEWOOD DRIVE,Resale,Strata,40,"13,125",-,Condominium,1,99 yrs lease commencing from 2011,25,Outside Central Region,01 to 05
EMERALD EAST,"1,435,000",925.7,"1,550",Apr-21,TANJONG RHU ROAD,Resale,Strata,86,"16,686",-,Apartment,1,Freehold,15,Rest of Central Region,06 to 10
STRATA,"1,800,000","1,065.64","1,689",Apr-21,ESSEX ROAD,Resale,Strata,99,"18,182",-,Apartment,1,Freehold,11,Core Central Region,21 to 25
BIRMINGHAM MANSIONS,"2,900,000","1,700.71","1,705",Apr-21,THOMSON ROAD,Resale,Strata,158,"18,354",-,Apartment,1,Freehold,11,Core Central Region,11 to 15
VENTURA VIEW,"775,000",764.24,"1,014",Apr-21,RAMBUTAN ROAD,Resale,Strata,71,"10,915",-,Apartment,1,Freehold,15,Rest of Central Region,01 to 05
THE PANORAMA,"1,510,000","1,001.05","1,508",Apr-21,ANG MO KIO AVENUE 2,Resale,Strata,93,"16,237",-,Condominium,1,99 yrs lease commencing from 2013,20,Outside Central Region,01 to 05
KOVAN RESIDENCES,"2,220,000","1,765.3","1,258",Apr-21,KOVAN ROAD,Resale,Strata,164,"13,537",-,Condominium,1,99 yrs lease commencing from 2007,19,Outside Central Region,16 to 20
GRAND REGALIA,"1,918,000","2,303.5",833,Apr-21,UPPER SERANGOON ROAD,Resale,Strata,214,"8,963",-,Apartment,1,Freehold,19,Outside Central Region,01 to 05
D'GROVE VILLAS,"5,780,000","2,701.76","2,139",Apr-21,ORANGE GROVE ROAD,Resale,Strata,251,"23,028",-,Condominium,1,Freehold,10,Core Central Region,11 to 15
CASAFINA,"1,550,000","1,603.84",966,Apr-21,BEDOK SOUTH AVENUE 1,Resale,Strata,149,"10,403",-,Condominium,1,99 yrs lease commencing from 1996,16,Outside Central Region,01 to 05
COCO PALMS,"920,000",753.48,"1,221",Apr-21,PASIR RIS GROVE,Resale,Strata,70,"13,143",-,Condominium,1,99 yrs lease commencing from 2008,18,Outside Central Region,11 to 15
CARIBBEAN AT KEPPEL BAY,"2,130,000","1,334.74","1,596",Apr-21,KEPPEL BAY DRIVE,Resale,Strata,124,"17,177",-,Condominium,1,99 yrs lease commencing from 1999,04,Rest of Central Region,01 to 05
KINGSFORD WATERBAY,"1,175,000",882.65,"1,331",Apr-21,UPPER SERANGOON VIEW,Resale,Strata,82,"14,329",-,Apartment,1,99 yrs lease commencing from 2014,19,Outside Central Region,11 to 15
THE MONTAGE,"900,000",635.08,"1,417",Apr-21,LORONG M TELOK KURAU,Resale,Strata,59,"15,254",-,Apartment,1,Freehold,15,Outside Central Region,01 to 05
PARC ROSEWOOD,"888,888","1,334.74",666,Apr-21,ROSEWOOD DRIVE,Resale,Strata,124,"7,168",-,Condominium,1,99 yrs lease commencing from 2011,25,Outside Central Region,01 to 05
THE POIZ RESIDENCES,"740,000",441.32,"1,677",Apr-21,MEYAPPA CHETTIAR ROAD,Resale,Strata,41,"18,049",-,Apartment,1,99 yrs lease commencing from 2014,13,Rest of Central Region,06 to 10
D'EVELYN,"2,080,000","1,280.92","1,624",Apr-21,EVELYN ROAD,Resale,Strata,119,"17,479",-,Apartment,1,Freehold,11,Core Central Region,01 to 05
NATURE MANSIONS,"2,080,000","2,142.04",971,Apr-21,LORONG K TELOK KURAU,Resale,Strata,199,"10,452",-,Apartment,1,Freehold,15,Outside Central Region,01 to 05
CORALIS,"930,000",495.14,"1,878",Apr-21,JOO CHIAT ROAD,Resale,Strata,46,"20,217",-,Condominium,1,Freehold,15,Rest of Central Region,06 to 10
WATERVIEW,"920,000",925.7,994,Apr-21,TAMPINES AVENUE 1,Resale,Strata,86,"10,698",-,Condominium,1,99 yrs lease commencing from 2010,18,Outside Central Region,11 to 15
D'LEEDON,"1,800,000","1,033.34","1,742",Apr-21,LEEDON HEIGHTS,Resale,Strata,96,"18,750",-,Condominium,1,99 yrs lease commencing from 2010,10,Core Central Region,16 to 20
BEDOK RESIDENCES,"1,170,000",742.72,"1,575",Apr-21,BEDOK NORTH DRIVE,Resale,Strata,69,"16,957",-,Apartment,1,99 yrs lease commencing from 2011,16,Outside Central Region,11 to 15
THOMSON GRAND,"1,270,000",904.18,"1,405",Apr-21,SIN MING WALK,Resale,Strata,84,"15,119",-,Condominium,1,99 yrs lease commencing from 2010,20,Rest of Central Region,01 to 05
CLEMENTIWOODS CONDOMINIUM,"1,302,000","1,087.16","1,198",Apr-21,WEST COAST ROAD,Resale,Strata,101,"12,891",-,Condominium,1,99 yrs lease commencing from 2006,05,Outside Central Region,01 to 05
THOMSON GRAND,"1,340,000",947.23,"1,415",Apr-21,SIN MING WALK,Resale,Strata,88,"15,227",-,Condominium,1,99 yrs lease commencing from 2010,20,Rest of Central Region,06 to 10
D'NEST,"985,000",936.47,"1,052",Apr-21,PASIR RIS GROVE,Resale,Strata,87,"11,322",-,Condominium,1,99 yrs lease commencing from 2010,18,Outside Central Region,01 to 05
THE VENUE RESIDENCES,"1,640,000","1,130.22","1,451",Apr-21,TAI THONG CRESCENT,Resale,Strata,105,"15,619",-,Apartment,1,99 yrs lease commencing from 2012,13,Rest of Central Region,11 to 15
KOVAN MELODY,"1,150,000",893.41,"1,287",Apr-21,KOVAN ROAD,Resale,Strata,83,"13,855",-,Condominium,1,99 yrs lease commencing from 2004,19,Outside Central Region,06 to 10
THE MAYFAIR,"750,000",753.48,995,Apr-21,JURONG EAST STREET 32,Resale,Strata,70,"10,714",-,Condominium,1,99 yrs lease commencing from 1996,22,Outside Central Region,16 to 20
RIO GARDENS,"1,415,000","1,194.8","1,184",Apr-21,JALAN TAMAN,Resale,Strata,111,"12,748",-,Apartment,1,Freehold,12,Rest of Central Region,01 to 05
ROBERTSON 100,"2,245,000","1,173.28","1,913",Apr-21,ROBERTSON QUAY,Resale,Strata,109,"20,596",-,Apartment,1,Freehold,09,Core Central Region,01 to 05
PARC RIVIERA,"735,000",462.85,"1,588",Apr-21,WEST COAST VALE,Resale,Strata,43,"17,093",-,Condominium,1,99 yrs lease commencing from 2015,05,Outside Central Region,31 to 35
THE SILVER FIR,"760,000",527.44,"1,441",Apr-21,BUTTERWORTH LANE,Resale,Strata,49,"15,510",-,Apartment,1,Freehold,15,Rest of Central Region,06 to 10
HERITAGE VIEW,"1,455,000","1,194.8","1,218",Apr-21,DOVER RISE,Resale,Strata,111,"13,108",-,Condominium,1,99 yrs lease commencing from 1996,05,Rest of Central Region,11 to 15
BARTLEY RIDGE,"1,410,000",968.76,"1,455",Apr-21,MOUNT VERNON ROAD,Resale,Strata,90,"15,667",-,Condominium,1,99 yrs lease commencing from 2012,13,Rest of Central Region,11 to 15
RITZ @ FARRER,"1,150,000",764.24,"1,505",Apr-21,RACE COURSE ROAD,Resale,Strata,71,"16,197",-,Apartment,1,Freehold,08,Rest of Central Region,06 to 10
THE PANORAMA,"1,720,518","1,162.51","1,480",Apr-21,ANG MO KIO AVENUE 2,Resale,Strata,108,"15,931",-,Condominium,1,99 yrs lease commencing from 2013,20,Outside Central Region,01 to 05
MOONSTONE VIEW,"1,060,000",850.36,"1,247",Apr-21,MOONSTONE LANE,Resale,Strata,79,"13,418",-,Apartment,1,Freehold,12,Rest of Central Region,06 to 10
THE TRILINQ,"1,380,000",914.94,"1,508",Apr-21,JALAN LEMPENG,Resale,Strata,85,"16,235",-,Condominium,1,99 yrs lease commencing from 2012,05,Outside Central Region,06 to 10
MAPLE WOODS,"2,400,000","1,323.97","1,813",Apr-21,BUKIT TIMAH ROAD,Resale,Strata,123,"19,512",-,Condominium,1,Freehold,21,Rest of Central Region,06 to 10
THE BROOKS II,"815,000",592.02,"1,377",Apr-21,SPRINGSIDE GREEN,Resale,Strata,55,"14,818",-,Apartment,1,Freehold,26,Outside Central Region,01 to 05
RESIDENCES @ EVELYN,"2,250,000","1,108.69","2,029",Apr-21,EVELYN ROAD,Resale,Strata,103,"21,845",-,Condominium,1,Freehold,11,Core Central Region,21 to 25
ORCHARD COURT,"2,280,000","1,442.38","1,581",Apr-21,OXLEY ROAD,Resale,Strata,134,"17,015",-,Apartment,1,993 yrs lease commencing from 1973,09,Core Central Region,01 to 05
SEA ESTA,"1,340,000","1,205.57","1,112",Apr-21,PASIR RIS LINK,Resale,Strata,112,"11,964",-,Condominium,1,99 yrs lease commencing from 2012,18,Outside Central Region,06 to 10
PARC IMPERIAL,"655,000",398.27,"1,645",Apr-21,PASIR PANJANG ROAD,Resale,Strata,37,"17,703",-,Condominium,1,Freehold,05,Rest of Central Region,01 to 05
TERRASSE,"1,722,000","1,431.61","1,203",Apr-21,TERRASSE LANE,Resale,Strata,133,"12,947",-,Condominium,1,99 yrs lease commencing from 2010,19,Outside Central Region,01 to 05
MONTEREY PARK CONDOMINIUM,"2,150,000","1,420.85","1,513",Apr-21,WEST COAST RISE,Resale,Strata,132,"16,288",-,Condominium,1,999 yrs lease commencing from 1885,05,Outside Central Region,06 to 10
EVERGREEN PARK,"810,000","1,173.28",690,Apr-21,HOUGANG AVENUE 7,Resale,Strata,109,"7,431",-,Apartment,1,99 yrs lease commencing from 1995,19,Outside Central Region,06 to 10
UBER 388,"1,320,000",990.29,"1,333",Apr-21,UPPER EAST COAST ROAD,Resale,Strata,92,"14,348",-,Condominium,1,Freehold,16,Outside Central Region,01 to 05
YISHUN SAPPHIRE,"740,000","1,001.05",739,Apr-21,CANBERRA DRIVE,Resale,Strata,93,"7,957",-,Condominium,1,99 yrs lease commencing from 1998,27,Outside Central Region,06 to 10
PARC VISTA,"890,000","1,054.87",844,Apr-21,CORPORATION ROAD,Resale,Strata,98,"9,082",-,Condominium,1,99 yrs lease commencing from 1995,22,Outside Central Region,06 to 10
ELIAS GREEN,"1,000,000","1,550.02",645,Apr-21,ELIAS GREEN,Resale,Strata,144,"6,944",-,Condominium,1,99 yrs lease commencing from 1991,18,Outside Central Region,01 to 05
SPRING GROVE,"2,300,000","1,388.56","1,656",Apr-21,GRANGE ROAD,Resale,Strata,129,"17,829",-,Condominium,1,99 yrs lease commencing from 1991,10,Core Central Region,11 to 15
QUESTA @ DUNMAN,"708,888",430.56,"1,646",Apr-21,DUNMAN ROAD,Resale,Strata,40,"17,722",-,Apartment,1,Freehold,15,Rest of Central Region,06 to 10
OASIS GARDEN,"1,600,000","1,237.86","1,293",Apr-21,JALAN BUNGA RAMPAI,Resale,Strata,115,"13,913",-,Condominium,1,Freehold,19,Rest of Central Region,06 to 10
LE QUEST,"1,398,888",979.52,"1,428",Apr-21,BUKIT BATOK STREET 41,Resale,Strata,91,"15,372",-,Apartment,1,99 yrs lease commencing from 2016,23,Outside Central Region,06 to 10
RIVER PLACE,"1,200,000",828.83,"1,448",Apr-21,HAVELOCK ROAD,Resale,Strata,77,"15,584",-,Condominium,1,99 yrs lease commencing from 1995,03,Rest of Central Region,06 to 10
WATERFRONT WAVES,"1,490,000","1,377.79","1,081",Apr-21,BEDOK RESERVOIR ROAD,Resale,Strata,128,"11,641",-,Condominium,1,99 yrs lease commencing from 2007,16,Outside Central Region,01 to 05
CLYDES RESIDENCE,"1,290,000","1,022.58","1,262",Apr-21,MERGUI ROAD,Resale,Strata,95,"13,579",-,Apartment,1,Freehold,08,Rest of Central Region,11 to 15
EIGHT RIVERSUITES,"1,080,000",699.66,"1,544",Apr-21,WHAMPOA EAST,Resale,Strata,65,"16,615",-,Condominium,1,99 yrs lease commencing from 2011,12,Rest of Central Region,21 to 25
CITYLIGHTS,"1,200,000",731.95,"1,639",Apr-21,JELLICOE ROAD,Resale,Strata,68,"17,647",-,Condominium,1,99 yrs lease commencing from 2004,08,Rest of Central Region,16 to 20
ST FRANCIS COURT,"970,000","1,270.15",764,Apr-21,ST. FRANCIS ROAD,Resale,Strata,118,"8,220",-,Apartment,1,99 yrs lease commencing from 1992,12,Rest of Central Region,06 to 10
THE RAINTREE,"1,700,000","1,582.31","1,074",Apr-21,BUKIT DRIVE,Resale,Strata,147,"11,565",-,Condominium,1,99 yrs lease commencing from 2003,21,Outside Central Region,06 to 10
ARDMORE PARK,"9,000,000","2,884.75","3,120",Apr-21,ARDMORE PARK,Resale,Strata,268,"33,582",-,Condominium,1,Freehold,10,Core Central Region,01 to 05
RESIDENTIAL APARTMENTS,"1,250,000",979.52,"1,276",Apr-21,JOO CHIAT PLACE,Resale,Strata,91,"13,736",-,Apartment,1,Freehold,15,Rest of Central Region,01 to 05
THE TRILINQ,"1,650,000","1,054.87","1,564",Apr-21,JALAN LEMPENG,Resale,Strata,98,"16,837",-,Condominium,1,99 yrs lease commencing from 2012,05,Outside Central Region,31 to 35
THE QUARTZ,"1,388,000","1,194.8","1,162",Apr-21,COMPASSVALE BOW,Resale,Strata,111,"12,505",-,Condominium,1,99 yrs lease commencing from 2005,19,Outside Central Region,16 to 20
PATERSON SUITES,"5,380,000","2,163.56","2,487",Apr-21,PATERSON ROAD,Resale,Strata,201,"26,766",-,Condominium,1,Freehold,09,Core Central Region,11 to 15
THE LINE @ TANJONG RHU,"2,247,150","1,054.87","2,130",Apr-21,TANJONG RHU ROAD,Resale,Strata,98,"22,930",-,Condominium,1,Freehold,15,Rest of Central Region,11 to 15
CASPIAN,"1,480,000","1,485.43",996,Apr-21,LAKESIDE DRIVE,Resale,Strata,138,"10,725",-,Condominium,1,99 yrs lease commencing from 2008,22,Outside Central Region,01 to 05
THE PANORAMA,"2,500,000","1,560.78","1,602",Apr-21,ANG MO KIO AVENUE 2,Resale,Strata,145,"17,241",-,Condominium,1,99 yrs lease commencing from 2013,20,Outside Central Region,16 to 20
STRATUM,"1,788,000","1,689.95","1,058",Apr-21,ELIAS ROAD,Resale,Strata,157,"11,389",-,Condominium,1,99 yrs lease commencing from 2012,18,Outside Central Region,01 to 05
THOMSON GRAND,"1,380,000",947.23,"1,457",Apr-21,SIN MING WALK,Resale,Strata,88,"15,682",-,Condominium,1,99 yrs lease commencing from 2010,20,Rest of Central Region,16 to 20
CAVENDISH PARK,"1,520,000","1,291.68","1,177",Apr-21,PINE GROVE,Resale,Strata,120,"12,667",-,Condominium,1,99 yrs lease commencing from 1991,21,Rest of Central Region,11 to 15
PARKSHORE,"2,800,000","1,722.24","1,626",Apr-21,TANJONG RHU ROAD,Resale,Strata,160,"17,500",-,Condominium,1,Freehold,15,Rest of Central Region,06 to 10
PALM ISLES,"550,000",516.67,"1,065",Apr-21,FLORA DRIVE,Resale,Strata,48,"11,458",-,Condominium,1,99 yrs lease commencing from 2011,17,Outside Central Region,01 to 05
TRILIGHT,"4,175,000","2,109.74","1,979",Apr-21,NEWTON ROAD,Resale,Strata,196,"21,301",-,Condominium,1,Freehold,11,Core Central Region,21 to 25
IVORY,"850,000",656.6,"1,295",Apr-21,CEYLON LANE,Resale,Strata,61,"13,934",-,Apartment,1,Freehold,15,Rest of Central Region,01 to 05
THE ROCHESTER RESIDENCES,"1,695,000","1,216.33","1,394",Apr-21,ROCHESTER DRIVE,Resale,Strata,113,"15,000",-,Apartment,1,99 yrs lease commencing from 2005,05,Rest of Central Region,11 to 15
WATERFRONT GOLD,"1,450,000","1,216.33","1,192",Apr-21,BEDOK RESERVOIR ROAD,Resale,Strata,113,"12,832",-,Condominium,1,99 yrs lease commencing from 2009,16,Outside Central Region,06 to 10
ESTELLA GARDENS,"651,000",656.6,991,Apr-21,FLORA ROAD,Resale,Strata,61,"10,672",-,Condominium,1,Freehold,17,Outside Central Region,06 to 10
RV RESIDENCES,"1,460,000",678.13,"2,153",Apr-21,RIVER VALLEY ROAD,Resale,Strata,63,"23,175",-,Condominium,1,999 yrs lease commencing from 1877,10,Core Central Region,01 to 05
ARCHIPELAGO,"980,000",839.59,"1,167",Apr-21,BEDOK RESERVOIR ROAD,Resale,Strata,78,"12,564",-,Condominium,1,99 yrs lease commencing from 2011,16,Outside Central Region,01 to 05
THE BLOSSOMVALE,"1,728,000","1,011.82","1,708",Apr-21,DUNEARN ROAD,Resale,Strata,94,"18,383",-,Condominium,1,999 yrs lease commencing from 1884,21,Rest of Central Region,01 to 05
COMPASS HEIGHTS,"1,250,000","1,334.74",937,Apr-21,SENGKANG SQUARE,Resale,Strata,124,"10,081",-,Apartment,1,99 yrs lease commencing from 2000,19,Outside Central Region,11 to 15
CONCOURSE SKYLINE,"2,340,000","1,140.98","2,051",Apr-21,BEACH ROAD,Resale,Strata,106,"22,075",-,Apartment,1,99 yrs lease commencing from 2008,07,Core Central Region,31 to 35
THE EBONY,"515,000",333.68,"1,543",Apr-21,LORONG MARICAN,Resale,Strata,31,"16,613",-,Apartment,1,Freehold,14,Outside Central Region,01 to 05
LA FIESTA,"650,000",452.09,"1,438",Apr-21,SENGKANG SQUARE,Resale,Strata,42,"15,476",-,Condominium,1,99 yrs lease commencing from 2012,19,Outside Central Region,06 to 10
COSTA DEL SOL,"3,050,000","2,540.3","1,201",Apr-21,BAYSHORE ROAD,Resale,Strata,236,"12,924",-,Condominium,1,99 yrs lease commencing from 1997,16,Outside Central Region,26 to 30
NATURA@HILLVIEW,"724,000",516.67,"1,401",Apr-21,HILLVIEW TERRACE,Resale,Strata,48,"15,083",-,Apartment,1,Freehold,23,Outside Central Region,06 to 10
WATERTOWN,"786,000",559.73,"1,404",Apr-21,PUNGGOL CENTRAL,Resale,Strata,52,"15,115",-,Apartment,1,99 yrs lease commencing from 2011,19,Outside Central Region,06 to 10
THE COSMOPOLITAN,"3,105,000","1,323.97","2,345",Apr-21,KIM SENG ROAD,Resale,Strata,123,"25,244",-,Condominium,1,Freehold,09,Core Central Region,11 to 15
THE MILTONIA RESIDENCES,"760,000",839.59,905,Apr-21,MILTONIA CLOSE,Resale,Strata,78,"9,744",-,Condominium,1,99 yrs lease commencing from 2010,27,Outside Central Region,01 to 05
MAYSPRINGS,"1,090,000","1,291.68",844,Apr-21,PETIR ROAD,Resale,Strata,120,"9,083",-,Apartment,1,99 yrs lease commencing from 1994,23,Outside Central Region,06 to 10
ONE OXLEY RISE,"1,365,000",785.77,"1,737",Apr-21,OXLEY RISE,Resale,Strata,73,"18,699",-,Apartment,1,Freehold,09,Core Central Region,01 to 05
STRATFORD COURT,"950,000","1,097.93",865,Apr-21,BEDOK RIA CRESCENT,Resale,Strata,102,"9,314",-,Condominium,1,99 yrs lease commencing from 1995,16,Outside Central Region,01 to 05
THE GLADES,"1,080,000",882.65,"1,224",Apr-21,BEDOK RISE,Resale,Strata,82,"13,171",-,Condominium,1,99 yrs lease commencing from 2013,16,Outside Central Region,06 to 10
WOO MON CHEW COURT,"8,600,000","6,781.32","1,268",Apr-21,WOO MON CHEW ROAD,Resale,Strata,630,"13,651",-,Apartment,6,Freehold,15,Outside Central Region,01 to 05
PARC ROSEWOOD,"528,000",430.56,"1,226",Apr-21,ROSEWOOD DRIVE,Resale,Strata,40,"13,200",-,Condominium,1,99 yrs lease commencing from 2011,25,Outside Central Region,01 to 05
STRATUM,"1,360,000","1,399.32",972,Apr-21,ELIAS ROAD,Resale,Strata,130,"10,462",-,Condominium,1,99 yrs lease commencing from 2012,18,Outside Central Region,01 to 05
IDYLLIC EAST,"1,320,000",979.52,"1,348",Apr-21,UPPER EAST COAST ROAD,Resale,Strata,91,"14,505",-,Apartment,1,Freehold,16,Outside Central Region,01 to 05
NOMU,"1,360,000",602.78,"2,256",Apr-21,HANDY ROAD,Resale,Strata,56,"24,286",-,Apartment,1,Freehold,09,Core Central Region,06 to 10
RESIDENTIAL APARTMENTS,"4,300,000","4,746.92",906,Apr-21,LORONG 32 GEYLANG,Resale,Strata,441,"9,751",-,Apartment,3,Freehold,14,Rest of Central Region,01 to 05
CHANGI RISE CONDOMINIUM,"2,181,000","3,444.48",633,Apr-21,SIMEI RISE,Resale,Strata,320,"6,816",-,Condominium,1,99 yrs lease commencing from 2000,18,Outside Central Region,06 to 10
PRESTIGE RESIDENCE,"1,100,000",990.29,"1,111",Apr-21,LORONG G TELOK KURAU,Resale,Strata,92,"11,957",-,Apartment,1,Freehold,15,Outside Central Region,01 to 05
AQUARIUS BY THE PARK,"851,118",893.41,953,Apr-21,BEDOK RESERVOIR VIEW,Resale,Strata,83,"10,254",-,Condominium,1,99 yrs lease commencing from 1996,16,Outside Central Region,11 to 15
KOVAN RESIDENCES,"1,940,000","1,442.38","1,345",Apr-21,KOVAN ROAD,Resale,Strata,134,"14,478",-,Condominium,1,99 yrs lease commencing from 2007,19,Outside Central Region,11 to 15
MANDARIN GARDENS,"1,910,000","1,786.82","1,069",Apr-21,SIGLAP ROAD,Resale,Strata,166,"11,506",-,Condominium,1,99 yrs lease commencing from 1982,15,Outside Central Region,06 to 10
ICON,"1,000,000",570.49,"1,753",Apr-21,GOPENG STREET,Resale,Strata,53,"18,868",-,Apartment,1,99 yrs lease commencing from 2002,02,Core Central Region,11 to 15
THE PALETTE,"1,230,000","1,162.51","1,058",Apr-21,PASIR RIS GROVE,Resale,Strata,108,"11,389",-,Condominium,1,99 yrs lease commencing from 2010,18,Outside Central Region,06 to 10
CARIBBEAN AT KEPPEL BAY,"3,968,000","4,650.05",853,Apr-21,KEPPEL BAY DRIVE,Resale,Strata,432,"9,185",-,Condominium,1,99 yrs lease commencing from 1999,04,Rest of Central Region,06 to 10
LAGUNA GREEN,"1,528,000","1,216.33","1,256",Apr-21,JALAN HAJIJAH,Resale,Strata,113,"13,522",-,Condominium,1,99 yrs lease commencing from 1995,16,Outside Central Region,01 to 05
RIVERTREES RESIDENCES,"1,680,000","1,356.26","1,239",Apr-21,FERNVALE CLOSE,Resale,Strata,126,"13,333",-,Apartment,1,99 yrs lease commencing from 2013,28,Outside Central Region,16 to 20
COMMONWEALTH TOWERS,"1,380,000",753.48,"1,832",Apr-21,COMMONWEALTH AVENUE,Resale,Strata,70,"19,714",-,Condominium,1,99 yrs lease commencing from 2013,03,Rest of Central Region,11 to 15
BELLE VUE RESIDENCES,"4,500,000","2,271.2","1,981",Apr-21,OXLEY WALK,Resale,Strata,211,"21,327",-,Condominium,1,Freehold,09,Core Central Region,01 to 05
REFLECTIONS AT KEPPEL BAY,"1,405,000",861.12,"1,632",Apr-21,KEPPEL BAY VIEW,Resale,Strata,80,"17,563",-,Condominium,1,99 yrs lease commencing from 2006,04,Rest of Central Region,06 to 10
HIGH PARK RESIDENCES,"848,000",667.37,"1,271",Apr-21,FERNVALE ROAD,Resale,Strata,62,"13,677",-,Apartment,1,99 yrs lease commencing from 2014,28,Outside Central Region,21 to 25
ORANGE GROVE RESIDENCES,"4,600,000","2,389.61","1,925",Apr-21,ORANGE GROVE ROAD,Resale,Strata,222,"20,721",-,Condominium,1,Freehold,10,Core Central Region,01 to 05
ST THOMAS SUITES,"5,050,000","2,604.89","1,939",Apr-21,ST. THOMAS WALK,Resale,Strata,242,"20,868",-,Condominium,1,Freehold,09,Core Central Region,06 to 10
THE SEA VIEW,"2,860,000","1,410.08","2,028",Apr-21,AMBER ROAD,Resale,Strata,131,"21,832",-,Condominium,1,Freehold,15,Rest of Central Region,11 to 15
PARC OASIS,"1,500,000","1,506.96",995,Apr-21,JURONG EAST AVENUE 1,Resale,Strata,140,"10,714",-,Condominium,1,99 yrs lease commencing from 1991,22,Outside Central Region,16 to 20
BARTLEY RIDGE,"735,000",462.85,"1,588",Apr-21,MOUNT VERNON ROAD,Resale,Strata,43,"17,093",-,Condominium,1,99 yrs lease commencing from 2012,13,Rest of Central Region,06 to 10
LA BRISA,"648,000",516.67,"1,254",Apr-21,LORONG 28 GEYLANG,Resale,Strata,48,"13,500",-,Apartment,1,Freehold,14,Rest of Central Region,01 to 05
BAYSHORE PARK,"960,000",936.47,"1,025",Apr-21,BAYSHORE ROAD,Resale,Strata,87,"11,034",-,Condominium,1,99 yrs lease commencing from 1982,16,Outside Central Region,16 to 20
THE WARREN,"1,050,000","1,237.86",848,Apr-21,CHOA CHU KANG LOOP,Resale,Strata,115,"9,130",-,Condominium,1,99 yrs lease commencing from 2001,23,Outside Central Region,06 to 10
ROSEWOOD SUITES,"1,500,000","2,303.5",651,Apr-21,ROSEWOOD DRIVE,Resale,Strata,214,"7,009",-,Condominium,1,99 yrs lease commencing from 2008,25,Outside Central Region,01 to 05
TRE RESIDENCES,"1,410,000",947.23,"1,489",Apr-21,GEYLANG EAST AVENUE 1,Resale,Strata,88,"16,023",-,Condominium,1,99 yrs lease commencing from 2014,14,Rest of Central Region,06 to 10
PARK 1 SUITES,"1,468,000","1,097.93","1,337",Apr-21,LORONG 40 GEYLANG,Resale,Strata,102,"14,392",-,Apartment,1,Freehold,14,Rest of Central Region,06 to 10
REGENCY PARK,"6,100,000","3,175.38","1,921",Apr-21,NATHAN ROAD,Resale,Strata,295,"20,678",-,Condominium,1,Freehold,10,Core Central Region,11 to 15
THE NAUTICAL,"1,100,000","1,259.39",873,Apr-21,JALAN SENDUDOK,Resale,Strata,117,"9,402",-,Condominium,1,99 yrs lease commencing from 2011,27,Outside Central Region,01 to 05
FLORIDIAN,"1,780,000",936.47,"1,901",Apr-21,BUKIT TIMAH ROAD,Resale,Strata,87,"20,460",-,Condominium,1,Freehold,21,Rest of Central Region,06 to 10
FLORIDIAN,"2,750,000","1,345.5","2,044",Apr-21,BUKIT TIMAH ROAD,Resale,Strata,125,"22,000",-,Condominium,1,Freehold,21,Rest of Central Region,06 to 10
THE TRUMPS,"970,000","1,280.92",757,Apr-21,JALAN KEMBANGAN,Resale,Strata,119,"8,151",-,Condominium,1,99 yrs lease commencing from 2000,14,Outside Central Region,01 to 05
Q BAY RESIDENCES,"596,600",527.44,"1,131",Apr-21,TAMPINES STREET 86,Resale,Strata,49,"12,176",-,Condominium,1,99 yrs lease commencing from 2012,18,Outside Central Region,01 to 05
ASPEN LINQ,"765,000",409.03,"1,870",Apr-21,INSTITUTION HILL,Resale,Strata,38,"20,132",-,Apartment,1,999 yrs lease commencing from 1841,09,Core Central Region,01 to 05
SANCTUARY GREEN,"1,670,000","1,399.32","1,193",Apr-21,TANJONG RHU ROAD,Resale,Strata,130,"12,846",-,Condominium,1,99 yrs lease commencing from 1997,15,Rest of Central Region,06 to 10
TREASURES @ G20,"518,000",452.09,"1,146",Apr-21,LORONG 20 GEYLANG,Resale,Strata,42,"12,333",-,Apartment,1,Freehold,14,Rest of Central Region,01 to 05
THE GLYNDEBOURNE,"3,500,000","2,475.72","1,414",Apr-21,TREVOSE CRESCENT,Resale,Strata,230,"15,217",-,Condominium,1,Freehold,11,Core Central Region,01 to 05
CHANGI COURT,"1,200,000","1,162.51","1,032",Apr-21,UPPER CHANGI ROAD EAST,Resale,Strata,108,"11,111",-,Condominium,1,Freehold,16,Outside Central Region,01 to 05
SEVEN HOLT ROAD,"3,088,000","1,872.94","1,649",Apr-21,HOLT ROAD,Resale,Strata,174,"17,747",-,Apartment,1,Freehold,10,Core Central Region,01 to 05
SOUTHBANK,"1,568,000",958,"1,637",Apr-21,NORTH BRIDGE ROAD,Resale,Strata,89,"17,618",-,Apartment,1,99 yrs lease commencing from 2006,07,Rest of Central Region,31 to 35
EURO-ASIA LODGE,"1,420,000","1,323.97","1,073",Apr-21,JOO CHIAT TERRACE,Resale,Strata,123,"11,545",-,Apartment,1,Freehold,15,Rest of Central Region,01 to 05
LUTHERAN TOWERS,"1,820,000","1,915.99",950,Apr-21,TAN KIM CHENG ROAD,Resale,Strata,178,"10,225",-,Apartment,1,103 yrs lease commencing from 1974,10,Core Central Region,06 to 10
REGENT GROVE,"818,000","1,162.51",704,Apr-21,CHOA CHU KANG NORTH 7,Resale,Strata,108,"7,574",-,Condominium,1,99 yrs lease commencing from 1997,23,Outside Central Region,16 to 20
CASA MERAH,"1,390,000","1,216.33","1,143",Apr-21,TANAH MERAH KECHIL AVENUE,Resale,Strata,113,"12,301",-,Apartment,1,99 yrs lease commencing from 2006,16,Outside Central Region,01 to 05
SUNNY PALMS,"1,148,000","1,044.11","1,100",Apr-21,LORONG G TELOK KURAU,Resale,Strata,97,"11,835",-,Condominium,1,Freehold,15,Outside Central Region,01 to 05
LAKEHOLMZ,"1,110,000","1,593.07",697,Apr-21,CORPORATION ROAD,Resale,Strata,148,"7,500",-,Condominium,1,99 yrs lease commencing from 2001,22,Outside Central Region,01 to 05
THE GLADES,"689,000",473.62,"1,455",Apr-21,BEDOK RISE,Resale,Strata,44,"15,659",-,Condominium,1,99 yrs lease commencing from 2013,16,Outside Central Region,11 to 15
THE MORNINGTON,"1,380,000","1,216.33","1,135",Apr-21,ST. MICHAEL'S ROAD,Resale,Strata,113,"12,212",-,Apartment,1,Freehold,12,Rest of Central Region,06 to 10
RIVERBANK @ FERNVALE,"1,150,000","1,054.87","1,090",Apr-21,FERNVALE CLOSE,Resale,Strata,98,"11,735",-,Condominium,1,99 yrs lease commencing from 2013,28,Outside Central Region,01 to 05
WATERFRONT ISLE,"1,830,000","1,388.56","1,318",Apr-21,BEDOK RESERVOIR ROAD,Resale,Strata,129,"14,186",-,Condominium,1,99 yrs lease commencing from 2009,16,Outside Central Region,06 to 10
OLEANDER TOWERS,"958,000",861.12,"1,113",Apr-21,LORONG 1 TOA PAYOH,Resale,Strata,80,"11,975",-,Apartment,1,99 yrs lease commencing from 1995,12,Rest of Central Region,21 to 25
MELVILLE PARK,"920,000","1,474.67",624,Apr-21,SIMEI STREET 1,Resale,Strata,137,"6,715",-,Condominium,1,99 yrs lease commencing from 1992,18,Outside Central Region,01 to 05
THE SEA VIEW,"2,970,000","1,646.89","1,803",Apr-21,AMBER ROAD,Resale,Strata,153,"19,412",-,Condominium,1,Freehold,15,Rest of Central Region,06 to 10
COSTA RHU,"2,220,000","1,646.89","1,348",Apr-21,RHU CROSS,Resale,Strata,153,"14,510",-,Condominium,1,99 yrs lease commencing from 1994,15,Rest of Central Region,06 to 10
THE SUNNIFLORA,"970,000",828.83,"1,170",Apr-21,LORONG G TELOK KURAU,Resale,Strata,77,"12,597",-,Apartment,1,Freehold,15,Outside Central Region,01 to 05
SHELFORD REGENCY,"1,790,000","1,151.75","1,554",Apr-21,SHELFORD ROAD,Resale,Strata,107,"16,729",-,Condominium,1,Freehold,11,Core Central Region,01 to 05
THE GLADES,"710,000",473.62,"1,499",Apr-21,BEDOK RISE,Resale,Strata,44,"16,136",-,Condominium,1,99 yrs lease commencing from 2013,16,Outside Central Region,01 to 05
NESS,"615,000",452.09,"1,360",Apr-21,LORONG 32 GEYLANG,Resale,Strata,42,"14,643",-,Apartment,1,Freehold,14,Rest of Central Region,06 to 10
COUNTRY PARK CONDOMINIUM,"1,760,000","1,313.21","1,340",Apr-21,BEDOK ROAD,Resale,Strata,122,"14,426",-,Condominium,1,Freehold,16,Outside Central Region,01 to 05
THE BERTH BY THE COVE,"2,575,000","1,883.7","1,367",Apr-21,OCEAN DRIVE,Resale,Strata,175,"14,714",-,Condominium,1,99 yrs lease commencing from 2004,04,Core Central Region,01 to 05
THE BROOKS II,"785,000",570.49,"1,376",Apr-21,SPRINGSIDE GREEN,Resale,Strata,53,"14,811",-,Apartment,1,Freehold,26,Outside Central Region,01 to 05
THE ROCHESTER RESIDENCES,"1,820,000","1,302.44","1,397",Apr-21,ROCHESTER DRIVE,Resale,Strata,121,"15,041",-,Apartment,1,99 yrs lease commencing from 2005,05,Rest of Central Region,26 to 30
HIGH PARK RESIDENCES,"818,000",667.37,"1,226",Apr-21,FERNVALE ROAD,Resale,Strata,62,"13,194",-,Apartment,1,99 yrs lease commencing from 2014,28,Outside Central Region,06 to 10
RIO VISTA,"1,100,000","1,248.62",881,Apr-21,UPPER SERANGOON VIEW,Resale,Strata,116,"9,483",-,Condominium,1,99 yrs lease commencing from 2001,19,Outside Central Region,11 to 15
CLEMENTIWOODS CONDOMINIUM,"1,930,000","1,679.18","1,149",Apr-21,WEST COAST ROAD,Resale,Strata,156,"12,372",-,Condominium,1,99 yrs lease commencing from 2006,05,Outside Central Region,01 to 05
SERENITY PARK,"1,690,000","1,593.07","1,061",Apr-21,TAMARIND ROAD,Resale,Strata,148,"11,419",-,Condominium,1,Freehold,28,Outside Central Region,01 to 05
ESCADA VIEW,"768,000",775.01,991,Apr-21,LENGKONG EMPAT,Resale,Strata,72,"10,667",-,Condominium,1,Freehold,14,Outside Central Region,01 to 05
QUEENS,"1,630,000","1,184.04","1,377",Apr-21,STIRLING ROAD,Resale,Strata,110,"14,818",-,Condominium,1,99 yrs lease commencing from 1998,03,Rest of Central Region,31 to 35
THE LAKESHORE,"1,220,000","1,108.69","1,100",Apr-21,JURONG WEST STREET 41,Resale,Strata,103,"11,845",-,Condominium,1,99 yrs lease commencing from 2002,22,Outside Central Region,16 to 20
EIGHT RIVERSUITES,"1,050,000",699.66,"1,501",Apr-21,WHAMPOA EAST,Resale,Strata,65,"16,154",-,Condominium,1,99 yrs lease commencing from 2011,12,Rest of Central Region,01 to 05
SPOTTISWOODE 18,"835,000",387.5,"2,155",Apr-21,SPOTTISWOODE PARK ROAD,Resale,Strata,36,"23,194",-,Apartment,1,Freehold,02,Rest of Central Region,06 to 10
COMPASS HEIGHTS,"1,150,000","1,248.62",921,Apr-21,SENGKANG SQUARE,Resale,Strata,116,"9,914",-,Apartment,1,99 yrs lease commencing from 2000,19,Outside Central Region,06 to 10
THE INTERLACE,"1,220,000",807.3,"1,511",Apr-21,DEPOT ROAD,Resale,Strata,75,"16,267",-,Condominium,1,99 yrs lease commencing from 2009,04,Rest of Central Region,06 to 10
LAKEHOLMZ,"940,000","1,033.34",910,Apr-21,CORPORATION ROAD,Resale,Strata,96,"9,792",-,Condominium,1,99 yrs lease commencing from 2001,22,Outside Central Region,06 to 10
GUILIN VIEW,"748,000",861.12,869,Apr-21,BUKIT BATOK STREET 52,Resale,Strata,80,"9,350",-,Condominium,1,99 yrs lease commencing from 1996,23,Outside Central Region,06 to 10
THE FORD @ HOLLAND,"1,135,000",559.73,"2,028",Apr-21,FORD AVENUE,Resale,Strata,52,"21,827",-,Condominium,1,Freehold,10,Core Central Region,01 to 05
PALM ISLES,"930,000",990.29,939,Apr-21,FLORA DRIVE,Resale,Strata,92,"10,109",-,Condominium,1,99 yrs lease commencing from 2011,17,Outside Central Region,06 to 10
VILLA AZURA,"2,148,000","1,248.62","1,720",Apr-21,CHERRY AVENUE,Resale,Strata,116,"18,517",-,Condominium,1,Freehold,10,Core Central Region,01 to 05
THE PANORAMA,"1,775,000","1,334.74","1,330",Apr-21,ANG MO KIO AVENUE 2,Resale,Strata,124,"14,315",-,Condominium,1,99 yrs lease commencing from 2013,20,Outside Central Region,01 to 05
THE SKYWOODS,"1,425,000","1,173.28","1,215",Apr-21,DAIRY FARM HEIGHTS,Resale,Strata,109,"13,073",-,Condominium,1,99 yrs lease commencing from 2012,23,Outside Central Region,01 to 05
REGENCY PARK,"7,400,000","3,649","2,028",Apr-21,NATHAN ROAD,Resale,Strata,339,"21,829",-,Condominium,1,Freehold,10,Core Central Region,21 to 25
GRAND DUCHESS AT ST PATRICK'S,"2,350,000","1,356.26","1,733",Apr-21,ST. PATRICK'S ROAD,Resale,Strata,126,"18,651",-,Condominium,1,Freehold,15,Outside Central Region,01 to 05
THE TRIZON,"3,450,000","2,174.33","1,587",Apr-21,RIDGEWOOD CLOSE,Resale,Strata,202,"17,079",-,Condominium,1,Freehold,10,Core Central Region,06 to 10
BOTANIQUE AT BARTLEY,"785,000",495.14,"1,585",Apr-21,UPPER PAYA LEBAR ROAD,Resale,Strata,46,"17,065",-,Condominium,1,99 yrs lease commencing from 2014,19,Outside Central Region,01 to 05
TEMBELING GROVE,"1,640,000","1,302.44","1,259",Apr-21,TEMBELING ROAD,Resale,Strata,121,"13,554",-,Apartment,1,Freehold,15,Rest of Central Region,01 to 05
GARDEN APARTMENTS,"4,600,000","2,475.72","1,858",Apr-21,ORANGE GROVE ROAD,Resale,Strata,230,"20,000",-,Apartment,1,Freehold,10,Core Central Region,01 to 05
COCO PALMS,"1,080,000",904.18,"1,194",Apr-21,PASIR RIS GROVE,Resale,Strata,84,"12,857",-,Condominium,1,99 yrs lease commencing from 2008,18,Outside Central Region,01 to 05
WALLICH RESIDENCE,"6,060,000","1,657.66","3,656",Apr-21,WALLICH STREET,Resale,Strata,154,"39,351",-,Apartment,1,99 yrs lease commencing from 2011,02,Core Central Region,56 to 60
THE LAKESHORE,"1,150,000","1,108.69","1,037",Apr-21,JURONG WEST STREET 41,Resale,Strata,103,"11,165",-,Condominium,1,99 yrs lease commencing from 2002,22,Outside Central Region,01 to 05
THE LAKESHORE,"980,000",925.7,"1,059",Apr-21,JURONG WEST STREET 41,Resale,Strata,86,"11,395",-,Condominium,1,99 yrs lease commencing from 2002,22,Outside Central Region,11 to 15
KERRISDALE,"1,690,000","1,485.43","1,138",Apr-21,STURDEE ROAD,Resale,Strata,138,"12,246",-,Condominium,1,99 yrs lease commencing from 1998,08,Rest of Central Region,01 to 05
CENTRA HEIGHTS,"670,000",430.56,"1,556",Apr-21,SIMS AVENUE,Resale,Strata,40,"16,750",-,Apartment,1,Freehold,14,Rest of Central Region,06 to 10
BAYSHORE PARK,"1,000,000",936.47,"1,068",Apr-21,BAYSHORE ROAD,Resale,Strata,87,"11,494",-,Condominium,1,99 yrs lease commencing from 1982,16,Outside Central Region,11 to 15
EUPHONY GARDENS,"890,000","1,216.33",732,Apr-21,JALAN MATA AYER,Resale,Strata,113,"7,876",-,Condominium,1,99 yrs lease commencing from 1998,27,Outside Central Region,01 to 05
THE WATERSIDE,"3,160,000","2,142.04","1,475",Apr-21,TANJONG RHU ROAD,Resale,Strata,199,"15,879",-,Condominium,1,Freehold,15,Rest of Central Region,01 to 05
PARK EAST,"2,800,000","2,023.63","1,384",Apr-21,JALAN TUA KONG,Resale,Strata,188,"14,894",-,Condominium,1,Freehold,15,Outside Central Region,06 to 10
THE PEARL @ MOUNT FABER,"1,930,000","1,603.84","1,203",Apr-21,MOUNT FABER ROAD,Resale,Strata,149,"12,953",-,Condominium,1,99 yrs lease commencing from 2002,04,Rest of Central Region,01 to 05
ST MICHAEL'S PLACE,"1,358,000","1,259.39","1,078",Apr-21,JALAN TAMAN,Resale,Strata,117,"11,607",-,Apartment,1,Freehold,12,Rest of Central Region,01 to 05
SUITES @ NEWTON,"1,060,000",602.78,"1,759",Apr-21,SURREY ROAD,Resale,Strata,56,"18,929",-,Apartment,1,Freehold,11,Core Central Region,16 to 20
AMARANDA GARDENS,"1,720,000","1,162.51","1,480",Apr-21,SERANGOON AVENUE 3,Resale,Strata,108,"15,926",-,Condominium,1,Freehold,19,Outside Central Region,01 to 05
RIVERBANK @ FERNVALE,"605,000",495.14,"1,222",Apr-21,FERNVALE CLOSE,Resale,Strata,46,"13,152",-,Condominium,1,99 yrs lease commencing from 2013,28,Outside Central Region,16 to 20
CITY SQUARE RESIDENCES,"900,000",570.49,"1,578",Apr-21,KITCHENER LINK,Resale,Strata,53,"16,981",-,Condominium,1,Freehold,08,Rest of Central Region,01 to 05
SUITES @ EASTCOAST,"568,000",376.74,"1,508",Apr-21,UPPER EAST COAST ROAD,Resale,Strata,35,"16,229",-,Condominium,1,Freehold,15,Outside Central Region,01 to 05
LEEDON 2,"1,880,000","1,108.69","1,696",Apr-21,LEEDON ROAD,Resale,Strata,103,"18,252",-,Condominium,1,Freehold,10,Core Central Region,06 to 10
SIMS URBAN OASIS,"983,000",624.31,"1,575",Apr-21,SIMS DRIVE,Resale,Strata,58,"16,948",-,Condominium,1,99 yrs lease commencing from 2014,14,Rest of Central Region,16 to 20
ENVIO,"1,325,000","1,033.34","1,282",Apr-21,JOO CHIAT PLACE,Resale,Strata,96,"13,802",-,Apartment,1,Freehold,15,Outside Central Region,01 to 05
TROPICAL SPRING,"1,428,000","1,528.49",934,Apr-21,SIMEI STREET 4,Resale,Strata,142,"10,056",-,Condominium,1,99 yrs lease commencing from 1997,18,Outside Central Region,06 to 10
LA FIESTA,"1,048,000",828.83,"1,264",Apr-21,SENGKANG SQUARE,Resale,Strata,77,"13,610",-,Condominium,1,99 yrs lease commencing from 2012,19,Outside Central Region,11 to 15
CRYSTAL HEIGHTS,"1,220,000","1,044.11","1,168",Apr-21,PASIR PANJANG HILL,Resale,Strata,97,"12,577",-,Apartment,1,Freehold,05,Rest of Central Region,01 to 05
WATERBANK AT DAKOTA,"1,120,000",624.31,"1,794",Apr-21,DAKOTA CRESCENT,Resale,Strata,58,"19,310",-,Condominium,1,99 yrs lease commencing from 2009,14,Rest of Central Region,16 to 20
ARDMORE PARK,"9,300,000","2,884.75","3,224",Apr-21,ARDMORE PARK,Resale,Strata,268,"34,701",-,Condominium,1,Freehold,10,Core Central Region,06 to 10
LOFT @ STEVENS,"900,000",581.26,"1,548",Apr-21,STEVENS ROAD,Resale,Strata,54,"16,667",-,Apartment,1,Freehold,10,Core Central Region,01 to 05
HUNDRED TREES,"1,620,000","1,162.51","1,394",Apr-21,WEST COAST DRIVE,Resale,Strata,108,"15,000",-,Condominium,1,956 yrs lease commencing from 1928,05,Outside Central Region,11 to 15
SUNNYVALE RESIDENCES,"1,650,000","1,130.22","1,460",Apr-21,LORONG K TELOK KURAU,Resale,Strata,105,"15,714",-,Apartment,1,Freehold,15,Outside Central Region,01 to 05
THE COSMOPOLITAN,"4,028,000","1,679.18","2,399",Apr-21,KIM SENG ROAD,Resale,Strata,156,"25,821",-,Condominium,1,Freehold,09,Core Central Region,11 to 15
UE SQUARE,"1,930,000","1,054.87","1,830",Apr-21,RIVER VALLEY ROAD,Resale,Strata,98,"19,694",-,Apartment,1,929 yrs lease commencing from 1953,09,Core Central Region,11 to 15
LEONIE PARC VIEW,"4,500,000","2,012.87","2,236",Apr-21,LEONIE HILL ROAD,Resale,Strata,187,"24,064",-,Apartment,1,Freehold,09,Core Central Region,21 to 25
THE ATRIA AT MEYER,"2,730,000","1,614.6","1,691",Apr-21,MEYER ROAD,Resale,Strata,150,"18,200",-,Condominium,1,Freehold,15,Rest of Central Region,06 to 10
SKY HABITAT,"1,855,000","1,216.33","1,525",Apr-21,BISHAN STREET 15,Resale,Strata,113,"16,416",-,Condominium,1,99 yrs lease commencing from 2011,20,Rest of Central Region,11 to 15
ONE AMBER,"2,270,000","1,302.44","1,743",Apr-21,AMBER GARDENS,Resale,Strata,121,"18,760",-,Condominium,1,Freehold,15,Rest of Central Region,06 to 10
LEEDON RESIDENCE,"13,800,000","7,007.36","1,969",Apr-21,LEEDON HEIGHTS,Resale,Strata,651,"21,198",-,Condominium,1,Freehold,10,Core Central Region,11 to 15
OASIS @ ELIAS,"1,055,000","1,216.33",867,Apr-21,ELIAS ROAD,Resale,Strata,113,"9,336",-,Condominium,1,99 yrs lease commencing from 2008,18,Outside Central Region,11 to 15
RIVERSAILS,"2,418,000","2,680.24",902,Apr-21,UPPER SERANGOON CRESCENT,Resale,Strata,249,"9,711",-,Condominium,1,99 yrs lease commencing from 2011,19,Outside Central Region,16 to 20
CARDIFF RESIDENCE,"1,087,000","1,076.4","1,010",Apr-21,CARDIFF GROVE,Resale,Strata,100,"10,870",-,Condominium,1,99 yrs lease commencing from 2011,19,Outside Central Region,01 to 05
RESIDENTIAL APARTMENTS,"1,500,000","1,076.4","1,394",Apr-21,STANGEE PLACE,Resale,Strata,100,"15,000",-,Apartment,1,Freehold,15,Rest of Central Region,01 to 05
HIGH PARK RESIDENCES,"960,000",893.41,"1,075",Apr-21,FERNVALE ROAD,Resale,Strata,83,"11,566",-,Apartment,1,99 yrs lease commencing from 2014,28,Outside Central Region,01 to 05
SKIES MILTONIA,"1,218,000","1,184.04","1,029",Apr-21,MILTONIA CLOSE,Resale,Strata,110,"11,073",-,Condominium,1,99 yrs lease commencing from 2012,27,Outside Central Region,11 to 15
26 NEWTON,"1,820,000",775.01,"2,348",Apr-21,NEWTON ROAD,Resale,Strata,72,"25,278",-,Apartment,1,Freehold,11,Core Central Region,16 to 20
BOATHOUSE RESIDENCES,"1,032,000","1,011.82","1,020",Apr-21,UPPER SERANGOON VIEW,Resale,Strata,94,"10,979",-,Condominium,1,99 yrs lease commencing from 2011,19,Outside Central Region,06 to 10
SKY VUE,"1,400,000",796.54,"1,758",Apr-21,BISHAN STREET 15,Resale,Strata,74,"18,919",-,Condominium,1,99 yrs lease commencing from 2013,20,Rest of Central Region,21 to 25
MEADOWLODGE,"1,600,000","1,453.14","1,101",Apr-21,CHUN TIN ROAD,Resale,Strata,135,"11,852",-,Condominium,1,99 yrs lease commencing from 1997,21,Rest of Central Region,01 to 05
TREASURES @ G20,"670,000",947.23,707,Apr-21,LORONG 20 GEYLANG,Resale,Strata,88,"7,614",-,Apartment,1,Freehold,14,Rest of Central Region,06 to 10
FOREST HILLS CONDOMINIUM,"968,000","1,227.1",789,Apr-21,TRANSIT ROAD,Resale,Strata,114,"8,491",-,Condominium,1,99 yrs lease commencing from 2000,26,Outside Central Region,01 to 05
ATTITUDE AT KIM YAM,"730,000",333.68,"2,188",Apr-21,KIM YAM ROAD,Resale,Strata,31,"23,548",-,Apartment,1,999 yrs lease commencing from 1841,09,Core Central Region,01 to 05
NORTHWOOD,"1,250,000","1,313.21",952,Apr-21,JALAN MATA AYER,Resale,Strata,122,"10,246",-,Condominium,1,Freehold,27,Outside Central Region,01 to 05
L'VIV,"1,950,000","1,001.05","1,948",Apr-21,NEWTON ROAD,Resale,Strata,93,"20,968",-,Apartment,1,Freehold,11,Core Central Region,16 to 20
PARC RIVIERA,"1,570,000","1,184.04","1,326",Apr-21,WEST COAST VALE,Resale,Strata,110,"14,273",-,Condominium,1,99 yrs lease commencing from 2015,05,Outside Central Region,11 to 15
SUNNY LODGE,"797,000",581.26,"1,371",Apr-21,LORONG SALLEH,Resale,Strata,54,"14,759",-,Apartment,1,Freehold,14,Outside Central Region,01 to 05
LAKEVILLE,"1,980,000","1,302.44","1,520",Apr-21,JURONG LAKE LINK,Resale,Strata,121,"16,364",-,Condominium,1,99 yrs lease commencing from 2013,22,Outside Central Region,06 to 10
URBAN VISTA,"758,000",548.96,"1,381",Apr-21,TANAH MERAH KECHIL LINK,Resale,Strata,51,"14,863",-,Condominium,1,99 yrs lease commencing from 2012,16,Outside Central Region,01 to 05
REFLECTIONS AT KEPPEL BAY,"1,600,000","1,076.4","1,486",Apr-21,KEPPEL BAY VIEW,Resale,Strata,100,"16,000",-,Condominium,1,99 yrs lease commencing from 2006,04,Rest of Central Region,01 to 05
TANGERINE GROVE,"2,230,000","2,120.51","1,052",Apr-21,PAYA LEBAR CRESCENT,Resale,Strata,197,"11,320",-,Condominium,1,Freehold,19,Outside Central Region,01 to 05
COCO PALMS,"1,160,000",904.18,"1,283",Apr-21,PASIR RIS GROVE,Resale,Strata,84,"13,810",-,Condominium,1,99 yrs lease commencing from 2008,18,Outside Central Region,11 to 15
BOTANNIA,"1,580,000","1,248.62","1,265",Apr-21,WEST COAST PARK,Resale,Strata,116,"13,621",-,Condominium,1,956 yrs lease commencing from 1928,05,Outside Central Region,01 to 05
SUNNY PALMS,"2,270,000","3,239.96",701,Apr-21,LORONG G TELOK KURAU,Resale,Strata,301,"7,542",-,Condominium,1,Freehold,15,Outside Central Region,01 to 05
HILLVIEW REGENCY,"1,063,000","1,130.22",941,Apr-21,BUKIT BATOK EAST AVENUE 2,Resale,Strata,105,"10,124",-,Condominium,1,99 yrs lease commencing from 2000,23,Outside Central Region,21 to 25
THE BEACON,"1,580,000","1,108.69","1,425",Apr-21,CANTONMENT ROAD,Resale,Strata,103,"15,340",-,Apartment,1,99 yrs lease commencing from 2004,02,Rest of Central Region,16 to 20
MONTROSA,"1,180,000","1,184.04",997,Apr-21,HILLVIEW AVENUE,Resale,Strata,110,"10,727",-,Condominium,1,999 yrs lease commencing from 1885,23,Outside Central Region,01 to 05
REFLECTIONS AT KEPPEL BAY,"1,615,000","1,065.64","1,516",Apr-21,KEPPEL BAY VIEW,Resale,Strata,99,"16,313",-,Condominium,1,99 yrs lease commencing from 2006,04,Rest of Central Region,01 to 05
KATONG REGENCY,"1,757,000",936.47,"1,876",Apr-21,TANJONG KATONG ROAD,Resale,Strata,87,"20,195",-,Apartment,1,Freehold,15,Rest of Central Region,11 to 15
KEMBANGAN SUITES,"630,000",419.8,"1,501",Apr-21,JALAN MASJID,Resale,Strata,39,"16,154",-,Apartment,1,Freehold,14,Outside Central Region,01 to 05
18 SHELFORD,"3,800,000","2,088.22","1,820",Apr-21,SHELFORD ROAD,Resale,Strata,194,"19,588",-,Apartment,1,Freehold,11,Core Central Region,01 to 05
AALTO,"3,310,000","1,528.49","2,166",Apr-21,MEYER ROAD,Resale,Strata,142,"23,310",-,Condominium,1,Freehold,15,Rest of Central Region,21 to 25
M21,"2,200,000","1,345.5","1,635",Apr-21,MANDALAY ROAD,Resale,Strata,125,"17,600",-,Apartment,1,Freehold,11,Core Central Region,06 to 10
REGENT PARK,"880,000",807.3,"1,090",Apr-21,JALAN LEMPENG,Resale,Strata,75,"11,733",-,Condominium,1,99 yrs lease commencing from 1993,05,Outside Central Region,06 to 10
RESIDENTIAL APARTMENTS,"1,338,000","1,011.82","1,322",Apr-21,HOOT KIAM ROAD,Resale,Strata,94,"14,234",-,Apartment,1,Freehold,10,Core Central Region,01 to 05
Q BAY RESIDENCES,"610,000",527.44,"1,157",Apr-21,TAMPINES STREET 86,Resale,Strata,49,"12,449",-,Condominium,1,99 yrs lease commencing from 2012,18,Outside Central Region,11 to 15
CASA MERAH,"1,380,000","1,216.33","1,135",Apr-21,TANAH MERAH KECHIL AVENUE,Resale,Strata,113,"12,212",-,Apartment,1,99 yrs lease commencing from 2006,16,Outside Central Region,01 to 05
THE SEAFRONT ON MEYER,"4,162,317","2,098.98","1,983",Apr-21,MEYER ROAD,Resale,Strata,195,"21,345",-,Condominium,1,Freehold,15,Rest of Central Region,16 to 20
HERITAGE VIEW,"1,383,000","1,162.51","1,190",Apr-21,DOVER RISE,Resale,Strata,108,"12,806",-,Condominium,1,99 yrs lease commencing from 1996,05,Rest of Central Region,16 to 20
THE BROOKS I,"803,000",570.49,"1,408",Apr-21,SPRINGSIDE WALK,Resale,Strata,53,"15,151",-,Apartment,1,Freehold,26,Outside Central Region,01 to 05
NORTHWOOD,"2,000,000","2,228.15",898,Apr-21,JALAN MATA AYER,Resale,Strata,207,"9,662",-,Condominium,1,Freehold,27,Outside Central Region,01 to 05
ESPIRA SPRING,"1,900,000","1,991.34",954,Apr-21,LORONG G TELOK KURAU,Resale,Strata,185,"10,270",-,Apartment,1,Freehold,15,Outside Central Region,01 to 05
CAIRNHILL ASTORIA,"2,650,000","1,410.08","1,879",Apr-21,CAIRNHILL RISE,Resale,Strata,131,"20,229",-,Apartment,1,Freehold,09,Core Central Region,01 to 05
ORCHARD SCOTTS,"3,430,000","2,228.15","1,539",Apr-21,ANTHONY ROAD,Resale,Strata,207,"16,570",-,Condominium,1,99 yrs lease commencing from 2001,09,Core Central Region,06 to 10
THE METROPOLITAN CONDOMINIUM,"2,680,000","1,733","1,546",Apr-21,ALEXANDRA VIEW,Resale,Strata,161,"16,646",-,Condominium,1,99 yrs lease commencing from 2006,03,Rest of Central Region,16 to 20
CITYLIGHTS,"1,015,000",678.13,"1,497",Apr-21,JELLICOE ROAD,Resale,Strata,63,"16,111",-,Condominium,1,99 yrs lease commencing from 2004,08,Rest of Central Region,06 to 10
THE CASCADIA,"2,180,000","1,184.04","1,841",Apr-21,BUKIT TIMAH ROAD,Resale,Strata,110,"19,818",-,Condominium,1,Freehold,21,Rest of Central Region,01 to 05
WATERFALL GARDENS,"3,950,000","2,195.86","1,799",Apr-21,FARRER ROAD,Resale,Strata,204,"19,363",-,Condominium,1,Freehold,10,Core Central Region,06 to 10
KAP RESIDENCES,"1,570,000",871.88,"1,801",Apr-21,KING ALBERT PARK,Resale,Strata,81,"19,383",-,Apartment,1,Freehold,21,Rest of Central Region,01 to 05
PARVIS,"4,050,000","2,012.87","2,012",Apr-21,HOLLAND HILL,Resale,Strata,187,"21,658",-,Condominium,1,Freehold,10,Core Central Region,01 to 05
THE INTERLACE,"1,770,000","1,259.39","1,405",Apr-21,DEPOT ROAD,Resale,Strata,117,"15,128",-,Condominium,1,99 yrs lease commencing from 2009,04,Rest of Central Region,06 to 10
THE PATERSON EDGE,"2,750,000","1,280.92","2,147",Apr-21,PATERSON ROAD,Resale,Strata,119,"23,109",-,Apartment,1,Freehold,09,Core Central Region,01 to 05
ISUITES @ PALM,"795,000",635.08,"1,252",Apr-21,GLASGOW ROAD,Resale,Strata,59,"13,475",-,Apartment,1,999 yrs lease commencing from 1878,19,Outside Central Region,01 to 05
ECO,"735,000",592.02,"1,242",Apr-21,BEDOK SOUTH AVENUE 3,Resale,Strata,55,"13,364",-,Condominium,1,99 yrs lease commencing from 2012,16,Outside Central Region,11 to 15
CLIFTEN,"1,900,000","1,065.64","1,783",Apr-21,EWE BOON ROAD,Resale,Strata,99,"19,192",-,Apartment,1,Freehold,10,Core Central Region,01 to 05
ILLUMINAIRE ON DEVONSHIRE,"1,550,000",721.19,"2,149",Apr-21,DEVONSHIRE ROAD,Resale,Strata,67,"23,134",-,Apartment,1,Freehold,09,Core Central Region,06 to 10
WATERTOWN,"1,128,000",807.3,"1,397",Apr-21,PUNGGOL CENTRAL,Resale,Strata,75,"15,040",-,Apartment,1,99 yrs lease commencing from 2011,19,Outside Central Region,11 to 15
DUET,"2,650,000","1,743.77","1,520",Apr-21,HOLLAND ROAD,Resale,Strata,162,"16,358",-,Condominium,1,Freehold,10,Core Central Region,06 to 10
BAYWATER,"1,330,000","1,302.44","1,021",Apr-21,BEDOK RESERVOIR ROAD,Resale,Strata,121,"10,992",-,Condominium,1,99 yrs lease commencing from 2001,16,Outside Central Region,11 to 15
ORCHARD TOWERS,"2,600,000","1,969.81","1,320",Apr-21,CLAYMORE DRIVE,Resale,Strata,183,"14,208",-,Apartment,1,Freehold,09,Core Central Region,16 to 20
RESIDENCES @ KILLINEY,"4,400,000","2,368.08","1,858",Apr-21,KILLINEY ROAD,Resale,Strata,220,"20,000",-,Apartment,1,Freehold,09,Core Central Region,01 to 05
MARINA ONE RESIDENCES,"2,200,000","1,011.82","2,174",Apr-21,MARINA WAY,Resale,Strata,94,"23,404",-,Apartment,1,99 yrs lease commencing from 2011,01,Core Central Region,06 to 10
D'ECOSIA,"1,950,000","1,603.84","1,216",Apr-21,STILL ROAD SOUTH,Resale,Strata,149,"13,087",-,Condominium,1,Freehold,15,Outside Central Region,01 to 05
THE BEVERLY,"2,670,000","1,915.99","1,394",Apr-21,TOH TUCK ROAD,Resale,Strata,178,"15,000",-,Apartment,1,Freehold,21,Rest of Central Region,01 to 05
V ON SHENTON,"1,330,000",688.9,"1,931",Apr-21,SHENTON WAY,Resale,Strata,64,"20,781",-,Apartment,1,99 yrs lease commencing from 2011,01,Core Central Region,31 to 35
THE VISION,"1,145,000",818.06,"1,400",Apr-21,WEST COAST CRESCENT,Resale,Strata,76,"15,066",-,Condominium,1,99 yrs lease commencing from 2008,05,Outside Central Region,26 to 30
COSTA DEL SOL,"1,650,000","1,227.1","1,345",Apr-21,BAYSHORE ROAD,Resale,Strata,114,"14,474",-,Condominium,1,99 yrs lease commencing from 1997,16,Outside Central Region,11 to 15
EASTWOOD GREEN,"1,185,000","1,302.44",910,Apr-21,EASTWOOD ROAD,Resale,Strata,121,"9,793",-,Condominium,1,99 yrs lease commencing from 1995,16,Outside Central Region,01 to 05
REFLECTIONS AT KEPPEL BAY,"3,250,000","1,905.23","1,706",Apr-21,KEPPEL BAY VIEW,Resale,Strata,177,"18,362",-,Condominium,1,99 yrs lease commencing from 2006,04,Rest of Central Region,01 to 05
AMARYLLIS VILLE,"992,000",656.6,"1,511",Apr-21,NEWTON ROAD,Resale,Strata,61,"16,262",-,Condominium,1,99 yrs lease commencing from 1997,11,Core Central Region,21 to 25
BARTLEY RIDGE,"1,125,000",828.83,"1,357",Apr-21,MOUNT VERNON ROAD,Resale,Strata,77,"14,610",-,Condominium,1,99 yrs lease commencing from 2012,13,Rest of Central Region,01 to 05
RIVER ISLES,"915,000",893.41,"1,024",Apr-21,EDGEDALE PLAINS,Resale,Strata,83,"11,024",-,Condominium,1,99 yrs lease commencing from 2012,19,Outside Central Region,01 to 05
LAKEHOLMZ,"1,880,000","2,142.04",878,Apr-21,CORPORATION ROAD,Resale,Strata,199,"9,447",-,Condominium,1,99 yrs lease commencing from 2001,22,Outside Central Region,16 to 20
FORESQUE RESIDENCES,"1,500,000","1,280.92","1,171",Apr-21,PETIR ROAD,Resale,Strata,119,"12,605",-,Condominium,1,99 yrs lease commencing from 2011,23,Outside Central Region,11 to 15
PEBBLE BAY,"2,470,000","1,894.46","1,304",Apr-21,TANJONG RHU ROAD,Resale,Strata,176,"14,034",-,Condominium,1,99 yrs lease commencing from 1994,15,Rest of Central Region,01 to 05
QUEENS,"1,480,000","1,184.04","1,250",Apr-21,STIRLING ROAD,Resale,Strata,110,"13,455",-,Condominium,1,99 yrs lease commencing from 1998,03,Rest of Central Region,06 to 10
WOODSVILLE 28,"1,240,000",904.18,"1,371",Apr-21,WOODSVILLE CLOSE,Resale,Strata,84,"14,762",-,Apartment,1,99 yrs lease commencing from 2007,13,Rest of Central Region,11 to 15
BOTANNIA,"2,088,000","1,593.07","1,311",Apr-21,WEST COAST PARK,Resale,Strata,148,"14,108",-,Condominium,1,956 yrs lease commencing from 1928,05,Outside Central Region,01 to 05
TRIBECA,"3,040,000","1,367.03","2,224",Apr-21,KIM SENG ROAD,Resale,Strata,127,"23,937",-,Condominium,1,Freehold,09,Core Central Region,11 to 15
THE SAIL @ MARINA BAY,"2,000,000",882.65,"2,266",Apr-21,MARINA BOULEVARD,Resale,Strata,82,"24,390",-,Apartment,1,99 yrs lease commencing from 2002,01,Core Central Region,61 to 65
CARIBBEAN AT KEPPEL BAY,"2,750,000","2,583.36","1,065",Apr-21,KEPPEL BAY DRIVE,Resale,Strata,240,"11,458",-,Condominium,1,99 yrs lease commencing from 1999,04,Rest of Central Region,06 to 10
GRANGE RESIDENCES,"6,180,000","2,486.48","2,485",Apr-21,GRANGE ROAD,Resale,Strata,231,"26,753",-,Condominium,1,Freehold,10,Core Central Region,01 to 05
DUCHESS RESIDENCES,"3,020,000","1,603.84","1,883",Apr-21,DUCHESS AVENUE,Resale,Strata,149,"20,268",-,Condominium,1,999 yrs lease commencing from 1875,10,Core Central Region,01 to 05
HARBOUR VIEW TOWERS,"1,128,000",796.54,"1,416",Apr-21,TELOK BLANGAH DRIVE,Resale,Strata,74,"15,243",-,Condominium,1,99 yrs lease commencing from 1990,04,Rest of Central Region,16 to 20
THE BAYSHORE,"948,000","1,001.05",947,Apr-21,BAYSHORE ROAD,Resale,Strata,93,"10,194",-,Condominium,1,99 yrs lease commencing from 1993,16,Outside Central Region,16 to 20
SKY HABITAT,"1,865,000","1,216.33","1,533",Apr-21,BISHAN STREET 15,Resale,Strata,113,"16,504",-,Condominium,1,99 yrs lease commencing from 2011,20,Rest of Central Region,06 to 10
THE BROOKS II,"786,060",570.49,"1,378",Apr-21,SPRINGSIDE GREEN,Resale,Strata,53,"14,831",-,Apartment,1,Freehold,26,Outside Central Region,01 to 05
FOREST HILLS CONDOMINIUM,"820,000","1,044.11",785,Apr-21,TRANSIT ROAD,Resale,Strata,97,"8,454",-,Condominium,1,99 yrs lease commencing from 2000,26,Outside Central Region,01 to 05
RIPPLE BAY,"808,000",764.24,"1,057",Apr-21,PASIR RIS LINK,Resale,Strata,71,"11,380",-,Condominium,1,99 yrs lease commencing from 2011,18,Outside Central Region,06 to 10
BLISS@KOVAN,"1,355,000",925.7,"1,464",Apr-21,SIMON LANE,Resale,Strata,86,"15,756",-,Condominium,1,Freehold,19,Outside Central Region,01 to 05
AMARYLLIS VILLE,"1,620,000",979.52,"1,654",Apr-21,NEWTON ROAD,Resale,Strata,91,"17,802",-,Condominium,1,99 yrs lease commencing from 1997,11,Core Central Region,11 to 15
ORCHID PARK CONDOMINIUM,"700,000",871.88,803,Apr-21,YISHUN STREET 81,Resale,Strata,81,"8,642",-,Condominium,1,99 yrs lease commencing from 1991,27,Outside Central Region,06 to 10
SOUTHBANK,"1,460,000",958,"1,524",Apr-21,NORTH BRIDGE ROAD,Resale,Strata,89,"16,404",-,Apartment,1,99 yrs lease commencing from 2006,07,Rest of Central Region,21 to 25
L'VIV,"1,980,000",990.29,"1,999",Apr-21,NEWTON ROAD,Resale,Strata,92,"21,522",-,Apartment,1,Freehold,11,Core Central Region,21 to 25
HIGH PARK RESIDENCES,"1,525,000","1,237.86","1,232",Apr-21,FERNVALE ROAD,Resale,Strata,115,"13,261",-,Apartment,1,99 yrs lease commencing from 2014,28,Outside Central Region,11 to 15
HILLCREST ARCADIA,"780,000",699.66,"1,115",Apr-21,ARCADIA ROAD,Resale,Strata,65,"12,000",-,Condominium,1,99 yrs lease commencing from 1975,11,Core Central Region,01 to 05
CENTRAL GROVE,"1,290,000","1,173.28","1,099",Apr-21,GEYLANG EAST AVENUE 1,Resale,Strata,109,"11,835",-,Condominium,1,99 yrs lease commencing from 1997,14,Rest of Central Region,16 to 20
MIRO,"2,100,000","1,420.85","1,478",Apr-21,LINCOLN ROAD,Resale,Strata,132,"15,909",-,Apartment,1,Freehold,11,Core Central Region,16 to 20
GARDEN PARK RESIDENCES,"1,000,000",721.19,"1,387",Apr-21,LORONG M TELOK KURAU,Resale,Strata,67,"14,925",-,Apartment,1,Freehold,15,Outside Central Region,01 to 05
AMARYLLIS VILLE,"2,110,000","1,259.39","1,675",Apr-21,NEWTON ROAD,Resale,Strata,117,"18,034",-,Condominium,1,99 yrs lease commencing from 1997,11,Core Central Region,11 to 15
BELLE VUE RESIDENCES,"3,950,000","1,937.52","2,039",Apr-21,OXLEY WALK,Resale,Strata,180,"21,944",-,Condominium,1,Freehold,09,Core Central Region,01 to 05
THE COURTYARD,"1,225,000","1,076.4","1,138",Apr-21,LIM AH PIN ROAD,Resale,Strata,100,"12,250",-,Apartment,1,Freehold,19,Outside Central Region,01 to 05
BALMORAL HILLS,"2,750,000","1,388.56","1,980",Apr-21,BALMORAL PARK,Resale,Strata,129,"21,318",-,Condominium,1,Freehold,10,Core Central Region,06 to 10
PALM ISLES,"1,300,000","1,323.97",982,Apr-21,FLORA DRIVE,Resale,Strata,123,"10,569",-,Condominium,1,99 yrs lease commencing from 2011,17,Outside Central Region,01 to 05
BOTANNIA,"1,696,000","1,313.21","1,291",Apr-21,WEST COAST PARK,Resale,Strata,122,"13,902",-,Condominium,1,956 yrs lease commencing from 1928,05,Outside Central Region,06 to 10
TROPIKA EAST,"1,670,000","1,474.67","1,132",Apr-21,FOO KIM LIN ROAD,Resale,Strata,137,"12,190",-,Condominium,1,Freehold,14,Outside Central Region,01 to 05
OCEAN PARK,"3,200,000","2,109.74","1,517",Apr-21,EAST COAST ROAD,Resale,Strata,196,"16,327",-,Condominium,1,Freehold,15,Outside Central Region,11 to 15
